survival,"n. 生存, 残存, 幸存者
a. 赖以生存的"
tip,"n. 顶, 尖端, 梢, 末端, 倾斜, 垃圾场, 小费, 轻击, 指点, 秘密消息
vt. 装顶端, 使倾斜, 使翻倒, 泄露, 告诫, 暗示, 给...小费, 轻击
vi. 倾斜, 翻倒, 倾覆, 踮脚走, 给小费
[计] 终端接口处理器, 提示, 技巧"
success,[网络] 越走越近
achieve,"vt. 完成, 达到
vi. 如愿以偿"
knowledge,[网络] 知识；英语知识；识记
education,[网络] 教育体验
seriously,"adv. 严肃地, 认真地, 严重地"
successful,"a. 成功的, 一帆风顺的, 顺利的
[经] 成功的"
whatever,"adj. 不管什么样的
pron. 无论什么；诸如此类
conj. 无论什么"
attack,"n. 攻击；抨击；疾病发作
vt. 攻击；抨击；动手干
vi. 攻击；腐蚀
n. (Attack)人名；(瑞典)阿塔克"
professor,n. 教授
advantage,"n. 优势；利益；有利条件
vi. 获利
vt. 有利于；使处于优势"
resource,"n. 资源, 财力, 办法, 策略, 急智, 消遣
[计] 资源"
helpful,"a. 有帮助的, 有益的, 有用的"
regular,"a. 规则的, 常例的, 有秩序的, 整齐的, 等边的, 定期的, 经常的, 合格的, 常备军的
n. 正规军, 正式队员
adv. 经常地
n. 正常体
[计] 正常体"
public,"n. 公众, 民众
a. 公众的, 公共的, 公立的, 公用的"
failure,[化] 事故; 失效
excel,"vt. 胜过, 优于, 擅长
vi. 胜过其他"
information,[网络] 形成中；永远都在队伍中；信息
likely,"a. 有可能的, 合适的, 前途有望的
adv. 或许, 可能"
nap,"n. 小睡，打盹儿；细毛；孤注一掷
vt. 使拉毛
vi. 小睡；疏忽
n. (Nap)人名；(朝、越)纳"
couple,"n. 对, 夫妇, 数个
vt. 使成双, 连接, 使成婚, 把...联系起来
vi. 结合, 成婚"
expect,"vt. 预期, 盼望, 期待"
stress,"suf. [用于表示阴性] =-ster:seamstress,songstress"
reduction,"n. 减少, 缩影, 变化
[化] 还原"
organize,"vt. 组织, 有机化, 给予生机
vi. 组织起来"
treat,"n. 宴请, 款待
vt. 视为, 对待, 论述, 治疗, 款待
vi. 讨论, 谈判, 作东"
sleepy,"a. 困乏的, 欲睡的"
excess,"n. 过度, 剩于, 超过, 超额
a. 过量的, 额外的"
caffeine,咖啡因；咖啡硷
junk food,"n. 垃圾食品, 无营养食品"
extra,"n. 额外的事物, 另外的收费
a. 额外的, 特别的
adv. 额外地, 特别地, 非常地"
minute,"n. 分，分钟；片刻，一会儿；备忘录，笔记；会议记录
vt. 将…记录下来
adj. 微小的，详细的"
allow,"vt. 允许, 同意给予, 承认
vi. 容许, 猜想
[计] 允许命令"
brain,"n. 脑
vt. 打碎脑部"
afterwards,adv. 后来；然后
reduce,"vt. 减少, 分解, 降低, 使衰退, 把...分解, 把...归纳
vi. 减少, 减肥, 缩小
[计] 缩小"
club,"n. 俱乐部, 木棍, 球棒
vt. 用棍棒打, 缴纳
vi. 联合起来
a. 俱乐部的"
environment,"n. 环境, 外界, 围绕
[计] 环境"
nervous,adj. 神经的；紧张不安的；强健有力的
campus,"n. 校园, 大学生活"
experience,"n. 经历, 经验, 体验
vt. 经历, 经验, 体验"
introduce,"vt. 介绍, 引入, 采用, 输入
[法] 引进, 输入, 介绍"
responsible,"a. 有责任的, 负责的, 责任重大的
[法] 应负责任的, 有责任的, 能履行责任的"
action,"n. 行动, 活动, 动作, 作用, 战斗, 行为, 诉讼
vt. 对...起诉
[计] 方式"
take advantage of,"v. 利用
 欺骗, 占…的便宜"
be hard on,"对…来说很艰苦,对…很严酷"
move on,继续前进
lead to,"导致, 通向"
put off,"na. 延期；辩解
[网络] 推迟；拖延；推延"
get away with,na. 拿走；避开责备[惩罚]；〈俚〉卷(款)潜逃；吃掉，喝掉
fall behind,"落在后面, 拖欠"
catch up,"na. 与…并驾齐驱 (to with)；扰乱(说话人)
[网络] 赶上；追上；跟上"
cross off, 划掉
be open to,"对...开放, 愿接受...的"
here and there,"各处, 到处, 四处"
neatly,"adv. 整洁地, 干净地, 匀称地"
pack,comb.form 表示“(瓶、罐头等)一箱”
neighborhood,n. 附近；街坊；接近
neighbourhood,[地理] 邻里
realize,"vt. 了解, 实现, 使显得逼真, 变卖
vi. 变卖"
guidance,"n. 指导, 领导
[医] 导"
comfort,"n. 舒适, 安慰, 安慰者
vt. 安慰"
touch,"n. 触觉, 碰, 触, 机灵, 轻触, 格调, 少许, 缺点, 弹力
vt. 接触, 触摸, 触及, 使接触, 达到, 涉及, 影响到, 使轻度受害, 感动
vi. 触摸, 接近, 涉及, 提到"
notice,"n. 注意, 布告, 通知, 预告, 短评
vt. 注意, 通知, 评论, 提及, 关注
vi. 注意"
hometown,"故乡,家乡,祖国"
secondly,"adv. 第二, 其次"
independent,"adj. 独立的；自主的；自治的；不相干的人所做的（或提供的）
n. 无党派议员（或候选人等）
[网络] 有主见的；独立报；独立自主的"
wherever,adv. 无论哪里
comfortable,[网络] 舒适
surrounding,"n. 环境
a. 周围的"
lastly,"adv. 最后, 终于"
social,"a. 社会的, 群居的, 社交的
n. 联欢会"
used to,"过去经常(做)..., 过去有规律地发生"
for instance,"例如
[法] 例如"
care for,"喜欢, 照顾, 为...操心, 尊重"
keep in touch with,与...保持联络
far away, 遥远; 迢迢; 远离; 迥
as if,"na. 彷佛；活像
[网络] 好像；仿佛；似乎"
now that,"既然..., 由于..."
who knows,"na. 怎么知道呢?
[网络] 天晓得；谁知道；谁知道呢"
author,"n. 作家, 作家的著作, 创始人
[法] 作者, 著作人, 本人"
unknown,[网络] 未知的；不明身份
prematurely,"adv. 过早地, 贸然地"
doubtful,"a. 可疑的, 疑心的, 不明确的
[法] 怀疑的, 有疑问的, 未确的"
double pneumonia,[医] 双侧肺炎
scarlet fever,[医] 猩红热
paralyze,"vt. 使瘫痪, 使麻痹
[医] 使麻痹, 使瘫痪"
paralyse,"vt. 使麻痹, 使瘫痪, 使无力, 使气馁, 终止
[医] 使麻痹, 使瘫痪"
useless,"a. 无用的, 无效的, 无益的
[机] 无用, 无价值, 无效"
iron,[网络] 铁；铁含量
brace,"n. 支柱, 曲柄, 支撑, 一对
vt. 紧缚, 支撑, 激励
vi. 打起精神
[计] 花括号"
fortunate,"a. 幸运的, 幸福的"
encourage,"vt. 鼓励, 支持, 激励
[法] 怂恿, 煽动, 助长"
despite,"n. 轻视, 憎恨
prep. 虽然, 尽管"
faith,"n. 信心, 信任, 忠实, 保证
[法] 信任, 信仰, 信念"
persistence,"n. 固执, 坚持不懈, 持续(性), 存留(状态)
[电] 持久"
courage,"n. 勇气, 胆量"
indomitable,"a. 不屈服的, 不屈不挠的"
spirit,"n. 精神, 心灵, 灵魂, 态度, 志气, 人格, 情绪, 心情, 烈酒
vt. 诱拐, 鼓励, 鼓舞"
remove,"vt. 移动, 调动, 除去, 迁移, 开除, 移交
vi. 迁移, 移动, 搬家
n. 班级, 升级, 移动, 搬家, 间距
[计] 删除"
normal,"n. 常态, 标准, 正常, 普通
a. 正常的, 正规的, 标准的, 师范的, 正态的
[计] 标准, 普通"
develop,"vt. 发展, 使发达, 进步, 洗印, 显影
vi. 发展, 生长"
rhythmic,"a. 有韵律的, 有节奏的"
stride,"n. 大步, 步幅, 步态, 进步
v. 迈大步走, 跨过, 跨"
medical,abbr. Medical Aid of California 加里弗尼亚医疗援助
wonder,"n. 惊奇；奇迹；惊愕
vi. 怀疑；想知道；惊讶
vt. 怀疑；惊奇；对…感到惊讶
adj. 奇妙的；非凡的
n. (Wonder)人名；(英)旺德"
incredible,a. 难以置信的
runner,"n. 跑步者, 赛跑者, 送信人, 走私船, 操作者, 滑槽
[化] 碾碎机; 压碎机"
enter,"vt. 进入, 参加, 开始, 输入, 回车
vi. 进去, 参加
[计] 输入, 回车"
race,"n. 种族, 人种, 赛跑, 比赛, 急流, 人类, 同道, 姜根
vi. 赛跑, 竞赛, 疾走
vt. 与...赛跑, 使疾走, 使猛转
[计] 竞争; 追赶; 欧州高级通信研究开发计划"
beg,"v. 乞求, 乞讨, 请求"
quit,"vi. 离开, 辞职, 停止
vt. 离开, 放弃, 使解除, 停止
n. 离开
[计] 结束, 退出"
however,[网络] 还是算了吧
university,[网络] 大学
coach,"n. 四轮大马车, 教练
vt. 训练, 指导
vi. 坐马车旅行, 作指导"
compete,"vi. 竞争, 对抗"
German,"n. 德国人, 德语
a. 德国的, 德国人的, 德国语的, 同父母的"
metre,[网络] -仪表
meter, [医]〔后缀〕意为：测量用的计、表、量器
dash,"n. 冲撞, 破折号, 短跑
vi. 猛冲, 冲撞
vt. 泼溅, 使猛撞, 搀和, 使破灭, 使沮丧"
relay,"v. 再铺设, 再安置"
perfect,"adj. 完美的；最好的；精通的
vt. 使完美；使熟练
n. 完成式
n. (Perfect)人名；(英)珀费克特"
hand-off,无
baton,"n. 指挥棒；接力棒；警棍；司令棒
n. (Baton)人名；(法)巴东；(阿尔巴)巴唐"
excited,"a. 兴奋的, 已励磁的, 已激发的, 激昂的, 激动的"
track,"n. 轨迹, 足迹, 径迹, 小道, 轨道, 磁轨, 途径
vt. 循路而行, 追踪, 通过, 用纤拉
vi. 追踪, 留下足迹, 沿轨道运行
[计] 跟踪"
impossible,"a. 不可能的, 难以置信的, 令人无法忍受的"
earn,"vt. 赚得, 获得, 博得
[计] 欧州科学研究网"
medal,"n. 奖牌, 勋章
vt. 授勋予"
come in,"进来, 到达, 流行起来, 当选, 到手
[建] 利润"
next to last,倒数第二
from then on,从那时起
one day,有一天
of the day,当时的
take off,"v. (飞机)起飞；出去；拿掉；移送
[网络] 脱下；脱掉；脱去"
make history,做出永垂史册的事情
unusual,"a. 不寻常的, 罕见的, 与众不同的"
suffer,"vt. 遭受, 经历, 忍受
vi. 受痛苦, 受损害"
cerebral palsy,[医] 大脑性麻痹
condition,[网络] 要件；经营环境；条件
muscle,"n. 肌肉, 臂力
[医] 肌"
stiff,"a. 坚硬的, 严厉的, 呆板的, 生硬的, 刚强的, 强烈的, 粘的, 稠的, 艰难的
n. 死尸, 醉鬼, 钞票
vt. 不肯付...小费"
reflect,"vt. 反射, 反映, 招致, 深思
vi. 被反射, 映出, 深思, 考虑, 指责"
personality,"n. 个性, 人格, (团体、地方、国家)特有特性, 名人
[医] 人格; 个性"
kid,[网络] 基德
walker,"n. 徒步者, 轻便鞋
[法] 山林巡视官"
approach,"n. 接近, 入门
vt. 接近, 近似, 找...商量
vi. 靠近"
assignment,"n. 分配, 功课, 任务, 转让, 归因, 陈述
[计] 赋值"
stanza,"n. 演出期, (体育比赛的)局"
memorize,"vt. 记住, 熟记, 背熟"
memorise,"vt. 记住, 熟记, 记录, 存储"
poem,"n. 诗, 诗般美的事物"
worth,"adj. 值…的
n. 价值；财产
n. (Worth)人名；(英)沃思；(德)沃特"
figure,"n. 数字；人物；图形；价格；（人的）体形；画像
vi. 计算；出现；扮演角色
vt. 计算；认为；描绘；象征"
anyway,无论如何
assign,"vt. 分配, 指派, 赋值
[计] 赋值"
probably,"adv. 大概, 或许"
blow,[网络] 打击
teenager,n. 十几岁的青少年；十三岁到十九岁的少年
due,"n. 应得的东西, 应付款
a. 到期的, 应得的, 应付的, 约定的"
roster,n. 花名册
expectation,"n. 期待, 指望, 展望
[化] 期望值"
recite,"v. 背诵, 朗读, 叙述"
standard,"n. 标准, 规格, 旗, 军旗, 本位
a. 标准的, 合规格的
[计] 标准"
frustration,n. 挫折
proclaim,"vt. 宣布, 公告, 宣言, 表明, 赞扬
[法] 宣布, 宣告, 公布"
push-up,无
discipline,"n. 训练, 纪律
vt. 训练, 惩罚"
technique,"n. 技巧, 技术, 方法
[化] 工艺方法; 技巧"
physical,"a. 身体的, 物质的, 自然的, 物理学的, 好色的
n. 体格检查"
strain,"n. 紧张, 拉紧, 张力, 过劳, 扭伤, 血缘, 种, 族, 气质, 曲调, 旋律, 口吻
vt. 使劳累, 拉紧, 过分使用, 扭伤, 滥用, 曲解, 滤
vi. 尽力, 努力, 紧拉, 弯曲, 被滤出"
horrify,"vt. 使恐惧, 使震惊"
crawl,"n. 爬行, 匍匐而行, 养鱼池
v. 爬行"
continue,"vi. 继续, 延续, 延长
vt. 使继续, 使延长"
handful,"n. 少数, 一把, 棘手事"
guy,"n. 家伙, 支索
vt. 用支索撑住, 取笑, 嘲弄
vi. 逃跑"
respect,[网络] 尊重
except that,[计] 除外
suffer from,"忍受, 遭受
[法] 患...病, 苦于, 因...损害"
break the ice,打破沉默
blow off,"吹掉, 放出"
think to oneself,自忖
come due,(票据)到期，期满(应偿付、付给、举行等)，支付日期到了
physical education,[医] 体育
make it,"及时抵达, 做成"
speak up,"更大声地说, 大胆说出, 无保留地说出"
a whole lot,[网络] 很多；非常；大批的
madness,"n. 疯狂, 愚蠢的行为
[医] 狂, 疯狂"
search,"n. 搜寻, 查究
v. 搜寻, 搜查, 探求, 调查, 搜索
[计] 搜索, 路径检索程序"
nearly,"adv. 几乎, 密切地"
ocean,"n. 海洋, 广阔, 许多, 一大片
[法] 海洋, 海"
Portuguese,"n. 葡萄牙人, 葡萄牙语
a. 葡萄牙的, 葡萄牙人的, 葡萄牙语的"
sailor,"n. 水手, 船员, 海员
[法] 水手, 船员, 海员"
passage,"n. 一段（文章）；走廊；通路
n. (Passage)人名；(英)帕西奇；(法)帕萨热"
shorten,"vt. 弄短, 缩短, 减少
vi. 缩小, 变短"
journey,"n. 旅程, 旅行, 行程
vi. 旅行
vt. 游历"
spice,"n. 香料, 药料, 香气, 调味品, 情趣, 少许
vt. 加香料, 使添趣味"
European,"n. 欧洲人
a. 欧洲的, 欧洲人的"
trader,"n. 商人, 商船
[经] 交易者, 商船"
crew,"n. 全体人员, 一群人, 全体队员
crow的过去式"
trade,"n. 贸易, 商业, 交易, 生意, 职业, 顾客, 信风
vi. 进行交易, 做买卖, 经商, 对换, 购物
vt. 用...进行交换"
cinnamon,"n. 肉桂, 肉桂树皮, 肉桂色
a. 肉桂色的, 浅黄褐色的"
clove,"n. 丁香
cleave的过去式"
exist,"vi. 存在, 生存, 发生"
GPS,"abbr. (=gauge pressure)【物】表压
[网络] 全球卫星定位系统；卫星定位仪；全球卫星导航仪"
device,"n. 装置, 设计, 策略, 发明物, 设备
[计] 设备; DOS内部命令:该命令要求DOS安装一个设备驱动程序"
candle,"n. 蜡烛
vt. 对着光检查"
lantern,"n. 灯笼, 提灯, 航标灯
vt. 装上提灯"
source,"n. 来源, 水源, 根源, 原始资料, 源
[计] 来源, 源程序"
power,"n. 力, 体力, 力量, 势力, 动力, 权力, 强国, 乘方, 强度, 幂, 功率
vt. 使...有力量, 供以动力, 激励
[计] 乘幂; DOS外部命令:能控制许多电池电源计算机上的电源管理特性"
row,"n. 行，排；划船；街道；吵闹
vt. 划船；使……成排
vi. 划船；争吵
n. (Row)人名；(英)罗"
communicate,"vt. 显露, 传达, 感染
vi. 通讯"
torchlight, 火炬
accurate,"a. 正确的, 精确的
[经] 准确的, 精确的"
refrigeration,"n. 冷却, 冷藏, 冷冻
[计] 致冷"
spoil,"n. 战利品, 赃物, 奖品, 变质, 次品
vt. 损坏, 破坏, 溺爱
vi. 腐坏, 掠夺"
coast,"n. 海岸, 滑坡
v. 沿海岸而行"
safety,"n. 安全, 保险, 平安, 保安设备
vt. 保护, 防护"
weep,"n. 哭, 哭泣
vi. 哭泣, 流泪, 哀悼, 滴落
vt. 哭着使..., 悲叹, 滴下"
sight,"n. 景观, 视力, 眼界, 阅读, 见解, 意见
vt. 看见, 瞄准
vi. 瞄准, 观看
a. 即席的, 见票即付的"
calm,"n. 平稳, 风平浪静
a. 平静的, 冷静的
vi. 平静下来, 镇静
vt. 使平静"
peaceful,"a. 平静的, 和平的, 和平时期的, 爱好和平的, 喜爱安静的
[法] 和平的, 爱好和平的, 和平时期的"
steer,"vt. 引导, 驾驶, 航行, 控制
vi. 驾驶, 掌舵, 行驶
n. 驾驶指示, 劝告"
drift,"n. 漂流物, 漂流, 动向
v. (使)漂流"
heat,"n. 热, 热度, 体温, 高潮
vi. 加热, 激昂, 加剧
vt. 把...加热, 使激动"
rat,[网络] 抽油杆和油管；冲压空气涡轮；大老鼠
anchor,"n. 锚
vt. 抛锚停泊, 使固定
[计] 锚"
destination,"n. 目的地, 目标, 目的
[计] 目的文件, 目的单元"
battle,"n. 战役
v. 战斗"
sink,"n. 藏垢的场所, 沟渠, 污水槽
vi. 下沉, 沉没, 下陷, 减弱, 衰退, 消沉, 堕落, 渗透
vt. 使低落, 使下沉, 陷于, 投入(资金等), 挖掘"
remain,"vi. 保持, 逗留, 剩余
[法] 停留, 居住, 继续"
survive,"vt. 比...活得长, 生存, 生还, 幸免于
vi. 活下来, 幸存"
celebrate,"v. 庆祝, 祝贺, 举行"
voyage,"n. 航行, 航海, 航程, 旅行, 航空
vi. 航海, 航行
vt. 航行越过, 飞过"
prove,"vt. 证明, 查验, 检验, 勘探, 显示
vi. 证明是"
remarkable,"a. 不平常的, 值得注意的, 显著的"
set out,"n. 开始；出发；动身；准备
[网络] 陈列；着手；陈述"
except for,"除...以外
[经] 除...外"
once more,再一次
go bad, 变质; 坏
fall ill,得病
all the way,"从远道, 自始至终, 一路上"
Internet,[网络] 互联网；因特网；网际网路
e-mail,无
connect,"v. 连接, 联合, 联系"
distant,"a. 远的, 疏远的
[经] 远期的"
imagine,"vt. 想像, 设想, 猜测
vi. 想像起来"
communication,"n. 交流, 交通, 通讯
[计] 通信"
traveler,"n. 旅行者, 游客, 旅客, 旅行推销员, 活动起重架, 行车, 临时记帐单"
traveller,动式起重机，(自动弧焊机)行走机构
merchant,"n. 商人, 店主
a. 商业的, 商人的"
desert,"n. 沙漠, 应得的赏罚, 功劳
a. 沙漠的, 不毛的
vt. 放弃, 遗弃, 擅离
vi. 逃掉"
intelligent,"a. 聪明的, 智能的, 了解的"
observer,"n. 观察者, 遵守者, 观察员
[法] 观察者, 观察员, 监场员"
loaf,"n. 一条面包, 块, 游荡
v. 游手好闲, 虚度光阴"
crocodile,n. 鳄鱼
gunpowder,火药
common,[网络] 共阴极；共阳极
amaze,vt. 使吃惊
relative,"n. 亲戚, 关系词
a. 有关系的, 相对的, 比较的"
recognize,[网络] 重新认知；认清
wealth,"n. 财富, 资源, 财产, 丰富, 富裕, 大量
[经] 财富"
description,[网络] 描写；摹状词
describe,"vt. 描述, 描绘, 画"
known as," 被称为, 公认为"
be known as,被认为是
on one's way,"un. 无法；在路上；快要出头了
[网络] 在途中；在去……的路上；在……的路上"
billion,"num. 十亿, 十亿个"
difference,[网络] 差异性；差异化
pronounce,"v. 发音, 宣告, 断言"
natural,"n. 白痴
a. 自然的, 自然界的, 本能的, 天然的, 物质的, 正常的, 原始的, 自然数的"
avoid,"vt. 避免, 防止, 撤消
[法] 避免, 回避, 躲开"
access,"n. 通路, 入口, 接近, 进入, 使用权, 发作
vt. 访问, 存取, 接近, 使用
[计] 访问, 存取"
web,[网络] 蜘蛛网；换为
huge,"a. 极大的, 巨大的, 无限的"
amount,"n. 总数, 总额
vi. 总计, 等同"
chat,"n. 闲谈
vi. 闲谈, 聊天"
service,"n. 服务, 服侍；服役；仪式
a. 服务性的；耐用的；服现役的
vt. 维修, 检修；保养
n. (Service)人名；(英)瑟维斯"
international,[网络] 国际；交往；国际化
broadcast,[机] 撒施
broadcast,[机] 撒施
broadcasted,broadcast的过去式和过去分词
include,"vt. 包括, 把...算入, 包住
[计] DOS内部命令:在CONFIG.SYS文件的一个配置块中包含另一配置块的内容"
network,[机] 净功
likewise,"adv. 同样地, 也"
scientific,"a. 科学的, 系统的, 符合科学规律的
[计] 科学记数法"
journal,"n. 日记, 杂志, 日报
[化] 轴颈"
therefore,adv. 因此；所以
current,"n. 涌流, 趋势, 流
a. 流通的, 现在的, 当前的, 流行的
[计] 当前的"
vital,"a. 生命的, 重要的, 充满活力的, 生死攸关的, 致命的
[医] 生命的, 生活的, 生活上必需的, 紧要的"
career,"n. 事业, 生涯, 成功
[法] 职业, 专业, 履历"
advance,"n. 前进, 进展, 行过的路程
vi. 前进, 进展, 提高, 上涨
vt. 使前进, 促进, 提出, 提高, 使提前, 预付
a. 前面的, 预先的"
business,[网络] 商务层；企业；商务服务业
neutral,"adj. 中立的，中性的；中立国的；非彩色的
n. 中立国；中立者；非彩色；齿轮的空档"
various,"a. 不同的, 各种的, 多方面的, 许多的, 个别的, 杂色的
[法] 不同的, 种种的, 各式各样的"
engineer,"n. 工程师, 工兵
vt. 设计, 监造, 精明地处理, 策划"
technical,"a. 技术上的, 专门的, 工业的, 严格根据法律的
[化] 技巧"
expert,"n. 专家, 行家
a. 老练的, 内行的, 专门的
[计] 高级"
technician,"n. 技师
[化] 技师"
company,[网络] 同伴；公司；公司化
exciting,"a. 令人兴奋的, 刺激的
[电] 激磁"
entertainment,"n. 娱乐, 款待, 娱乐表演"
translate,[网络] 翻译
magazine,"n. 杂志, 仓库, 弹盒, 胶卷盒
[计] 卡片箱, 介质装卸程序"
national,"a. 国家的, 国立的, 全国性的, 民族的
[经] 全国性的, 国家的, 国民的"
geographic,"a. 地理(学)的, 地区(性)的"
original,"a. 最初的, 原始的, 有创意的
n. 原物, 原作"
favorite,"n. 喜欢的事物, 幸运儿
a. 特别受喜爱的, 喜爱的, 宠爱的, 中意的"
favourite,"n. 喜欢的事物
a. 喜爱的, 宠爱的"
ability,"suf. [用于构成名词, 意义相当于-able]表示“能力”, “可能性”, “倾向性”, “适宜性”"
Why not?,无
in order to do sth.,无
open the door to sth.,[网络] 打开门
leap,"n. 跳跃, 剧增, 急变, 被越过之物
vi. 跳跃, 突然经过
vt. 跃过, 使跃过"
modern,"n. 现代人, 有思想的人
a. 现代的, 时髦的"
librarian,"n. 图书馆员, 图书管理员
[计] 程序库管理程序; 程序库生成程序"
seasoned,"a. 经验丰富的, 老练的"
adult,"n. 成人, 成虫
a. 成年的, 成熟的"
bazaar,n. (东方国家的)市场，集市，街市；(尤指出售花哨小玩艺儿、华丽衣物等的)百货商店，杂货铺；市场[亦作 bazar]；(通常为俱乐部、教堂等筹款的)义卖；义卖市场；义卖展销
roar,"n. 吼, 咆哮, 轰鸣
vi. 吼, 大声说出, 叫喊, 喧闹
vt. 呼喊, 使轰鸣"
silence,[网络] 汪苏泷
instantly,"adv. 立即地, 即刻地"
giggle,"v. 吃吃地笑, 咯咯地笑
n. 咯咯笑, 傻笑"
regretfully,"adv. 懊悔地, 抱歉地"
typical,"a. 典型的, 象征性的
[医] 典型的"
unsure,"a. 不肯定的, 不确定的, 没有自信的"
graduation,"n. 毕业, 得学位, 分划, 刻度, 分等级
[医] 刻度, 分度, 毕业"
scary,"a. 容易受惊的, 胆小的, 提心吊胆的"
artist,"n. 艺术家, 画家"
nod,"n. 点头, 打盹, 晃动
vi. 点头, 打盹
vt. 点头表示, 点(头)"
occur,"vi. 发生, 被想到, 存在"
mountainous,"a. 多山的, 如山的, 巨大的"
area,"n. 区域, 面积, 范围, 空地
[计] 区域"
grader,"n. 分级机；分类机；（美）（中小学的）…年级学生
n. (Grader)人名；(英)格雷德尔"
recently,adv. 最近
disappointment,n. 失望；沮丧
exchange,"n. 交换, (电话)交换局, 交换机, 汇兑, 交易所
v. 交换, 交易, 兑换
[计] 交换; 电话局"
textbook,课本
vertically,adv. 垂直地
applaud,"v. 拍手喝彩, 称赞, 赞同"
stumble,"n. 绊倒, 蹒跚而行, 失足
vt. 使绊倒, 使困惑
vi. 绊倒, 失足, 失策, 犯错, 蹒跚, 踌躇"
wooden,"a. 木制的, 呆笨的, 木然的"
candy,[网络] 服务又分青少年
urge,"n. 冲动, 推动力, 迫切的要求
vt. 驱策, 力劝, 竭力主张, 推动
vi. 强烈要求"
shake,"n. 摇动, 震动
vt. 摇动, 动摇, 使震动, 挥舞
vi. 震动, 发抖, 动摇"
sigh,"n. 叹息
vi. 叹息, 渴望
vt. 叹息着说"
embarrass,"vt. 使困窘, 使局促不安, 阻碍"
edge,"n. 边缘, 尖锐, 刀刃, 优势
vt. 使锐利, 挤进, 镶边
vi. 缓缓移动"
grab,"n. 抓握, 掠夺, 强占, 东方沿岸帆船
vi. 抓取, 抢去
vt. 攫取, 捕获, 霸占"
gasp,"n. 喘气
vi. 喘气, 喘息, 渴望
vt. 气喘吁吁地说"
kindergarten,n. 幼稚园
hug,"n. 紧抱, 拥抱
vt. 紧抱, 坚持, 使沾沾自喜"
enchant,"vt. 施魔法, 使入迷"
scenery,"n. 风景, 景色, 舞台布景"
delicious,[网络] 美味书签；社会书签；收藏到
especially,"adv. 尤其, 特别, 格外"
open one's doors to,向…开门，接纳
in many ways,在许多方面
to sb.'s disappointment,令某人失望的是
pollution,"n. 污染, 玷污
[化] 污染"
smog,"n. 烟雾
[化] 烟雾"
mass,"n. 块, 大多数, 质量, 大量, 群众, 弥撒
a. 群众的, 大规模的, 整个的
vt. 使集合, 集中
vi. 聚集"
concrete,"n. 凝结物, 混凝土
a. 具体的, 实在的, 混凝土的
v. (使)凝结, 用混凝土浇筑"
narrow,"n. 狭窄部分, 隘路
a. 狭窄的, 仔细的, 有限的, 勉强的, 狭隘的, 手紧的
vi. 变窄
vt. 使变狭窄"
trap,"n. 圈套, 陷阱, 诡计, 存水弯
vi. 设圈套, 设陷阱
vt. 诱捕, 诱骗, 抓住, 使受限制
[计] 俘获; 陷井"
machine,[网络] 机具
effect,"n. 结果, 影响, 效果, 印象
vt. 实行, 引起, 完成
[计] 效果"
Fahrenheit,"a. 华氏温度计的
n. 华氏温度计"
actually,"adv. 事实上, 竟然, 如今, 现在"
fry,"n. 油炸食物, 鱼苗
v. 油炸, 煎"
global,"a. 通用的, 全球的, 球形的, 综合的, 普遍的
[计] 共用"
climate,"n. 气候, 社会趋势, 气候区
[医] 气候"
rooftop,"na. 屋顶
[网络] 屋顶系统；屋顶雕像；屋顶超越"
chill,"n. 寒冷, 寒意, 失意
a. 寒冷的, 冷漠的
vt. 使寒心, 冷冻
vi. 变冷"
sunlight,[医] 日光
opposite,"a. 相对的, 相反的, 对面的
prep. 对面
n. 对立面"
absorb,"vt. 吸收, 使全神贯注, 同化, 买进, 理解, 承受, 忍受, 承担
[医] 吸收"
sponge,"n. 海绵, 海绵状的东西
vt. 用海绵擦拭, 吸收掉, 抹掉
vi. 采集海绵, 海绵般吸收"
literally,"adv. 逐字地, 按照字面上地, 不夸张地"
asphalt,"n. 柏油
a. 用柏油铺成的
vt. 以柏油铺"
builder,"n. 建立者
[机] 组份"
leafy,"a. 叶茂盛的, 多叶的, 叶状的"
herb,"n. 药草, 香草
[医] 草, 草本, 草药"
bloom,"n. 花, 开花, 青春, 钢块
vi. 开花, 焕发青春, 茂盛
vt. 使茂盛, 把...轧成钢坯"
root,"n. 根, 根本, 根源, 基础, 底部
vt. 使扎根, 使固定, 根除, 肃清, 搜出, 用鼻拱
vi. 生根, 固定, 源于, 用鼻拱土, 寻找, 捧场, 支持"
system,[网络] 系统；系统层
act,[计] Microsoft office助手文件
blanket,[网络] 毛毯
solve,"vt. 解决, 付给, 溶解
vt. 求解
vi. 求解
[计] 求解"
energy,"n. 精力, 精神, 活力, 能量
[化] 能; 能量"
elevator,"n. 电梯, 升降机
[化] 提升机"
picnic,"n. 野餐, 远足, 愉快的经历
vi. 去野餐, 远足"
install,vt. 安装；设置；正式任命；使就职；任用；安顿；安置
relatively,"adv. 相对地, 比较地, 相当地, 相关地
[计] 相对地"
weight,"n. 重, 重量, 体重, 砝码, 重大, 影响, 力量
vt. 加重量于, 压迫, 使加权, 称重量
[计] 粗细"
soil,"n. 土壤, 土地, 国家, 国土, 温床, 污物, 粪便, 水池
vt. 弄脏, 污辱
vi. 变脏"
tough,"n. 恶棍
a. 强硬的, 艰苦的, 坚固的, 坚韧的, 粗暴的, 咬不动的"
waterproof,[电] 防水
barrier,"n. 障碍, 栅栏
[化] 势垒; 阻片; 阻挡层"
leak,"n. 漏洞, 漏处, 漏出, 泄漏
vi. 漏, 泄漏
vt. 使渗漏"
windy,"a. 多风的, 风强的, 腹胀的, 吹牛的"
lawn,"n. 草地, 草坪, 上等细麻布
[机] 细筛"
relax,"vi. 放松, 松懈, 松弛, 变从容, 休息, 休养
vt. 使松弛, 缓和, 使松懈, 使休息"
thanks to,由于
heat up," 变热; 加[煮]热…; 沸腾, 使变得激烈; 馏"
instead of,代替
act as," 担当…, 起…的作用; 充; 充当; 为"
act like,[网络] 举止像；表现得像；行为举止像
deal with,"安排, 处理, 涉及, 做生意"
blow away,"na. 吹走；〈非正式〉用枪杀死某人；〈非正式〉震惊；主要用于美式英语
[网络] 刮走；吹散；吹跑"
revolution,"n. 革命, 大变革, 旋转, 转数, 循环
[化] 回转"
globe,"n. 球, 球状物, 地球仪, 天体
v. (使)成球状"
replace,"vt. 取代, 代替；替换, 更换；归还, 偿还；把…放回原处"
coal,[网络] 钴蓝
gas,[医] 全身适应综合征
fossil,"n. 化石, 古物
a. 化石的, 陈腐的, 守旧的"
fuel,"n. 燃料, 木炭
vt. 加燃料, 供燃料
vi. 得到燃料"
million,"n. 百万；无数
adj. 百万的；无数的
num. 百万
n. (Million)人名；(法、罗、埃塞)米利翁"
decay,"n. 衰退, 腐败
v. (使)衰退, (使)腐败"
provide,"vt. 提供；规定；准备；装备
vi. 规定；抚养；作准备"
mankind,"n. 人类, 男性"
generation,"n. 一代, 一世, 产生
[医] 生殖, 世代"
release,"vt. 释放；发射；让与；允许发表
n. 释放；发布；让与"
planet,"n. 行星, 命运星辰, 杰出的人, 重大影响的事"
electric,"a. 电的, 导电的, 电动的
[医] 电的"
horse-drawn,无
carriage,"n. 马车, 客车, 举止, 运输
[经] 搬运费, 运费"
main,[地名] 麦因(迈因) ( 也 )
tap,"n. 轻打, 水龙头
vt. 轻打, 轻敲, 敲打出, 选择, 装上嘴子, 使流出, 开发, 分接, 向...乞讨
vi. 轻叩, 轻拍, 啪塔啪塔地走
[计] 接头"
solar,"a. 太阳的, 日光的, 源自太阳的
[医] 太阳的; 腹腔丛的"
horizon,"n. 地平线, 眼界, (天)视地平"
type," 表示：“典型”,“范例”,“样板”,“类型”：prototype; “版”,“铅字”,“印刷”：ferrotype"
special,"n. 专辑, 专车, 号外, 特别的东西, 负有特别任务的人员
a. 特别的, 专门的, 特殊的, 额外的, 附加的, 特别亲密的"
tile,"n. 砖瓦, 瓷砖, 瓦片
vt. 铺以瓦, 铺以瓷砖
[计] 平铺"
sunshine,[网络] 阳光；阳光照射；阳光灿
initiative,"n. 主动行动, 首创精神, 主动权
a. 自发的, 起始的"
sponsor,"n. 保证人, 赞助者, 发起者, 倡议者, 教父
vt. 发起, 赞助, 倡议"
department,[网络] 部门
aim,[计] AOL即时信息传送
unlike,"a. 不像的, 不同的
prep. 不像, 和...不同"
traditional,"a. 传统的, 惯例的
[经] 传统的, 惯例的"
windmill,[机] 风车
powerful,"a. 有力的, 有权力的, 强大的
[机] 强力的"
old-fashioned,无
mill,"n. 磨坊；工厂；磨粉机；面粉厂
v. 磨成粉
[网络] 穆勒；密尔；米尔"
high-tech,无
blade,"n. 叶片, 刀锋, 刀口, 剑
[医] 页[片], 叶片, 刀片, 刀刃, 刀口"
efficiently,"adv. 生效, 能胜任, 有能力, 效率高, 有效"
transform,[化] 反式; 反式异构体
electricity,"n. 电, 电流, 电学, 热情, 电力供应
[化] 电学; 电"
add,[网络] 度；新增；注意力缺陷症
giant,"n. 巨人, 大力士, 巨大怪物
a. 庞大的, 巨大的"
sprout,"n. 芽, 萌芽
vt. 使发芽, 摘去芽
vi. 长芽, 抽条"
dawn,"n. 破晓, 黎明
vi. 破晓"
benefit,"n. 利益
vt. 有益于
vi. 受益"
someday,来日
limit,"n. 界限, 边界, 限度, 极限, 限制
vt. 限制, 限定"
renewable,"a. 可更新的, 可恢复的, 可继续的, 可换新的, 可重复的, 可重说的
[计] 可更新, 可再生的"
slowly but surely,"n. 慢而稳地；稳扎稳打地
[网络] 缓慢而稳步地；缓慢但稳定地；慢了点但步伐坚定"
light up,"开始吸烟, 发亮, 露喜色
[机] 点火"
tap into," 利用, 开发"
on the horizon,在地平线上
go up,"上升, 兴建"
under way,"进行中, 在行进"
sprout up,[网络] 出现
in the long run,"长远, 最后"
run out of,用完
make sure,确定
work towards,为…而努力
corn,"n. （美）玉米；（英）谷物；[皮肤] 鸡眼
vt. 腌；使成颗粒
n. (Corn)人名；(英、法、瑞典)科恩"
overweight,过重
triple,"n. 三倍数, 三个一组
a. 三倍的
vt. 使增至三倍
vi. 增至三倍"
meanwhile,[网络] 同时；表示同一时间；与此同时
dramatically,"adv. 戏剧地, 引人注目地, 突然地"
connection,"n. 连接, 关系, 前后关系
[计] 连接"
load,"n. 负载，负荷；工作量；装载量
vi. [力] 加载；装载；装货
vt. 使担负；装填"
nugget,"n. 金块, 贵金属块, 小块
[化] 熔核"
cornstarch,"[化] 玉米淀粉
[医] 玉蜀黍淀粉, 玉米淀粉
[经] 玉米粉"
syrup,"n. 糖浆, 果汁
[化] 糖浆剂"
sweeten,"vt. 使变甜, 加糖于, 使悦耳, 使温和, 减轻
vi. 变甜"
soda,"n. 苏打, 碳酸水
[化] 纯碱; 苏打; 碳酸钠"
ketchup,n. 蕃茄酱
toothpaste,牙膏
item,"n. 项目, 条款, 一则, 项
[计] 项"
average,"n. 平均, 平均数, 一般水平, 海损
a. 平均的, 中等的, 平常的
vt. 算出...平均数, 平均做, 均分, 使平衡
vi. 平均为, 呈中间色"
supermarket,超级市场
quarter,"n. 四分之一, 一刻钟, 季度, 地区
vt. 四等分, 肢解
vi. 驻扎, 住宿"
contain,"vt. 包含, 容纳, 控制
vi. 自制"
beef,"n. 牛肉, 肌肉
vt. 养(牛), 宰(牛)
vi. 抱怨, 告发"
corn-fed,无
ingredient,"n. 成分, 因素
[化] 配合剂; 拼料; 成分; 组分"
HFCS,[化] 果葡糖浆
fructose,"n. 果糖
[化] 果糖; 左旋糖"
calorie,"comb. 表示""卡路里的""；adj"
French,"n. 法国人, 法文, 法式
a. 法国的, 法国人的, 法语的"
content,"n. 内容, 满足, 意义, 要旨
a. 满足的, 满意的
vt. 使...满足, 使...安心
[计] 内容"
major,"n. 主修课, 成年人, 陆军少校
a. 主要的, 较多的, 大部分的, 成年的, 严重的
vi. 主修
[计] 主要, 主要刻度"
percent,"n. 每百中, 百分之..., (英)利息...厘的证券, (非正式)百分率
[医] 每百分, 百分数"
obese,"a. 肥胖的
[医] 肥胖的"
obesity,"n. 肥胖
[医] 肥胖, 多脂"
deadly,"a. 致命的, 致死的
adv. 非常, 如死一般地"
disease,[网络] 不舒服；不适；疾病
blood,"n. 血, 血统, 流血, 气质, 生命
vt. 使出血, 用血涂"
pressure,"n. 压, 榨, 按, 强制, 压力, 压迫, 压强
vt. 迫使, 使增压, 密封"
diabetes,"n. 糖尿病, 多尿症
[医] 糖尿病; 多尿症"
consumer,"n. 消费者
[经] 消费者, 用户"
particular,"n. 一项(或条、点), 个别项目, 详细说明
a. 特别的, 独有的, 挑剔的, 详尽的"
control,[网络] 控制；控制传输；变更控制
prevention,"n. 阻止, 妨碍, 预防
[医] 预防"
fatty,"a. 肥胖的, 脂肪的, 含脂肪的
[医] 脂肪的"
federal,"a. 联邦的, 联合的, 同盟的
[法] 联邦的, 联邦制的, 联盟的"
government,[网络] 统治
human,"n. 人, 人类
a. 人类的, 似人类的, 人性的, 有同情心的"
cattle,"n. 牛, 家畜
[法] 家畜"
cheer,"n. 愉快, 振奋, 欢呼
vi. 欢呼, 喝彩, 快活起来
vt. 使振奋, 欢呼"
hamburger,"汉堡, 汉堡[饼]"
diet,"n. 日常饮食, 议会
vt. 照规定饮食
vi. 忌食"
switch,"n. 开关, 电闸, 转换, 软枝, 鞭子, 道岔
vt. 转变, 切换, 摆动, 转换, 使转轨
vi. 转换, 变换, 摆动
[计] 交换机；开关; 翻转; 转移"
chain,"n. 链条；链子；锁链；一系列
v. 用锁链拴住（或束缚、固定）
[网络] 连锁；一连串；项圈"
maximize,"vt. 取...最大值, 使增加(或扩大)到最大限度
[计] 最大化"
profit,[网络] 专家型；宝发实业有限公司
supersize,[网络] 特大号；超大尺寸；加大份量
portion,"n. 部分, 一份, 命运, 嫁妆
vt. 分配, 给...嫁妆"
balloon,"n. 气球
vt. 使成气球状
vi. 膨胀如气球, 激增"
demand,"n. 要求, 需求, 需要
v. 要求, 查询"
lately,"adv. 近来, 最近"
serve,"vt. 可作...用, 服务, 经历, 招待, 供应, 送交, 对待
vi. 服务, 服役, 侍应, 适合, 有用, 开球
n. 发球, 轮到发球"
local,abbr. low calorie 低卡路里
organic,"a. 器官的, 有机的, 组织的, 根本的
[医] 器官的, 有生命的, 有机的, 器质的"
produce,"n. 生产品, 物产, 后代
vt. 产生, 生产, 提出, 出示
vi. 生产, 制造"
be loaded with,"装有,载有"
at risk,"un. 担风险
[网络] 有危险；在危险中；处于危险中"
according to,"根据, 按照；取决于；据…所说"
wake up to,(使)认识到
grain,"n. 谷粒, 颗粒, 谷类, 纹理, 本质
v. (使)成谷粒"
cancer,康斯河
affect,"vt. 影响, 感动, 假装, 模仿, 爱好, 倾向于
n. 自觉感情"
smart,[网络] 硬盘错误侦测；硬盘已使用时间；设定工具
awake,"a. 醒着的
vt. 唤醒, 唤起, 使意识到
vi. 醒来, 被唤起, 意识到"
snack,"n. 小吃, 点心, 快餐
vi. 吃零食, 吃快餐"
dreamland,[网络] 梦境；梦境地；梦之地
cereal,"n. 谷类食品, 谷类植物
a. 谷类的"
cracker,"n. 饼干, 爆竹
[计] 破袭者"
pasta,"n. 意大利面食
[医] 糊剂, 泥膏剂"
spaghetti,n. 意大利面条
relaxation,"n. 松弛, 放松, 减轻, 缓和, 休息, 休养
[化] 松弛; 驰豫"
awful,"a. 可怕的, 庄严的, 虔敬的"
super-sweet,无
lift,"n. 举起, 帮助, 昂扬, 电梯
vt. 升高, 提高, 鼓舞, 清偿, 空运, 举起, 剽窃
vi. 升起, 消散, 耸立"
beware,"v. 小心, 谨防"
crash,"n. 哗啦声, 猛撞, 崩溃, 粗布
v. 撞碎, 破碎, (使)...坠毁
a. 速成的
[计] 崩溃"
nut,"n. 坚果, 核心, 螺帽
[计] Novell NetWare服务器实用程序"
salad,n. 色拉
nutrient,"a. 营养的, 滋养的
n. 营养物, 滋养物"
blue,"n. 蓝色
a. 蓝色的, 下流的, 忧郁的
vt. 染成蓝色
vi. 变蓝"
mood,"n. 心情, 气氛, 生气, 基调
[医] 心境"
complex,"n. 综合体, 情结, 络合物
a. 复杂的, 组合的"
chemical,"n. 化学药品
a. 化学的, 化学上用的"
neurotransmitter,"n. 神经递质
[化] 神经递质"
happiness,"n. 快乐, 幸运, 适当"
energetic,"a. 精力充沛的, 积极的"
drift off, （人）渐渐离开
How about ...?,无
go wrong,"走错路, 出毛病, 失败"
give sb. a lift,"让某人搭车, 帮某人忙"
let down,"na. 使失望；放下；丢面子
[网络] 失望沮丧；辜负；松劲"
have to do with,"na. 和…有关系
[网络] 与…有关；和……有关系；与…有关系"
as a result,结果
statewide,[网络] 州范围内
organization,"n. 组织, 结构, 团体, 体制
[医] 组织, 机构, 机化(血栓或坏死组织)"
president,[网络] 总统；会长
director,"n. 主任，主管；导演；人事助理
n. (Director)人名；(英)迪雷克托"
habit,"n. 习惯, 嗜好, 习性
vt. 使穿衣"
trait,"n. 特征, 特性, 一笔, 少许"
talent,"n. 天才, 才能, 有才干的人, 天资"
dolphin,n. 海豚
scholarship,"n. 学问, 学术成就, 奖学金"
stepping-stone,无
define,"vt. 定义, 规定, 使明确
[计] 定义"
specific,"a. 特殊的, 特定的；明确的；详细的；[药] 具有特效的
n. 特性；细节；特效药"
division,"n. 分, 分开, 除法, 部门(如部、处、系等), 师
[计] 部分"
deadline,"[计] 静线
[化] 安全界线"
brainstorm,[医] 脑暴发
arrange,"v. 安排, 排列, 达成协议
[计] 重排"
logical,"a. 合逻辑的, 合理的；逻辑学的"
complete,"a. 完全的, 十足的, 完成的
vt. 完成, 完工, 使圆满"
chapter,"n. 章, 篇, 重要章节
[计] 章; 段"
application,"n. 应用, 申请, 志愿书, 应用程序
[计] 应用, 应用程序"
teen,suf. 表示“十”(用来构成13～19的基数词)
succeed,"vi. 成功, 继承, 继续
vt. 继承, 接替"
positive,"a. 肯定的, 积极的, 有把握的
[医] 正的, 阳性的"
forward,[网络] 正激式；转寄
involve,"vt. 包括, 使陷于, 潜心于, 包围
[医] 累及, 牵涉, 包含"
volunteer,"n. 志愿者
a. 志愿的
v. 自愿"
direct,"a. 直接的, 坦白的
vt. 指示, 指挥, 命令, 导演
vi. 指导, 指挥
adv. 直接地"
commercial,"a. 商业的, 商用的, 商品化的
n. 商业广告节目"
producer,"n. 生产者, 制作者, 制作人
[化] 发生器; (炉煤气)发生炉; 制气炉; 生产者"
surround,"vt. 包围, 环绕, 围绕
n. 围绕物"
counselor,"n. 顾问, 参事, 法律顾问"
advise,"vt. 劝告, 给...出主意, 通知, 建议
vi. 提意见, 商量"
secretary,"n. 秘书, 书记, 大臣
[经] 秘书"
defense,"n. 防卫，防护；防御措施；防守
vt. 谋划抵御"
military,"n. 军队
a. 军事的, 军人的, 适于战争的"
policy,"n. 政策, 方针, 策略, 保险单
[医] 凭单, 保险单"
relationship,n. 关系；关联
brief,"n. 摘要, 简报
a. 简短的, 短暂的
vt. 对...作简报, 摘要, 节录"
meaningful,a. 意味深长的
publish,"vt. 出版, 发行, 公开, 发表, 宣传, 公布
vi. 出版, 发行"
publisher,"n. 出版者, 发行人
[法] 发行人, 出版者, 报刊发行者"
available,adj. 有效的，可得的；可利用的；空闲的
favor,"n. 好意, 喜爱
vt. 赐予, 支持, 喜欢, 证实"
favour,[经] 利益
have sth. in common,无
have sth. in common with sb.,无
dream of,"梦见,梦想,向往,渴望"
fill out,"填写, 使长大, 变大, 使长胖, 使完备"
even if,即使
turn out,"v. 证明；原来；到场
[网络] 生产；结果是；关掉"
turn down,"na. 翻下(衣领等)；扭小(灯火等)拒绝考虑；拒绝(某人)
[网络] 关小；调低；驳回"
pick up,"v. 拾起；探出；重新开始
[网络] 捡起；拿起；学会"
secret,"n. 秘密, 机密, 秘诀, 秘方
a. 秘密的, 极机密的, 隐蔽的, 暗中的, 神秘的, 偏僻的"
temporary,"a. 暂时的, 临时的
n. 临时工, 临时雇员
[计] 临时"
setback,"na. 阻碍；延迟；〈非正式〉花费
[网络] 推迟；推迟，延缓；使退步"
defeat,"n. 败北, 失败
vt. 击败, 使落空"
Coca-Cola,无
Coke,"n. 可口可乐, 焦炭
v. (使)成焦炭"
superstar, 超级明星（游戏名）; 超级明星（歌曲名）; 超级明星（杂志名）
doctoral,a. 博士的
dissertation,n. 论文
irrelevant,"a. 不恰当的, 无关系的, 不相干的
[法] 无关的, 不相干的, 离题的"
fanciful,"a. 奇怪的, 稀奇的, 想像的"
physics,"n. 物理学, 物理过程, 物理现象
[化] 物理; 物理学"
disappoint,vt. 使失望
polio,"n. 脊髓灰质炎, 小儿麻痹症
[医] 脊髓灰质炎"
beloved,"a. 心爱的
n. 心爱的人"
influential,"a. 有影响的, 有势力的"
elect,"adj. 选出的；当选的；卓越的
n. 被选的人；特殊阶层；上帝的选民
vt. 选举；选择；推选
vi. 作出选择；进行选举"
blind,"n. 蒙蔽物, 窗帘
a. 盲目的, 瞎的, 不加思考的
vt. 使失明, 蒙蔽, 遮暗
adv. 盲目地"
classic,"n. 古典作品, 杰作, 大艺术家
a. 第一流的, 最优秀的, 古典的"
paradise,"n. 天堂, 乐园, 伊甸园"
progressive,"n. 改革论者, 进步论者
a. 前进的, 累进的, 进步的"
loss,"n. 减少；亏损；失败；遗失
n. (Loss)人名；(匈)洛什；(法、德、意)洛斯"
composer,"n. 作曲家, 作家, 调停者"
nevertheless,"仍然
尽管如此"
symphony,"n. 交响乐, 交响曲"
inventor,"n. 发明家
[法] 发明人, 发明家, 创造者"
attend,"vt. 参加, 照料, 伴随
vi. 专心于, 照顾, 服侍, 出席"
complain,"v. 抱怨, 抗议, 控诉"
handle,"n. 柄, 把手, 把柄, 柄状物, 手感
vt. 触摸, 运用, 买卖, 处理, 操作
vi. 搬运, 易于操纵
n. 句柄
[计] 句柄"
fascinate,"vt. 令人入神, 使着迷
vi. 入迷"
chemistry,"n. 化学, 化学过程
[化] 化学"
laboratory,"n. 实验室, 研究室, 化工厂
[医] 实验室, 检验室, 化验室"
inexhaustible,"a. 用不完的, 无穷尽的, 不知疲倦的"
genius,"n. 天才, 天赋, 精神, 神魔
[医] 特征"
reportedly,"adv. 根据传说, 根据传闻, 据报道"
inspiration,"n. 灵感, 鼓舞人心的人或物, 妙计, 吸气
[医] 吸[气]"
perspiration,"n. 汗, 流汗, 努力
[医] 出汗; 汗"
eventually,"adv. 最后, 终于"
lifetime, 使用期限，寿命
invention,"n. 发明, 创作能力, 虚构的故事
[经] 发明"
bulb,"n. 球茎, 电灯泡
[医] 球, 鳞茎, 球茎"
experiment,"n. 实验, 试验, 实验仪器
vi. 实验, 尝试"
reporter,n. 记者
process,[网络] 过程；流程；进程
attempt,"n. 尝试, 企图
vt. 尝试, 企图"
level,comb.form [用来构成复合词]表示“…级别的”，“…水平的”：high-level
stage,"n. 阶段, 舞台, 场所, 戏剧, 站, 驿站, 级, 层, 脚手架
vt. 上演, 表演, 筹划
vi. 适于上演, 乘驿车旅行"
fist, [电影]拳头大风暴
set up,"na. 建立；创立；发起；开办
[网络] 设立；设置；成立"
point at, （把…）对准，指向; 针对; 指画
economics,"n. 经济学
[经] 经济学"
economic,"a. 经济上的, 实用的, 节省的
[经] 经济的"
financial,"a. 财政的, 金融的
[经] 财政的, 金融的, 财务的"
participate,"vi. 参加, 分享, 参与, 带有
vt. 分享, 分担"
economy,[网络] 经济；电子经济
distribute,"vt. 分配, 散布, 分发
[经] 分配, 分发"
consume,"vt. 消耗, 消费, 消灭
vi. 耗尽, 毁灭"
goods,"n. 货物
[经] 货物, 商品, 动产"
product,[网络] 产品；产品创新
deliver,"vt. 递送, 陈述, 释放, 发表, 引渡, 投递, 交付
[经] 交运"
balance,[网络] 平衡；达到平衡
factor,"n. 因素, 因数, 系数, 基因, 代理人
[计] 因式"
supply,"n. 补给, 供给, 供应品
vt. 补给, 供给, 提供, 补充
vi. 替代"
tend,伸
bake,"vt. 烘焙, 烤
vi. 烤面包
n. 烘焙, 烤"
chocolate-chip,无
cookie,"n. 饼干, 小甜点
[建] 糕点"
vanilla,"n. 香草, 香子兰"
extract,"n. 榨出物, 精汁, 摘录, 选段
vt. (费力地)取出, 采掘, 榨取, 摘录, 吸取
[计] 提取"
ounce,"n. 盎司, 少量, 雪豹
[医] 英两, Г"
bean,"n. 豆子
[化] 油嘴; 豆"
destroy,vt. 破坏；消灭；毁坏
political,"a. 政治的, 政治上的, 政党的, 从事政治的
[法] 政治的, 政治上的, 党派政治的"
turmoil,"n. 骚动, 混乱"
disrupt,"a. 分裂的, 中断的
vt. 使分裂, 使瓦解"
scarcity,"n. 缺乏, 不足, 缺少
[经] 缺乏, 不足"
cause,"n. 原因；事业；病因；理由
v. 导致；使；引起；产生"
dependent,"adj. 取决于；依靠的；依赖的；有瘾的
n. 受赡养者；扈从；依存[从属]物
[网络] 从属的；因变量"
tempt,"vt. 诱惑, 引诱, 引起...的兴趣, 吸引, 冒...风险"
Madagascan,a. 马达加斯加的
oversupply,"n. [经] 供给过多；过多的供应品
vt. 过度供给"
imitation,"n. 模仿, 效法, 冒充, 赝品
[医] 模仿, 仿制, 仿制品"
labor,[地名] 拉博河 ( 菲 )
labour,"n. 劳动力，人工；分娩
vi. 劳动；分娩；费力地前进"
charge,"n. 指控, 费用, 冲锋, 电荷, 炸药, 主管, 被托管人, 命令
vt. 控诉, 加罪于, 使充满, 使充电, 使承担
vi. 冲锋, 要价, 收费"
willing,"a. 乐意的, 自愿的, 甘愿的"
role,"n. 角色, 职责, 任务
[医] 作用, 功用"
economist,[网络] 经济学家
owner,"n. 拥有者, 物主, 所有人
[经] 所有者, 物主, 业主"
participate in,"参加, 参与, 分享"
let's say,比方说[用作插入语]；这样行吗?这样好吗?(用于征求对方意见)[亦作 let us say]
reach for,伸手去拿…
be dependent on,"依靠, 依赖"
forget about,"忘记,忘却"
as well as,"也, 又"
in business,"在营业,在生产,在做生意"
play a role in,在...起作用
cent,"n. 分
[经] 美分"
management,"n. 经营, 支配, 管理
[化] 管理处"
finance,"n. 财政, 财务
vt. 供给...经费, 负担经费
vi. 筹措资金"
banking,"n. 银行业务
[经] 银行业, 银行事务"
invest,"vt. 投资, 花费, 笼罩, 授予
vi. 投资, 利用"
pretty,"a. 漂亮的, 优美的, 机灵的, 狡猾的, 恰当的
adv. 相当, 颇"
complicated,"a. 复杂的
[医] 并发的"
manage,[网络] 管理；成年人
camp,[=cyclic adenosine monophosphate]环磷酸腺苷
hire,"n. 雇用，租用；租金，工钱
vt. 雇用；出租
vi. 雇用，租用；受雇"
rake,"n. 耙子, 钱耙, 斜度, 浪子
v. 搜索, 掠过, (用耙子)耙, (使)倾斜"
baby-sit,无
mow,"n. 草堆, 皱眉, 怪脸
vt. 割草
vi. 割草, 做怪脸"
cash,"n. 现金
vt. 兑现"
equipment,[网络] 设备；设备标志符；仪器设备
anymore,(不)再
yard,"n. 码, 庭院, 工场
[化] 堆置场"
sale,[网络] 整车销售
flea,"n. 跳蚤
[医] 蚤"
overall,遍及
dropout,"掉出, 退出, 离队
[机] 落砂"
graduate,"n. 毕业生, 量杯
a. 已得学位的, 研究生的, 毕业的
vi. 毕业, 得学位, 逐渐变为
vt. 准予...毕业, 授予...学位, 分等级, 刻刻度"
per,[网络] 器配件
versus,"prep. 对...
[法] 诉, 对, 相形"
simply,"adv. 简单地, 只是, 简直, 简朴地, 坦白地"
clothing,n. 衣服
check,"n. 检查, 支票, 阻止物, 寄物牌, 象棋中将军
vt. 检查, 阻止, 核对, 寄存, 托运
vi. 逐项相符, 开支票
[计] 复选"
ahead, 一捆；一束；一头；一棵
stereo,"n. 铅版, 立体照片
a. 立体的, 立体感觉的"
stock,"n. 股份，股票；库存；血统；树干
adj. 存货的，常备的；平凡的
vt. 进货；备有；装把手于…
vi. 囤积；办货；出新芽
n. (Stock)人名；(德、匈、捷)施托克；(英、法、葡、瑞典)斯托克"
bond,"n. 捆绑物, 结合, 债券, 契约, 粘合剂, 保证人, 键, 关栈保留
vt. 存入关栈, 使黏合
vi. 结合"
savings,"n. 储蓄, 存款
[经] 储金, 储蓄"
account,"n. 账户；解释；账目，账单；理由
vi. 解释；导致；报账
vt. 认为；把…视为"
owe,"vt. 亏欠, 负...债, 归功于, 怀有, 应给予, 感恩
vi. 欠钱"
debt,"n. 债务, 罪过
[经] 借款, 欠款, 债务"
drag,"n. 拖, 拖累
v. 拖累, 拖拉, 沉重缓慢地走, 拖动
[计] 拖动"
credit,"n. 信用, 信任, 荣誉, 贷款, 学分
vt. 归功于, 赞颂, 信任, 相信
[计] 信用量"
loan,"n. 贷款, 借出
v. 借, 供应货款, 借给"
roll in,"蜂拥而来
[电] 转入"
hold onto,坚持
check out,"na. 开支票(提款)；(旅馆)付账后离开；及格；〔美俚〕死
[网络] 退房；检查；结帐"
plan ahead,提前计划
invest in,"投资于, 买进"
add up,合计
drag down,"na. 挣工资；赚(钱)
[网络] 拖垮；向下拖；把人拖垮"
on credit,"[经] 赊帐, 赊欠买卖, 信用交易"
pay off,"na. 偿清(债务等)；付清；发清(工钱)；发清工钱解雇
[网络] 还清；偿还；报复"
