primarily,"adv.首先,起初,主要地,根本上"
justify,v.证明...是正当的
prejudice,"n.偏见,成见,损害,侵害v.损害"
afford,"vt.提供,给予,供应得起,"
gossip,"n.闲话,闲谈"
remain,"vi.保持,逗留,剩余,残存"
compete,"vi.比赛,竞争"
disguise,"v.假装,伪装,掩饰n.伪装"
resolve,"n.决心v.决心,决定,决心要,(使)分解,溶解,解决vt.解决"
issue,"n.出版,发行,(报刊等)期、号,论点,问题,结果,(水,血等的)流出vi.发行,流出,造成...结果,进行辩护,传下vt.使流出,放出,发行(钞票等),发布(命令),出版(书等)发给 [律]子女,后嗣"
appease,"vt.平息,安抚,缓和,使满足"
stereotype,"n.[印]铅版,陈腔滥调,老套vt.使用铅版,套用老套,使一成不变"
evil,"adj.邪恶的,带来麻烦的,不幸的,有害的,诽谤的n.邪恶,不幸,罪恶"
force,"n.力量,武力,精力,魄力,势力,暴力,[复]军队,影响力vt.强制,强加,(用武力)夺取,促使,推动,施加压力"
straightforward, dly//adv.正直地
assign,"vt.分配,指派v.赋值 [计] 将驱动器符重定向至第二个驱动器符"
resign,"n.辞去(职务)v.辞去,辞职"
dismiss,"vt.解散,下课,开除,解职,使(或让)离开vi.解散"
abuse,"n.滥用,虐待,辱骂,陋习,弊端v.滥用,虐待,辱骂"
aggressive,"adj.好斗的,敢作敢为的,有闯劲的,侵略性的"
relieve,"vt.减轻,解除,援救,救济,换班"
remote,"adj.遥远的,偏僻的,细微的"
condemn,"vt.判刑,处刑,声讨,谴责"
challenge,n.挑战vt.向...挑战
profound,"adj.深刻的,意义深远的,渊博的,造诣深的"
illustration,"n.说明,例证,例子,图表,插图 插图,图解"
neglect,"vt.忽视,疏忽,漏做n.忽视,疏忽,漏做"
fundamental,"adj.基础的,基本的n.[pl.] 基本原则,基本原理"
refund,"v.退还,偿还n.归还,偿还额,退款"
superficial,"adj.表面的,肤浅的,浅薄的"
affect,"vt.影响,感动,侵袭,假装"
concern,"vt.涉及,关系到n.(利害)关系,关心,关注,关注,所关心的是"
evaluate,"vt.评价,估计,求...的值v.评价"
compromise,"n.妥协,折衷v.妥协,折衷,危及...的安全"
substitute,"n.代用品,代替者,替代品v.代替,替换,替代"
symbol,"n.符号,记号,象征"
symptom,"n.[医][植]症状,征兆"
sample,"n.标本,样品,例子vt.取样,采样,抽取...的样品,试验的一部分,尝试"
brand,"n.商标,牌子,烙印vt.打火印,污辱"
confirm,"vt.确定,批准,使巩固,使有效v.确认,(基督教中)给...行按手礼"
enhance,"vt.提高,增强v.提高"
pressure,"n.压,压力,电压,压迫,强制,紧迫"
consolidate,v.巩固
conspicuous,adj.显著的
manual,"n.手册,指南adj.手的,手动的,手工的,体力的,手册(性质)的,[律]实际占有的"
reveal,"vt.展现,显示,揭示,暴露"
privilege,"n.特权,特别待遇,基本公民权力,特免vt.给与...特权,特免"
command,"n.命令,掌握,司令部v.命令,指挥,克制,支配,博得,俯临"
alter,v.改变
anonymous,adj.匿名的
deny,"v.否认,拒绝"
controversy,"n.论争,辩论,论战"
inhibit," 抑制,约束,[化][医]抑制"
convict,"vt.证明...有罪,宣告...有罪n.罪犯"
demonstrate,"vt.示范,证明,论证vi.示威"
confuse,"vt.搞乱,使糊涂"
gross,"adj.总的,毛重的n.总额"
conflict,"n.斗争,冲突vi.抵触,冲突"
perceive,"vt.察觉v.感知,感到,认识到"
clarify,"v.澄清,阐明"
authority,"n.权威,威信,权威人士,权力,职权,典据,著作权威"
recruit,"n.新兵,新分子,新会员vt.使恢复,补充,征募vi.征募新兵,复原"
redundant,adj.多余的
expand,"vt.使膨胀,详述,扩张vi.张开,发展"
reject,"n.被拒之人,被弃之物,不合格品,落选者,不及格者vt.拒绝,抵制,否决,呕出,驳回,丢弃"
dignity,"n.尊严,高贵"
indignant,"adj.愤怒的,愤慨的"
despise,vt.轻视
principle,"n.法则,原则,原理"
undermine,v.破坏
advocate,"n.提倡者,鼓吹者vt.提倡,鼓吹"
impose,"vt.征税,强加,以...欺骗vi.利用,欺骗,施影响"
minimize,vt.将...减到最少v.最小化
accelerate,"v.加速,促进"
account,"n.计算,帐目,说明,估计,理由;vi.说明,总计有,认为,得分;vt.认为"
contradiction,"n.反驳,矛盾"
consist,"vi.由...组成,在于,一致"
commit,"vt.犯(错误),干(坏事),把...交托给,提交,答应负责"
obscure,"adj.暗的,朦胧的,模糊的,晦涩的vt.使暗,使不明显"
embarrass,"vt.使困窘,使局促不安,阻碍,麻烦"
assume,"vt.假定,设想,采取,呈现"
facility,"n.容易,简易,灵巧,熟练,便利,敏捷,设备,工具"
perspective,"n.透视画法,透视图,远景,前途,观点,看法,观点,观察"
monopoly,"n.垄断,垄断者,专利权,专利事业"
sheer,"adj.全然的,纯粹的,绝对的,彻底的,透明的,峻峭的vi.避开,躲避,偏航vt.使避开,使偏航adv.完全,全然,峻峭n.偏航"
refer,"vt.提交,谈及,归诸于,指点把...提交,使求助于vi.提到,涉及,查阅,咨询"
convention,"n.大会,协定,习俗,惯例"
ascribe,"vt.归因于,归咎于"
loom,"n.织布机,织机v.隐现,迫近"
assimilate,v.吸收
mature,"adj.成熟的,到期的,充分考虑的,(票据等)到期的vt.使成熟vi.成熟,到期"
indispensable,"n.不可缺少之物adj.不可缺少的,绝对必要的"
paradox,"n.似非而是的论点,自相矛盾的话"
absurd,"adj.荒谬的,可笑的"
advantage,"n.优势,有利条件,利益"
approach,"n.接近,逼近,走进,方法,步骤,途径,通路vt.接近,动手处理vi.靠近"
resident,"n.居民adj.居住的,常驻的"
imitate,"vt.模仿,仿效,仿制,仿造v.模仿"
absorb,"vt.吸收,吸引"
essential,"adj.本质的,实质的,基本的,提炼的,精华的n.本质,实质,要素,要点"
setback,"n.顿挫,挫折,退步,逆流,(疾病的)复发"
fabricate,"vt.制作,构成,捏造,伪造,虚构"
strain,"n.过度的疲劳,紧张,张力,应变vt.扭伤,损伤v.拉紧,扯紧,(使)紧张,尽力"
luxury,"n.奢侈,华贵"
candidate,"n.候选人,投考者"
constant,"n.[数、物]常数,恒量adj.不变的,持续的,坚决的"
rarely,"adv.很少地,罕有地"
arrogant,"adj.傲慢的,自大的"
harmony,"n.协调,融洽"
argue,"vi.争论,辩论vt.说服"
paradise,n.天堂
reward,"n.报酬,奖金vt.酬劳,奖赏"
mere,"adj.仅仅的,起码的,纯粹的"
define,"vt.定义,详细说明"
plea,"n.恳求,请求,辩解,藉口"
casual,"adj.偶然的,不经意的,临时的"
casualty,n.伤亡
ignition,"n.点火,点燃"
premier,"adj.第一的,首要的n.总理"
flat,"adj.平坦的,扁平的,单调的,倒下的,浅的,干脆的,无聊的,无力的adv.平直地,仰卧地,恰恰,正好,断然地n.平面,平地,一层,公寓v.(使)变平,(使)降半音"
ponder,"v.沉思,考虑"
recipe,n.处方
possess,"vt.占有,拥有,持有,摆布,支配"
instruct,"vt.教,教导,命令,指示,通知"
authorize,v.批准
lure,v.引诱
emergency,"n.紧急情况,突然事件,非常时刻,紧急事件"
severe,"adj.严厉的,严格的,剧烈的,严重的,严峻的"
genuine,"adj.真实的,真正的,诚恳的"
proceed,"vi.进行,继续下去,发生"
propel,"vt.推进,驱使"
background,"n.背景,后台,不重要或不引人注目的地方或位置"
splash,"n.溅,飞溅,斑点v.溅,泼,溅湿"
calorie,n.卡路里
spoil,"vt.损坏,搞糟,宠坏,溺爱v.扰乱"
accommodate,"vt.供应,供给,使适应,调节,和解,向...提供,容纳,调和;vi.适应"
artery,"n.动脉,要道"
internal,"adj.内在的,国内的"
consent,"vi.同意,赞成,答应n.同意,赞成,允诺"
hospitality,"n.好客,宜人,盛情"
spouse,n.配偶(指夫或妻)
sponsor,"n.发起人,主办者,保证人,主办人vt.发起,主办v.赞助"
feeble,"adj.虚弱的,衰弱的,无力的,微弱的,薄弱的"
sparkle,"v.发火花,(使)闪耀,(香槟酒等)发泡,用眼神表达,发光闪烁n.火花,闪光,光彩,活力,发泡"
present,"n.赠品,礼物,现在,瞄准adj.现在的,出席的,当面的vt.介绍,引见,给,赠送,上演,提出,呈现vi.举枪瞄准"
sponge,"n.海绵,海绵体,海绵状物,(外科用的)棉球,纱布v.用海绵等冼涤、揩拭、擦拭或清除,用海绵吸收(液体),(俗)依赖某人生活,诈取某人钱财,海绵般吸收"
poverty,"n.贫穷,贫困,贫乏,缺少"
scandal,"n.丑行,丑闻,诽谤,耻辱,流言蜚语"
pursue,"vt.追赶,追踪,追击,继续,从事"
ensue,"vi.跟着发生,继起vt.(基督教<<圣经>>用语)追求"
overthrow,"n.推翻,打倒,扔得过远得球vt.打倒,推翻,颠覆"
abstract,"n.摘要,概要,抽象;adj.抽象的,深奥的,理论的;vt.摘要,提炼,抽象化"
repression,"n.镇压,抑制,抑压"
receipt,"n.收条,收据,收到v.收到"
compliment,"n.称赞,恭维,致意,问候,道贺vt.称赞,褒扬,恭维"
compare,"v.比较,相比,比喻 n.比较"
notion,"n.概念,观念,想法,意见,打算,主张,(复数)<美语>小饰物"
recognize,"vt.认可,承认,公认,赏识vi.具结"
spray,"n.喷雾,飞沫vt.喷射,喷溅"
spy,"n.特工人员,间谍,侦探,探员,秘密侦察他人行动者v.侦察,侦察,发现"
lubricate,vt.润滑v.加润滑油
shipment,"n.装船,出货"
mourn,"v.哀悼,忧伤,服丧"
squad,n.班
interaction,"n.交互作用,交感"
faculty,"n.才能,本领,能力,全体教员,(大学的)系,科,(授予的)权力"
clutch,"v.抓住,攫住n.离合器"
limp,"adj.柔软的,易曲的vi.跛行"
pedestrian,"n.步行者adj.徒步的,呆板的,通俗的"
biography,n.传记
rectify,"vt.矫正,调整,[化]精馏"
overhead,"adj.在头上的,高架的n.企业一般管理费用,天花板adv.在头顶上,在空中,在高处"
literacy,"n.有文化,有教养,有读写能力"
destiny,"n.命运,定数"
gear,"n.齿轮,传动装置v.调整,(使)适合,换档"
sentiment,"n.情操,情感,情绪,观点,多愁善感,感情"
proficiency,"n.熟练,精通,熟练程度"
cellar,"n.地窖,地下室,酒窖,藏酒量"
cancer,"n.癌,毒瘤"
orient,"n.东方,东方诸国(指地中海以东各国)adj.东方的,上升的,灿烂的vi.适应形势,向东vt.使朝东,使适应,确定方向"
huddle,"v.拥挤,卷缩,草率从事,挤作一团n.杂乱的一堆,拥挤"
reclaim,"vt.要求归还,收回,开垦"
classical,"adj.古典的,正统派的,古典文学的"
hasty,"adj.匆忙的,草率的"
gigantic,"adj.巨人般的,巨大的"
establish,"vt.建立,设立,安置,使定居,使人民接受,确定v.建立"
imagine,"vt.想象,设想"
reconcile,"vt.使和解,使和谐,使顺从"
fracture,"n.破裂,骨折v.(使)破碎,(使)破裂"
breed,"v.(使)繁殖,教养,抚养n.品种,种类"
priority,"n.先,前,优先,优先权"
finance,"n.财政,金融,财政学vt.供给...经费,负担经费vi.筹措资金"
enthusiasm,"n.狂热,热心,积极性,激发热情的事物"
glamour,"n.[亦作glamor] 魔力,魅力v.迷惑"
deviate,"vi.背离,偏离v.偏离"
barricade,v.设路障n.路障
nutrition,"n.营养,营养学"
discrimination,"n.辨别,区别,识别力,辨别力,歧视"
contest,"n.论争,竞赛v.,争论,争辩,竞赛,争夺"
rivalry,"n.竞争,竞赛,敌对,敌对状态"
pamphlet,n.小册子
armor,n.装甲
accumulate,"v.积聚,堆积"
slide,"v.(使)滑动,(使)滑行n.滑,滑动,幻灯片"
idiom,"n.成语,方言,土语,习惯用语"
nourish,"vt.滋养,使健壮,怀有(希望,仇恨等)"
enlighten,"vt.启发,启蒙,教导,授予...知识,开导,<古>照耀"
progressive,"n.改革论者,进步论者adj.前进的,(税收)累进的,进步的"
stab,"n.刺,刺伤的伤口,一阵突然而强烈的感觉,中伤,伤痛v.剌,刺伤,伤害(感情等)"
stable,adj.稳定的
complain,"v.抱怨,悲叹,控诉"
groove,"n.(唱片等的) 凹槽,惯例,最佳状态vt.开槽于"
owe,"vt.欠(债等),受到...的思想,感激,把...归功于v.欠,应感激,应该把...归功于(to)vi.欠钱"
corrode,"v.使腐蚀,侵蚀"
suspend,"vt.吊,悬挂v.延缓"
booth,"n.货摊,售货亭,棚"
innumerable,"adj.无数的,数不清的"
foam,"n.泡沫,水沫,泡沫材料,泡沫橡皮,泡沫塑料vi.起泡沫,冒汗水,吐白沫vt.使起泡沫"
propaganda,"n.宣传,[天主教]传道总会"
intellectual,"adj.智力的,有智力的,显示智力的n.知识分子"
flare,"n.闪光,闪耀vi.闪光,突然烧起来,闪耀vt.使闪耀,使张开"
psychiatrist,"n.精神病医师,精神病学家"
dodge,"v.避开,躲避n.<俗> 诡计,躲藏"
reaction,"n.反应,反作用,反动(力)"
referee,"n.仲裁人,调解人,[体]裁判员v.仲裁,裁判"
object,"n.物体,目标,宾语,对象vi.反对,拒绝,抗议vt.提出...来反对"
hurricane,"n.飓风,狂风"
costume,"n.装束,服装"
entail,"vt.使必需,使蒙受,使承担,遗传给n.[建]限定继承权"
stagger,"v.摇晃,蹒跚,交错,摇摇摆摆adj.交错的"
circus,"n.马戏团,杂技团,马戏场,杂技场"
embody,"vt.具体表达,使具体化,包含,收录"
foremost,"adj.(位置或时间)最先的,最初的,最重要的adv.首要地,首先"
staircase,n.楼梯
crime,"n.犯罪,犯罪行为,罪行,罪恶"
stack,"n.堆,一堆,堆栈v.堆叠"
ego,"n.自我,利已主义,自负"
hierarchy,n.层次 层级
radical,"adj.根本的,基本的,激进的n.激进分子"
conscience,"n.良心,道德心"
subconscious,adj.下意识的
conscientious,adj.尽责的
plague,"n.瘟疫,麻烦,苦恼,灾祸vt.折磨,使苦恼,使得灾祸"
aid,"n.帮助,援助,帮助者,有帮助的事物;vt.资助,援助,帮助;Association Identifier,相关标识"
detach,"vt.分开,分离,分遣,派遣(军队)"
pastry,"n.面粉糕饼,馅饼皮"
allowance,"n.津贴,补助,宽容,允许vt.定量供应"
moral,"adj.道德(上)的,精神的n.道德"
endow,"v.捐赠,赋予"
pumpkin,n.南瓜
acceptance,"n.接受,承诺,容忍,赞同,相信"
detail,"n.细节,详情vt.详述,细说"
spice,"n.香料,调味品,趣味,意味,情趣"
narrative,adj.叙述性的n.叙述
bound,"n.跃进,跳,范围,限度adj.正要启程的,开往...去的,被束缚的,装订的v.跳跃,限制"
household,"n.一家人,家庭,家族,王室adj.家庭的,家族的,家属的,普通的,平常的"
idiot,"n.白痴,愚人,傻瓜"
expose,"vt.使暴露,受到,使曝光v.揭露"
fur,"n.毛皮,毛,软毛"
institute,"n.学会,学院,协会vt.创立,开始,制定,开始(调查),提起(诉讼)"
muddy,"adj.多泥的,泥泞的"
prone,adj.倾向于
grim,adj.严酷的
standpoint,"n.立场,观点"
convert,"n.皈依者vt.使转变,转换...,使...改变信仰"
initial,"adj.最初的,词首的,初始的n.词首大写字母"
startle,v.震惊
inclusive,
preclude,n.排除
statesman,n.政治家
statement,"n.声明,陈述,综述"
predict,"v.预知,预言,预报"
stationary, 固定的
status,"n.身份,地位,情形,状况"
normal,"n.正规,常态,[数学]法线adj.正常的,正规的,标准的"
eloquent,"adj.雄辩的,有口才的,动人的,意味深长的"
proof,"n.证据,试验,考验,[印刷]校样adj.不能透入的,证明用的,防...的,有耐力的vt.检验,校对,使不被穿透"
stereo,"n.立体声系统,立体声,[印]铅版,立体照片adj.立体的,立体感觉的"
contribution,"n.捐献,贡献,投稿"
attribute,"n.属性,品质,特征,加于,归结于"
distribute,"vt.分发,分配,散布,分布,分类,分区v.分发"
census,n.人口普查
depend,"vi.依靠,依赖"
giggle,v.哈哈地笑n.傻笑
option,"n.选项,选择权,[经]买卖的特权"
preserve,"vt.保护,保持,保存,保藏vi.做蜜饯,禁猎n.蜜饯,果酱,禁猎地,禁区,防护物"
endure,"v.耐久,忍耐"
expense,"n.费用,代价,损失,开支,费钱之物"
stick,"n.棍,棒,手杖v.粘住,粘贴vt.刺,戳"
agreeable,"adj.使人愉快的,惬意的,适合的"
heel,"n.脚后跟,踵,跟部"
community,"n.公社,团体,社会,(政治)共同体,共有,一致,共同体,(生物)群落"
outfit,"n.用具,配备,机构,全套装配,vt.配备,装备vi.得到装备"
marsh,"n.湿地,沼泽,沼泽地"
bamboo,n.竹子
patron,"n.(对某人,某种目标,艺术等)赞助人,资助人"
dazzle,"v.(使)眼花,眩耀n.耀眼"
desirable,"adj.值得要的,合意的,令人想要的,悦人心意的"
rash,"adj.轻率的,匆忙的,卤莽的n.[医]皮疹"
flutter,"n.摆动,鼓翼,烦扰vi.鼓翼,飘动,悸动,乱跳,烦扰vt.拍(翅),使焦急"
character,"n.(事物的)特性,性质,特征(的总和),(人的)品质,字符,性格,特征,人物vt.写,刻,印,使具有特征"
defect,"n.过失,缺点"
dispatch,"vt.分派,派遣n.派遣,急件"
romantic,"adj.传奇式的,浪漫的,空想的,夸大的"
bargain,"n.契约,合同,成交商品,便宜货v.议价"
aspiration,"n.热望,渴望"
drawback,"n.缺点,障碍,退还的关税,退税(指进口货物再出口时退还其进口时的关税)"
fiction,"n.虚构,编造,小说"
cute,"adj.可爱的,聪明的,伶俐的,装腔作势的"
section,"n.部分,断片,部件,节,项,区,地域,截面"
segment,"n.段,节,片断v.分割"
invert,"adj.转化的vt.使颠倒,使转化n.颠倒的事物"
relate,"vt.叙述,讲,使联系,发生关系"
sip,
efficient,"adj.(直接)生效的,有效率的,能干的"
clasp,"n.扣子,钩,紧握,抱住v.扣紧,紧握,搂抱,密切合作"
excursion,"n.远足,游览,短程旅行,远足队,离题,[物]偏移,漂移"
confidence,n.信心
drain,"n.排水沟,消耗,排水vt.排出沟外,喝干,耗尽vi.排水,流干"
entrepreneur,"n.<法>企业家,主办人"
religion,"n.宗教,信仰"
strand,"n.绳、线之一股,线,绳,串,海滨,河岸vi.搁浅vt.使搁浅,使落后,使陷于困境,弄断,搓"
extraordinary,"adj.非常的,特别的,非凡的,特派的"
assault,"n.攻击,袭击v.袭击"
proper,"adj.适当的,正确的,固有的,特有的,有礼貌的,正当的,严格意义上的,彻底的"
preliminary,"adj.预备的,初步的"
concise,"adj.简明的,简练的"
Catholic,
strategy,"n.策略,军略"
streak,"v.飞跑,加上条纹"
denounce,"vt.公开指责,公然抨击,谴责"
physics,n.物理学
maneuver,v.机动n.机动
facet,"n.(多面体的)面,(宝石等的)刻面,小平面,方面,琢面vt.在...上刻画"
distinguish,"v.区别,辨别"
stream,"n.溪,川,流,一股,一串,河流v.流,涌,流注"
stride,"v.大步走(过),跨过,大步行走n.步幅"
apparatus,"n.器械,设备,仪器"
levy,"n.征收,征税,征兵v.征收,征集,征用"
introduce,"vt.介绍,传入,引进,提出"
critic,"n.批评家,评论家,吹毛求疵者"
avoid,"vt.避免,消除"
bull,"n.[动]公牛,粗壮如牛的人"
complicated,"adj.复杂的,难解的"
rival,"n.竞争者,对手v.竞争,对抗,相匹敌"
period,"n.时期,学时,节,句点,周期,(妇女的)经期adj.过去某段时期的int.没有了"
encounter,"v.遭遇,遇到,相遇n.遭遇,遭遇战"
exhaust,"vt.用尽,耗尽,抽完,使精疲力尽vi.排气n.排气,排气装置adj.用不完的,不会枯竭的"
deadline,n.最终期限
dispose,"v.处理,处置,部署vt.布置,安排,除去,使愿意"
scheme,"n.安排,配置,计划,阴谋,方案,图解,摘要v.计划,设计,图谋,策划"
polish,"n.磨光,光泽,上光剂,优雅,精良vt.擦亮,发亮,磨光,推敲vi.发亮,变光滑adj.波兰的n.波兰人 Polish 波兰(Poland)的"
grope,v.n.摸索
locality,"n.位置,地点"
discreet,"adj.小心的,慎重的,有思虑的,贤明的"
applaud,"v.拍手喝彩,称赞,赞同"
clan,"n.部落,氏族,宗族,党派"
pose,"n.姿势,姿态v.(使...)摆好姿势,形成,引起,造成vi.摆姿势,佯装,矫揉造作"
immigrant,"adj.(从外国)移来的,移民的,移居的n.移民,侨民"
counterpart,"n.副本,极相似的人或物,配对物"
ascend,"v.攀登,上升"
ascertain,"vt.确定,探知"
soar,"v.高飞,高丛,滑翔,剧增,昂扬n.高飞范围,高涨程度"
audience,"n.听众,观众,接见,拜见"
input,n.输入v.输入
phase,"n.阶段,状态,相,相位v.定相"
deliberate,"adj.深思熟虑的,故意的,预有准备的v.商讨"
elaborate,"adj.精心制作的,详细阐述的,精细vt.精心制作,详细阐述v.详细描述"
chronic,"adj.慢性的,延续很长的"
likely,"adj.很可能的,合适的,可靠的,有希望的adv.或许,很可能"
stroke,"n.击,敲,报时的钟声,(网球等)一击,(划船等)一划,(绘画等)一笔,一次努力,打击vt.抚摸"
stroll,"n.漫步,闲逛,四处流浪v.闲逛,漫步,跋涉于"
scan,"v.细看,审视,浏览,扫描n.扫描"
commercial,"adj.商业的,贸易的"
beam,"n.梁,桁条,(光线的)束,柱,电波,横梁v.播送"
axis,
stubborn,"adj.顽固的,固执的,坚定的,坚决的,难应付的,难处理的"
discern,"v.目睹,认识,洞悉,辨别,看清楚"
lane,"n.(乡间)小路,巷,里弄,狭窄的通道,航线"
practicable,"adj.能实行的,行得通的,可以实行的"
project,"n.计划,方案,事业,企业,工程v.设计,计划,投射,放映,射出,发射(导弹等),凸出"
analyze,"vt.分析,分解"
feasible,"adj.可行的,切实可行的"
stumble,"v.绊倒,使困惑,蹒跚,结结巴巴地说话,踌躇n.绊倒,错误"
drill,"n.钻孔机,钻子,播种机,军事训练,操练,(反复)练习,条播机v.训练,钻孔,条播"
incline,"n.倾斜,斜坡,斜面vt.使倾向于,使倾斜vi.倾向,倾斜"
outrageous,"adj.蛮横的,残暴的,无耻的,可恶的,令人不可容忍的"
stern,"adj.严厉的,苛刻的n.船尾"
solicitor,"n.律师,法律顾问"
commentary,"n.注释,解说词"
escort,"n.护卫(队),护送,陪同(人员),护卫队v.护卫,护送,陪同"
feather,"n.翎毛,轻的东西,羽毛vi.长羽毛vt.用羽毛装饰,射掉(飞禽)的羽毛"
sturdy,"adj.强健的,坚定的,毫不含糊的n.[兽医]家畜晕倒病"
contend,"v.斗争,竞争,主张"
tide,"n.潮,潮汐,潮流,趋势"
gracious,"adj.亲切的,高尚的"
disgrace,"n.耻辱,失宠,丢脸的人(或事)v.玷污"
intricate,"adj.复杂的,错综的,难以理解的"
queue,"n.行列,长队,队列vi.排队,排队等待"
imperial,adj.皇帝的
imperative,"n.命令,诫命,需要,规则,祈使语气adj.命令的,强制的,紧急的,必要的,势在必行的,[语法]祈使的"
intimate,"adj.亲密的,隐私的vt.宣布,明白表示n.熟友"
elite,"n.<法>[集合名词]精华,精锐,中坚分子"
plead,"vi.辩护,恳求vt.为...辩护,借口,托称"
subject,"n.题目,主题,科目,学科,国民,[语法]主语adj.受他国统治的,未独立的,受制于...的,受...影响的,以...为条件的vt.使屈从于...,使隶属"
highlight,"n.加亮区,精彩场面,最显著(重要)部分vt.加亮,使显著,以强光照射,突出"
ambition,"n.野心,雄心"
bureaucracy,"n.官僚,官僚作风,官僚机构"
reassure,"vt.使...安心,再保证,使...恢复信心,打消...的疑虑"
liable,"adj.有责任的,有义务的,易...的,有...倾向的,负有责任的,很有可能的"
marine,"n.舰队,水兵,海运业adj.海的,海产的,航海的,船舶的,海运的"
slash,"v.猛砍,鞭打,砍伤,大量削减,严历批评,抽打n.猛砍,(大幅度)削减,斜线"
differentiate,"v.区别,区分"
secure,"adj.安全的,可靠的,放心的,无虑的v.保护"
quiver,"n.震动,颤抖,箭袋,箭袋中的箭vi.颤抖,振动,射中vt.使颤动adj.敏捷的"
court,"n.法院,庭院,朝廷,宫庭,球场,奉承,求爱,殷勤vt.向...献殷勤,追求,设法获得(他人的支持等),博得(喝彩),招致(失败、危险等)vi.求爱"
submit,"v.(使)服从,(使)顺从vt.提交,递交"
bowel,"n.肠adj.内部,同情心"
extinct,"adj.熄灭的,灭绝的,耗尽的vt.<古>使熄灭"
cork,"n.软木塞,软木,(用塞子)塞住"
junk,"n.垃圾,舢板"
subordinate,"adj.次要的,从属的,下级的n.下属v.服从"
describe,
hostage,"n.人质,抵押品"
insane,"adj.患精神病的,精神病患者的,极愚蠢的"
dilemma,"n.进退两难的局面,困难的选择"
magnitude,"n.大小,数量,巨大,广大,量级"
exchange,"vt.交换,调换,兑换,交流,交易n.交换,调换,兑换,交流,交易"
flank,"n.腰窝,侧面,军队侧翼,侧腹,胁,腰窝肉vt.在...的侧面,侧翼包围,守侧面vi.侧面与...相接"
incredible,adj.<口>难以置信的
skull,"n.头脑,头骨"
appearance,"n.出现,露面,外貌,外观"
reflexion,"n.<主英>(=reflection)反射,反射光"
inertia,"n.惯性,惯量"
affiliate,"v.(使...)加入,接受为会员"
slump,"n.消沉,衰退,(物价)暴跌v.失败,消沉,(物价)暴跌,跌落"
convene,"v.召集,集合"
imply,"vt.暗示,意味"
benefit,"n.利益,好处vt.有益于,有助于vi.受益"
profit,"n.利润,益处,得益vi.得益,利用vt.有益于,有利于"
diligent,"adj.勤勉的,用功的,细心而继续不断的"
skip,"v.跳,蹦,急速改变,跳读,遗漏,跳跃n.跳跃"
cradle,"n.摇篮,发源地,支船架vt.将...放在摇篮内"
adapt,"vt.使适应,改编"
erroneous,"adj.错误的,不正确的"
substance,"n.物质,实质,主旨,物质,物"
elegant,"adj.文雅的,端庄的,雅致的,<口>上品的,第一流的"
edible,adj.可食用的
subsidy,"n.补助金,津贴"
fabric,"n.织品,织物,布,结构,建筑物,构造"
collaboration,"n.协作,通敌"
administration," /[)n/n.管理,经营,衅]网络管理"
dock,"n.<美> 码头,船坞,被告席,尾巴的骨肉部分vt.靠码头,引入坞,剪短vi.入船坞"
indifferent,adj.无关紧要的
economy,"n.经济,节约,节约措施,经济实惠,系统,机体,经济制度的状况"
appraisal,"n.评价,估价(尤指估价财产,以便征税),鉴定"
rim,"n.边,轮缘,蓝框vt.镶边,为...装边,沿...边缘滚动vi.形成边状"
environment,"n.环境,外界"
environmental,"adj.周围的,环境的n.环境论"
collapse,"n.倒塌,崩溃,失败,虚脱vi.倒塌,崩溃,瓦解,失败,病倒"
suburban,"adj.郊外的,偏远的"
succession,"n.连续,继承,继任,演替,[农业] 轮栽,连续性"
clerk,"n.职员,办事员,<美> 店员"
rein,"n.缰绳,统治,支配vt.以缰绳控制,统治,驾驭vi.勒住马,止住"
decay,"vi.腐朽,腐烂,衰减,衰退n.腐朽,腐烂,衰减,衰退v.衰落"
ozone,"n.新鲜的空气,[化]臭氧"
margin,"n.页边的空白,(湖、池等的)边缘,极限,利润,差数,(时间、金额等的)富余vt.加边于,加旁注于"
devote,"vt.投入于,献身"
modest,"adj.谦虚的,谦让的,适度的"
depict,"vt.描述,描写"
orchestra,"n.管弦乐队,乐队演奏处"
associate,"vt.使发生联系,使联合vi.交往,结交n.合作人,同事adj.副的"
heap,"n.堆,大量,许多vt.堆,堆起v.堆积"
apply,"vt.申请,应用vi.申请,适用"
condense,"v.(使)浓缩,精简"
extreme,"adj.尽头的,极端的,极度的,偏激的,最后的n.极端,极端的事物"
hawk,"n.鹰,掠夺他人的人,鹰派成员vi.放鹰,像鹰一般地袭击,清嗓,咳嗽vt.捕捉,咳出,兜售,(沿街)叫卖,散播"
latitude,"n.纬度,范围,(用复数)地区,行动或言论的自由(范围)"
contempt,"n.轻视,轻蔑,耻辱,不尊敬,[律]藐视法庭(或国会)"
slick,"adj.光滑的,熟练的,聪明的,华而不实的,陈腐的,平凡的,老套的adv.灵活地,聪明地vt.使光滑,使漂亮n.平滑的水面,平滑器,修光工具vi.打扮整洁"
plunge,"n.跳进,投入vi.投入,跳进,陷入vt.使投入,使插入,使陷入"
suffice,"vi.足够,有能力vt.使满足"
discard,"vt.丢弃,抛弃v.放弃"
hum,"v.嗡嗡叫,哼n.嗡嗡声,吵杂声"
prove,"vt.证明,证实,检验,考验vi.原来(是),证明(是)"
behave,"vi.举动,举止,运转v.行为表现"
quench,"vt.结束,熄灭,淬火vi.熄灭,平息"
prolong,"vt.延长,拖延"
revenue,"n.收入,国家的收入,税收"
howl,"v.嚎叫,怒吼,嚎啕大哭,喝住,号叫n.嚎叫,怒号,嚎哭"
lease,"n.租借,租约,租赁物,租期,延续的一段时间vt.出租,租出,租得"
random,"n.随意,任意adj.任意的,随便的,胡乱的adv.胡乱地"
donate,"v.捐赠,赠予"
immune,adj.免疫的
banquet,n.宴会
climate,"n.气候,风土,思潮"
divine,"adj.神的,神圣的,非凡的,超人的,非常可爱的n.牧师"
destruction,"n.破坏,毁灭"
defeat,"n.击败,战胜,失败vt.击败,战胜,使失败,挫折v.击败"
suite,"n.(一批)随员,(一套)家具,套房,套,组,组曲"
skeptical,"adj.怀疑性的,好怀疑的,<口>无神论的"
impact,"n.碰撞,冲击,冲突,影响,效果vt.挤入,撞击,压紧,对...发生影响"
sulfur,"n.[化] 硫磺,硫黄vt.用硫磺处理"
precedent,n.先例
refrain,"n.重复,叠句,[乐]副歌vi.节制,避免,制止"
disorder,"n.杂乱,混乱,无秩序状态vt.扰乱,使失调,使紊乱"
active,"adj.积极的,能起作用的,现行的,[语法]主动的,活动的,活跃的,活性的;n.[语法] 主动语态,积极分子"
sum,"n.总数,和,金额,算术题"
summon,"v.召集,召唤,号召,鼓起,振作"
designate,"vt.指明,指出,任命,指派v.指定,指派"
annoy,"vt.使苦恼,骚扰"
gorgeous,"adj.华丽的,灿烂的"
outward,"adj.外面的,外表的,公开的,向外的,外出的adv.向外,在外,表面上n.外表,周围世界"
merit,"n.优点,价值v.有益于"
handicap,"n.障碍,阻碍,障碍赛跑v.妨碍,使不利,阻碍"
paperback,"n.平装本,纸面本"
shark,"n.[鱼]鲨鱼,骗子<俚>内行,专家v.敲诈"
accustomed,"adj.通常的,习惯的,按照风俗习惯的"
prefer,"vt.更喜欢,宁愿"
reform,"n.改革,改善,改良运动,感化vt.改革,革新,重新组成vi.革新,改过,重组"
orthodox,"adj.正统的,传统的,习惯的,保守的,东正教的"
precious,"adj.宝贵的,贵重的,珍爱的,过于精致的,珍爱的"
miserable,"adj.痛苦的,悲惨的,可怜"
negotiate,"v.(与某人)商议,谈判,磋商,,买卖,让渡(支票、债券等),通过,越过"
superintendent,"n.主管,负责人,指挥者,管理者"
manuscript,"n.手稿,原稿"
supersonic,"adj.超音波的n.超声波,超声频"
superiority,"n.优越,高傲"
smuggle,"n.走私,偷带v.走私"
inventory,"n.详细目录,存货,财产清册,总量"
pole,"n.棒,柱,杆,竿,极,磁极,电极vt.用竿支撑,用棒推vi.撑篙 Pole 波兰人"
cape,"n.海角,岬"
support,"vt.支撑,扶持,支持,支援,拥护,维持,赡养,忍受n.支撑,支持,支援,维持,赡养,支持者,支柱"
noticeable,"adj.显而易见的,值得注意的"
latent,"adj.潜在的,潜伏的,隐藏的n.隐约的指印"
addition,"n.加,加起来,增加物,增加,加法"
shove,"n.<口>推,挤vt.<口>推挤,猛推,强使vi.推"
curb,n.路边
supreme,"adj.极度的,极大的,至高的,最高的"
bandage,n.绷带
planet,n.[天]行星
bang,"n.重击,突然巨响v.发巨响,重击"
brisk,"adj.敏锐的,凛冽的,轻快的,活泼的vt.使活泼vi.活跃起来"
urge,"vt.催促,力劝n.强烈欲望,迫切要求v.促进"
surgery,"n.外科,外科学,手术室,诊疗室"
exhibit,"vt.展出,陈列n.展览品,陈列品,展品v.展示"
radiant,"adj.发光的,辐射的,容光焕发的"
sacred,"adj.神的,宗教的,庄严的,神圣的"
fossil,"n.化石,僵化的事物adj.化石的,陈腐的,守旧的"
interim,"adj.中间的,临时的,间歇的n.中间时期,过渡时期,暂定"
fort,"n.堡垒,边界上的贸易站"
dine,"vi.吃饭,进餐"
pitch,"n.程度,斜度,树脂,投掷,定调,(船只)前后颠簸,倾斜,沥青vt.投,掷,向前倾跌,定位于,用沥青涂,扎营vi.搭帐篷,投掷,坠落,倾斜"
entitle,"vt.给...权利(或资格),给...题名,给...称号v.授权,授权"
identity,"n.同一性,身份,一致,特性,恒等式"
monster,"n.怪物,妖怪"
burden,"n.担子,负担v.负担"
deteriorate,v.(使)恶化
conjunction,"n.联合,关联,连接词"
gauge,"n.标准尺,规格,量规,量表v.测量"
fold,"n.折,羊栏,折痕,信徒vt.折叠,包,合拢,抱住,笼罩,调入,交迭vi.折叠起来,彻底失败"
outline,"n.大纲,轮廓,略图,外形,要点,概要vt.描画轮廓,略述"
literal,"adj.文字的,照字面上的,无夸张的"
athlete,"n.运动员,运动选手"
peculiar,"adj.奇特的,罕见的,特殊的n.特有财产,特权"
surpass,"vt.超越,胜过"
console,"vt.安慰,藉慰n.[计] 控制台"
racket,"n.球拍,喧闹纷乱v.过着花天酒地的生活"
pessimistic,"adj.悲观的,厌世的"
species,"n.种类,(原)核素n.[律]式样n.[宗]圣餐物"
surplus,"n.剩余,过剩,[会计]盈余adj.过剩的,剩余的vt.转让,卖掉"
survival,"n.生存,幸存,残存,幸存者,残存物"
dart,"n.标枪,镖,(昆虫的)刺,飞快的动作v.飞奔,投掷"
breakdown,"n.崩溃,衰弱,细目分类"
susceptible,"adj.易受影响的,易感动的,容许...的n.(因缺乏免疫力而)易得病的人"
sue,"vt.控告,向...请求,请愿vi.提出诉讼,提出请求"
fatigue,"n.疲乏,疲劳,累活,[军]杂役vt.使疲劳,使心智衰弱vi.疲劳"
sanction,"n.批准,同意,支持,制裁,认可v.批准,同意,支持,鼓励,认可"
juvenile,"adj.青少年的,幼稚的n.青少年,少年读物"
majesty,"n.最高权威,王权,雄伟"
autonomous,adj.自治的
subtle,"adj.狡猾的,敏感的,微妙的,精细的,稀薄的"
budget,"n.预算vi.做预算,编入预算"
opaque,"n.不透明物adj.不透明的,不传热的,迟钝的"
safeguard,"vt.维护,保护,捍卫n.安全装置,安全措施"
grin,"n.露齿笑,裂口笑v.露齿而笑"
reap,"v.收割,收获"
innovation,"n.改革,创新"
elapse,"vi.(时间)过去,消逝v.流逝"
medieval,"adj.中世纪的,仿中世纪的,老式的,<贬>原始的"
majority,"n.多数,大半n.[律] 成年"
retain,"vt.保持,保留"
nickname,"n.诨号,绰号,昵称vt.给...取绰号,给...起浑名"
preside,v.主持
settlement,"n.沉降,解决,结算,殖民,殖民地"
sustain,"vt.支撑,撑住,维持,持续"
napkin,"n.餐巾,餐巾纸,<英>尿布,<美>月经带"
adequate,
probable,"adj.很可能的,大概的"
swamp,"n.沼泽,湿地,煤层聚水v.陷入沼泽,淹没,覆没"
revolutionary,adj.革命的
resultant,"adj.作为结果而发生的,合成的"
cozy,"adj.舒适的,安逸的,惬意的"
leaflet,"n.小叶,传单"
nil,
coward,"n.懦弱的人,胆小的人"
destination,"n.目的地,[计] 目的文件,目的单元格"
articulate,"adj.有关节的,发音清晰的vt.用关节连接,接合,清晰明白地说"
symmetry,"n.对称,匀称"
nonetheless,"adv.虽然如此,但是"
sympathy,"n.同情,同情心"
scent,"n.气味,香味,香水,线索,嗅觉,臭迹vt.闻出,嗅,发觉,循着遗臭追踪,使充满气味vi.嗅猎,发出气味"
colleague,"n.同事,同僚"
chapel,"n.小礼拜堂,礼拜"
doubtful,"adj.可疑的,不确的,疑心的"
product,"n.产品,产物,乘积"
factor,"n.因素,要素,因数,代理人"
intervene,"vi.干涉,干预,插入,介入,(指时间)介于其间v.干涉"
mortal,"n.凡人,人类adj.必死的,致命的,人类的,临终的adj.<口>极端的,非常大(长)的"
agony,"n.苦恼,极大的痛苦"
momentum,"n.动力,要素"
clone,"n.无性系,无性繁殖,克隆v.无性繁殖,复制"
gland,"n.[解剖]腺,[机械]密封管"
shaft,"n.轴,杆状物"
permanent,"adj.永久的,持久的"
contemplate,"v.凝视,沉思,预期,企图"
denote,"vt.指示,表示"
irritate,"vt.激怒,使急躁v.刺激"
pore,"n.毛孔,小孔,气孔vi.熟读,凝视,细想,沉思vt.因凝视过度使...疲劳"
installation,"n.[计]安装,装置,就职"
hound,"n.猎犬vt.带猎犬狩猎,卑鄙的人,追捕,激励,使追逐"
diagnose,v.诊断
poison,"n.毒药,败坏道德之事,毒害vt.毒害,败坏,使中毒vi.放毒,下毒"
toxic,"adj.有毒的,中毒的"
domestic,"adj.家庭的,国内的,与人共处的,驯服的"
respond,"v.回答,响应,作出反应vi.有反应"
envisage,v.正视
faint,"n.昏晕,昏倒adj.虚落地,衰弱的,软弱的,无力的,微弱的,暗淡的,模糊的vi.昏晕,昏倒,变得微弱,变得没气力"
alert,"adj.提防的,警惕的n.警惕,警报"
handbook,"n.手册,便览"
calcium,n.[化]钙(元素符号Ca)
philosophy,"n.哲学,哲学体系,达观,冷静"
hysterical," a歇斯底里的,异常兴奋的"
erode,"vt.侵蚀,腐蚀,使变化vi.受腐蚀,逐渐消蚀掉"
alcohol,"n.酒精,酒"
burst,"v.爆裂,炸破,急于,爆发n.突然破裂,爆发,脉冲"
questionnaire,"n.调查表,问卷"
symphony,"n.交响乐,交响曲"
compute,"v.计算,估计,用计算机计算(或确定)"
syndrome,n.综合病症
brutal,"adj.残忍的,兽性的"
olive,"n.橄榄树,橄榄叶,橄榄枝,橄榄色 Olive 奥利夫(女子名)"
excess,"n.过度,剩于,无节制,超过,超额adj.过度的,额外的"
pirate,"n.海盗,盗印者,盗版者,侵犯专利权者vt.盗印,盗版,掠夺,翻印vi.做海盗"
symposium,"n.讨论会,座谈会"
fury,"n.狂怒,狂暴,激烈,狂怒的人,<希神>复仇女神"
interpret,"v.解释,说明,口译,通译,认为是...的意思"
cliff,"n.悬崖,绝壁"
reunion,"n.团圆,重聚"
lunar,"adj.月的,月亮的"
synthetic,"adj.合成的,人造的,综合的"
betray,"vt.出卖,背叛,泄露(秘密),露出...迹象"
dizzy,"adj.(指人)晕眩的,昏乱的,(指地点,情况)使人晕眩的"
colony,"n.殖民地,侨民,(聚居的)一群同业,一批同行,(生物)群体"
constitute,"vt.制定(法律),建立(政府),组成,任命"
amplify,"vt.放大,增强v.扩大"
tack,"n.大头钉,粗缝,行动方针,食物vt.以大头针钉住,附加vi.抢风航行,作文字形移动"
tackle,"n.工具,复滑车,滑车,用具,装备,扭倒vt.固定,应付(难事等),处理,解决,抓住vi.捉住,扭住,扭倒"
drainage,"n.排水,排泄,排水装置,排水区域,排出物,消耗"
amend,"v.修正,改进,改正"
hamper,"v.妨碍,牵制"
humidity,"n.湿气,潮湿,湿度<美>沼泽中的肥沃高地"
atmosphere,"n.大气,空气,气氛"
grant,"vt.同意,准予,承认(某事为真)～"
historian,"n.历史学家,史家"
acknowledge,"vt.承认,答谢,报偿"
fuse,"n.保险丝,熔丝v.熔合"
prototype,n.原型
tame,"adj.(指动物)驯服的、柔顺的,(指人)没精打彩的、顺从的,被开垦的,沉闷的,乏味的,平淡的vt.驯养,驯服,制服,使变得平淡vi.变得驯服"
electrician,"n.电工,电学家"
blunt,"adj.钝的,生硬的"
blunder,"v.跌跌撞撞地走,犯大错,做错n.大错,失误"
plaster,"n.石膏,灰泥,膏药,橡皮膏vt.涂以灰泥,敷以膏药,减轻,粘贴,重创"
numerical,"adj.数字的,用数表示的adj.数字的,用数字表示的"
foresee,"vt.预见,预知"
peak,"n.山顶,顶点,帽舌,(记录的)最高峰adj.最高的vi.到达最高点,消瘦,缩小vt.使竖起,使达到最高点"
tangle,n.混乱状态v.处于混乱状态
linen,"n.亚麻布,亚麻制品,亚麻纤维制成的优质纸adj.亚麻布制的,亚麻的"
disrupt,"v.使中断,使分裂,使瓦解,使陷于混乱,破坏"
analogy,"n.类似,类推"
cater,"vi.备办食物,满足(需要),投合"
tanker,n.油轮
crumble,"v.弄碎,粉碎,崩溃n.面包屑"
provided, conj.倘若
pastime,"n.消遣,娱乐"
function,"n.官能,功能,作用,职责,典礼,仪式,[数]函数vi.(器官等)活动,运行,行使职责"
capable,"adj.有能力的,能干的,有可能的,可以...的"
grave,"n.墓穴,坟墓adj.严重的,(颜色)黯淡的,(声音)低沉的v.雕刻,铭记"
target,"n.目标,对象,靶子"
specialist,"n.专门医师,专家"
alloy,"n.合金vt.使成合金,减低成色"
integrate,"vt.使成整体,使一体化,求...的积分v.结合"
resort,"vi.求助,诉诸,采取(某种手段等),常去n.凭借,手段,常去之地,胜地"
climax,"n.高潮,顶点"
alien,"n.外侨adj.外国的,相异的,不同,背道而驰"
hint,"n.暗示,提示,线索"
linear,"adj.线的,直线的,线性的"
scorn,"n.轻蔑,嘲笑,被叱责的人vt.轻蔑,不屑做"
module,"n.模数,模块,登月舱,指令舱"
tariff,"n.关税,关税表,税则,(旅馆,饭店等的)价目表、价格表vt.课以关税"
overturn,"n.倾覆,破灭,革命vt.推翻,颠倒vi.翻倒n.翻转,毁灭"
faith,"n.信任,信念,宗教信仰,忠实,保证,诺言,约定"
pudding,"n.布丁(一种以面粉,牛奶,鸡蛋等为基料的糊壮甜食)"
tease,"n.揶揄,戏弄,逗惹vt.取笑,逗恼,奚落,欺负,嘲弄,取笑,强求,梳理"
tedious,"adj.单调乏味的,沉闷的,冗长乏味的"
abortion,"n.流产,堕胎,失败,夭折,中止,早产"
indicate,"vt.指出,显示,象征,预示,需要,简要地说明"
qualitative,"adj.性质上的,定性的"
attain,"vt.达到,获得v.达到"
occur,"vi.发生,出现"
adverse,"adj.不利的,敌对的,相反的"
ideology,n.意识形态
remedy,"n.药物,治疗法,补救,赔偿vt.治疗,补救,矫正,修缮,修补"
telecommunication, /n.电ion satellite//5keIF(E)n/n.电讯信局
stray,"v.迷路,偏离,漂泊,漂泊游荡adj.迷路的,离群的,偶遇的"
grease,"n.油脂,贿赂vt.涂脂于,<俗>贿赂"
cane,"n.细长的茎,藤条vt.以杖击,以藤编制"
stimulate,"vt.刺激,激励v.刺激,激励"
potential,"adj.潜在的,可能的,势的,位的n.潜能,潜力,电压"
temper,"n.(钢等)韧度,回火,性情,脾气,情绪,心情,调剂,趋向v.(冶金)回火、锻炼,调和,调节"
mob,"n.(集合词)暴徒,乌合之众,(盗贼等的)一群v.成群暴动,聚众滋扰"
superior,"n.长者,高手,上级adj.较高的,上级的,上好的,出众的,高傲的"
insert,"vt.插入,嵌入n.插入物"
arrest,"vt.逮捕,拘留,吸引n.逮捕,拘留"
henceforth,"adv.自此以后,今后"
allege,"vt.宣称,断言"
bypass,"n.旁路vt.设旁路,迂回"
coincidence,"n.一致,相合,同时发生或同时存在(尤指偶然)的事"
groan,"n.呻吟,叹息vi.呻吟,受折磨,受压迫发出嘎吱声vt.呻吟着说"
decisive,adj.决定性的
regard,"n.关心,注意,尊敬,尊重,致意,问候,关系vt.看待,当作,重视,尊敬,关系"
tempo,"n.(音乐)速度、拍子,发展速度"
arena,"n.竞技场,舞台"
cordial,"n.兴奋剂,兴奋性饮料adj.热忱的,诚恳的,兴奋的"
shuttle,"n.往返汽车(列车、飞机),航天飞机,梭子,穿梭v.穿梭往返"
shutter,"n.关闭者,百叶窗,快门,<美俚>安眠药;vt.关上,装以遮门,以百叶窗遮闭"
paralyze,"vt.使瘫痪,使麻痹"
temptation,"n.诱惑,诱惑物"
companion,"n.同伴,共事者"
belly,"n.腹部,胃vi.涨满"
machinery,"n.[总称] 机器,机械"
immerse,"vt.沉浸,使陷入"
batch,"n.(面包等)一炉,一批,批处理"
shabby,"adj.破旧的,褴褛的,低劣的,卑鄙的,不公平的"
hover,v.盘旋
lace,"n.饰带,花边,缎带,鞋带vt.扎带子,扎,饰以花边vi.缚带子"
extinguish,"vt.熄灭,消灭,压制,使黯然失色,偿清"
tenant,"n.承租人,房客,租客v.出租"
sociology,n.社会学
blur,"v.涂污,污损(名誉等),把(界线,视线等)弄得模糊不清,弄污n.污点"
pistol,n.手枪
mansion,"n.大厦,官邸,公寓(用复数,用于专有名词中)"
purity,"n.纯净,纯洁,纯度"
boycott,"n.vt.联合抵制,联合排斥某国货物或与某国绝交"
dim,"adj.暗淡的,模糊的,无光泽的,悲观的,怀疑的vt.使暗淡,使失去光泽n.<美俚>笨蛋、傻子"
flush,"n.奔流,晕红,激动,萌芽,活力旺盛,发烧,一手同花的五张牌,惊鸟;adj.挥霍的,直接的,泛滥的;adv.齐平地,直接地;vi.(脸)发红,奔涌,充沛,惊飞;vt.淹没,冲洗,使脸红,使齐平,使惊飞,使激动"
recall,"vt.回忆,回想,记起,取消n.召回"
overhear,"vt.无意中听到,偷听"
sculpture,"n.雕刻,雕刻品,雕塑,雕塑品,[地理] 刻蚀v.雕刻,雕塑,刻蚀"
score,"n.得分,乐谱,抓痕,二十,终点线,刻痕,帐目,起跑线vt.把...记下,刻划,划线,获得,评价vi.记分,刻痕,得分"
heir,"n.继承人,后嗣"
dolphin,n.海豚
circulate,"v.(使)流通,(使)运行,(使)循环,(使)传播"
mission,"n.使命,任务,使团,代表团"
slogan,"n.口号,标语"
sensation,"n.感觉,感情,感动,耸人听闻的"
attack,"n.进攻,攻击,(用语言)抨击,批评,疾病发作,侵袭vt.攻击,抨击,动手处理(某事)vi.攻击"
bump,"n.撞击,肿块v.碰(伤),撞(破),颠簸"
precaution,"n.预防,警惕,防范"
fraud,"n.欺骗,欺诈行为,诡计,骗子,假货"
scrape,"n.刮,擦,擦痕,刮擦声,困境vi.刮掉,擦掉,刮出刺耳声vt.刮,擦,擦伤,挖成"
exaggerate,"v.夸大,夸张"
impart,"vt.给予(尤指抽象事物),传授,告知,透露"
ethnic,"adj.人种的,种族的,异教徒的"
refuge,"n.庇护,避难,避难所"
tentative,"n.试验,假设adj.试验性的,试探的,尝试的,暂定的"
arrange,"v.安排,排列,协商"
recover,"vt.重新获得,恢复,使改过vi.痊愈,复原,胜诉"
accomplish,"vt.完成,达到,实现"
frantic,"adj.狂乱的,疯狂的"
apartment,"n.<美>公寓住宅,单元住宅,房间"
spiral,adj.螺旋形的n.螺旋v.盘旋
invade,"vt.侵略,侵袭,拥挤"
divert,"v.转移,转向,使高兴"
dwell,"vi.居住,踌躇"
eagle,"n.鹰,鹰状标饰"
artillery,"n.炮的总称,炮兵的总称"
terminate,"v.停止,结束,终止"
prose,n.散文
render,"vt.呈递,归还,着色,汇报,致使,放弃,表演,实施vi.给予补偿n.交纳,粉刷,打底"
pretext,"n.借口,托辞v.借口"
courage,"n.勇气,精神"
imaginary,"adj.假想的,想象的,虚构的"
allocate,"vt.分派,分配"
parameter,"n.参数,参量,<口>起限定作用的因素"
champion,"n.冠军,拥护者,战士vt.拥护,支持"
compulsory,"adj.必需做的,必修的,被强迫的,被强制的,义务的"
loyal,"adj.忠诚的,忠心的"
sieve,"n.筛,滤网,不会保密的人v.筛,过滤"
label,"n.标签,签条,商标,标志vt.贴标签于,指...为,分类,标注 [计] 加上或修改磁盘的标签"
expert,"n.专家,行家,[军](特等)射手adj.老练的,内行的,专门的vt.在...中当行家,当专家"
terrace,"n.梯田的一层,梯田,房屋之平顶,露台,阳台,倾斜的平地 adj.(女服)叠层式的vt.使成梯形地,使有平台屋顶"
flask,"n.瓶,长颈瓶,细颈瓶,烧瓶,小水瓶"
cucumber,n.[植]黄瓜
abandon,"vt.放弃,遗弃;n.放任,狂热"
decree,"n.法令,政令,教令,天命,判决v.颁布"
mediate,"v.仲裁,调停,作为引起...的媒介,居中调停"
scatter,"v.分散,散开,撒开,驱散"
pasture,"n.牧地,草原,牧场v.放牧,牧(牛、羊)等,吃草"
ingredient,"n.成分,因素"
brief,"n.摘要,大纲adj.简短的,短暂的vt.摘要,(军事)下达简令"
torture,"n.折磨,痛苦,拷问,拷打vt.拷问,曲解,折磨,使弯曲"
robust,adj.精力充沛的
saturate,"v.使饱和,浸透,使充满"
detection,"n.察觉,发觉,侦查,探测,发现"
monitor,"n.班长,监听器,监视器,监控器vt.监控v.监控"
purchase,"vt.买,购买n.买,购买"
assassination,n.暗杀
testify,"v.证明,证实,作证"
alarm,"n.警报,惊慌,警告器vt.恐吓,警告"
insight,"n.洞察力,见识"
concept,"n.观念,概念"
preach,v.鼓吹
instrument,"n.工具,手段,器械,器具,手段"
fantasy,"n.幻想,白日梦"
texture,"n.(织品的)质地,(木材,岩石等的)纹理,(皮肤)肌理,(文艺作品)结构"
forge,"v.稳步前进,铸造,伪造"
acquaintance,"n.相识,熟人"
fertilizer,"n.肥料(尤指化学肥料),[动]受精媒介物"
mutter,"n.咕哝,嘀咕v.咕哝,嘀咕"
elementary,"adj.初步的,基本的,[化]元素的,自然力的"
mingle,v.(使)混合
dissipate,"v.驱散,(使)(云、雾、疑虑等)消散,浪费(金钱或时间)"
theft,"n.偷,行窃,偷窃的事例,偷窃行为"
patient,"n.病人,患者adj.忍耐的,耐心的"
rank,"n.等级,横列,阶级adj.繁茂的,恶臭的,讨厌的,下流的vt.排列,归类于,把...分等vi.列为,列队n.[数] 秩"
scenery,"n.风景,景色"
queer,"n.同性恋者adj.奇怪的,可疑的,不舒服的vt.搞糟n.同性恋者"
aggregate,"n.合计,总计,集合体adj.合计的,集合的,聚合的v.聚集,集合,合计"
segregate,v.隔离
liberal,"n.自由主义者,(尤指英国、加拿大等国的)adj.慷慨的,不拘泥的,宽大的,自由主义的"
eliminate,"vt.排除,消除v.除去"
slaughter,"n.屠宰,残杀,屠杀v.屠宰,残杀,屠杀"
dilute,"v.冲淡,变淡,变弱,稀释adj.淡的,弱的,稀释的"
theme,"n.(谈话,写作等的)题目,主题,学生的作文,作文题,[音乐] 主题,主题曲,主旋律"
therefore,"adv.因此,所以"
thereafter,"adv.其后,从那时以后"
famine,"n.饥荒,<古>饥饿,严重的缺乏"
mistress,"n.主妇,女主人,女能人,情妇"
promising,"adj.有希望的,有前途的"
parasite,"n.寄生虫,食客"
militant,"adj.好战的,积极从事或支持使用武力的"
arc,"n.弧,弓形,拱;Advanced RISC Computer,高级精简指令集计算机"
limitation,"n.限制,局限性"
graduate,"n.(大学)毕业生,研究生v.(使)(大学)毕业"
optimism,"n.乐观,乐观主义"
inaugurate,"vt.举行就职典礼,创新,开辟,举行开幕(落成、成立)典礼."
thesis,"n.论题,论文"
hypothesis,n.假设
solo,n.独奏曲adj.单独的
diverse,"adj.不同的,变化多的"
thermal,"adj.热的,热量的"
drought,"n.干旱,缺乏"
thorn,"n.[植]刺,棘,荆棘"
clash,"n.冲突,撞击声,抵触v.(使)发出撞击声,猛撞,冲突"
brood,"n.(动物中鸟或家禽的)一窝,(同种或同类的)一伙vt.孵,沉思"
flaw,"n.缺点,裂纹,瑕疵,一阵狂风vt.使破裂,使有缺陷,使无效vi.生裂缝,变的有缺陷"
outbreak,"n.(战争的)爆发,(疾病的)发作"
thigh,"n.大腿,股"
prevail,"vi.流行,盛行,获胜,成功"
terror,"n.恐怖,可怕的人,恐怖时期,恐怖行动"
threshold,"n.开始,开端,极限"
assistant,"n.助手,助教adj.辅助的,助理的"
confront,"vt.使面临,对抗"
threat,"n.恐吓,凶兆,威胁"
dedicate,"vt.献(身),致力,题献(一部著作给某人)"
refresh,"v.(使)精神振作,(使)精力恢复,更新"
coarse,"adj.粗糙的,粗鄙的"
vary,"vt.改变,变更,使多样化vi.变化,不同,违反"
galaxy,"n.星系,银河,一群显赫的人,一系列光彩夺目的东西"
admit,"v.容许,承认,接纳"
shield,"n.防护物,护罩,盾,盾状物vt.(from) 保护,防护v.遮蔽"
thrill,v.发抖
thrive,"v.兴旺,繁荣,茁壮成长,旺盛"
endeavor,"n.努力,尽力vi.尽力,努力"
frequent,"adj.时常发生的,频繁的"
entertainment,"n.款待,娱乐,娱乐表演"
invisible,"adj.看不见的,无形的"
throne,"n.王座,君主"
tick,"n.滴答声,记号,勾号,扁虱v.滴答地响,标以记号,作滴答声"
marshal,"n.元帅,典礼官,执行官,司仪官vt.整顿,配置,汇集vi.排列,集合"
meadow,"n.草地,牧场"
tile,"n.瓦片,瓷砖"
tickle,"n.搔,胳肢,发痒vt.胳肢,逗笑,使高兴,使发痒vi.觉得痒,使人痒"
apology,"n.(为某种思想,宗教,哲学等)辩解,道歉"
slum,n.贫民窟vi.访问贫民区
knit,"v.编织,密接,结合"
beforehand,adv.预先
evident,"adj.明显的,显然的"
aspect,"n.样子,外表,面貌,(问题等的)方面"
timely,"adj.及时的,适时的"
clue,n.线索
tilt,"v.(使)倾斜,(使)翘起,以言词或文字抨击"
curse,"n.诅咒,咒语,祸根,祸因vt.诅咒,咒骂,降祸,使受罪"
accuse,"vt.控告,谴责,非难"
devise,"vt.设计,发明,图谋,作出(计划),想出(办法),遗赠给n.遗赠"
modify,"vt.更改,修改v.修改"
perish,"vi.毁灭,死亡,腐烂,枯萎vt.毁坏,使麻木"
dismay,"n.沮丧,惊慌v.使沮丧,使惊慌"
ritual,"n.典礼,(宗教)仪式,礼节adj.典礼的,(宗教)仪式的"
generate,"vt.产生,发生"
tissue,"n.薄的纱织品,薄纸,棉纸,[生]组织,连篇"
locomotive,"n.机车,火车头adj.运动的"
gaze,"v.盯,凝视n.凝视"
token,"n.表示,向征,记号,代币adj.象征的,表意的"
magistrate,"n.文职官员,地方官员"
limb,"n.肢,翼,分支"
jerk,"n.性情古怪的人,急推,猛拉,肌肉抽搐,(生理)反射,牛肉干vi.痉挛,急拉,颠簸地行进vt.猛拉"
discipline,"n.纪律,学科v.训练"
burial,n.埋葬
tolerate,"vt.忍受,容忍"
attach,"vt.缚上,系上,贴上v.配属,隶属于"
blossom,"n.花(尤指结果实者),花开的状态,兴旺期vi.开花,兴旺,发展"
oxygen,n.[化]氧
simultaneous,"adj.同时的,同时发生的"
tow,"n.拖,拖曳所用之绳,麻的粗纤维vt.拖,曳,牵引vi.拖行,被拖带"
stock,"n.树干,库存,股票,股份,托盘,祖先,血统,原料adj.股票的,普通的,常备的,存货的,繁殖用的vt.装把手于,进货,备有,放牧vi.出新芽,采购"
cavity,"n.洞,空穴,[解剖]腔"
soluble,"adj.可溶的,可溶解的"
epidemic,"adj.流行的,传染的,流行性n.时疫,疫疾流行,(风尚等的)流行,流行病"
foil,"n.箔,金属薄片,[建]叶形片,烘托,衬托vt.衬托,阻止,挡开,挫败,贴箔于"
oppose,"vt.反对,使对立,使对抗,抗争vi.反对"
hatch,"n.孵化,舱口,舱口盖,(门、墙壁、地板上的)开口vt.孵,孵出,策划,图谋vi.孵化"
trademark,n.商标
coverage,n.复盖
cling,"vi.粘紧,附着,紧贴,坚持(意见),墨守(习惯)"
panic,"n.惊慌,恐慌,没有理由的"
comedy,"n.喜剧,喜剧性的事情"
tragedy,"n.悲剧,惨案,悲惨,灾难"
cast,"n.投掷,铸件,脱落物,一瞥,演员表v.投,抛,投射,浇铸,计算,派(角色)"
transaction,"n.办理,处理,会报,学报,交易,事务,处理事务"
cabinet,"n.(有抽屉或格子的)橱柜,<美>内阁adj.<美>内阁的,小巧的"
commonwealth,"n.国民整体,共和国,联邦"
Easter,
reckon,"vt.计算,总计,估计,猜想vi.数,计算,估计,依赖,料想"
considerate,adj.考虑周到的
ceramic,adj.陶器的n.陶瓷制品
ornament,"n.装饰物,教堂用品vt.装饰,修饰"
transcend,"vt.超越,胜过"
digest,"n.分类,摘要vi.消化vt.消化,融会贯通"
flap,"n.拍打,拍打声,副翼v.拍打,鼓翼而飞,飘动,拉下(帽)的边,扔,掷"
extravagant,"adj.奢侈的,浪费的,过分的,放纵的"
reproach,v.责备
snack,"n.小吃,快餐,一份v.吃快餐(小吃)"
memorize,"v.[亦作memorise] 记住,记忆"
carve,"v.雕刻,切开"
transient,"adj.短暂的,瞬时的n.瞬时现象"
install,"vt.安装,安置,使就职"
float,"n.漂流物,浮舟,漂浮,浮萍,彩车vi.浮动,飘浮,散播,摇摆,漂浮,动摇(计划等)付诸实行vt.使漂浮,容纳,淹没,发行,实行,用水注满"
catastrophe,"n.大灾难,大祸"
astrology,"n.占星术,占星学(以观测天象来预卜人间事务的一种方术)"
involve,"vt.包括,笼罩,潜心于,使陷于"
metallic,adj.金属(性)的
cereal,"n.谷类食品,谷类"
permeate,"vt.弥漫,渗透,透过,充满vi.透入"
inhabitant,"n.居民,居住者"
doom,"n.厄运,毁灭,死亡,世末日v.注定,判决 著名的3D动作游戏"
prosecute,"vt.实行,从事,告发,起诉vi.告发,起诉,作检察官"
dental,adj.牙齿的
linger,"v.逗留,闲荡,拖延,游移"
royal,"adj.王室的,皇家的,第一流的,高贵的"
incentive,n.动机adj.激励的
converge,"v.聚合,集中于一点vt.会聚"
overwhelm,"vt.淹没,覆没,受打击,制服,压倒"
disgust,"n.厌恶,嫌恶vi.令人厌恶,令人反感vt.使作呕"
mock,"v.嘲笑,骗,挫败,嘲弄adj.假的n.嘲弄,模仿,仿制品"
aviation,"n.飞行,航空,航空学,航空术"
figure,
anticipate,"vt.预期,期望,过早使用,先人一着,占先v.预订,预见,可以预料"
rely,"v.依赖,依靠,信赖,信任,依赖于"
fling,"n.投,掷,猛冲,暴躁的行动,急冲,嘲弄,讥笑vt.猛投,抛,掷,使陷入,挥动,嘲笑,扫视vi.猛冲,直冲,急行"
salvation,"n.拯救,救助"
portray,v.描绘
traverse,"n.横贯,横断,横木,障碍,否认,反驳,(建筑)通廊vt.横过,穿过,经过,在...来回移动,反对,详细研究vi.横越,横断,旋转,来回移动adj.横断的,横的"
sergeant,"n.警官,军士"
treaty,"n.条约,谈判"
rate,"n.比率,速度,等级,价格,费用vt.估价,认为,鉴定等级,责骂vi.被评价,责骂"
coalition,"n.合并,接合,联合"
resent,"v.愤恨,怨恨"
liner,"n.<美>班机,划线者,衬垫"
fuel,"n.燃料vt.加燃料,供以燃料vi.得到燃料"
afflict,"vt.使痛苦,折磨"
grain,"n.谷物,谷类,谷粒,细粒,颗粒,粮食"
tremendous,"adj.极大的,巨大的"
annual,"n.一年生植物,年刊,年鉴adj.一年一次的,每年的,一年生的"
trench,"n.沟渠,堑壕,管沟,电缆沟,战壕v.掘沟,挖战壕"
recession,"n.撤回,退回,退后,工商业之衰退,不景气"
indulge,v.纵容
cable,"n.电缆,海底电报,缆,索v.打(海底)电报"
tribe,"n.部落,部族"
defiance,"n.挑战,蔑视,挑衅"
trial,"n.试验,考验,审讯,审判"
attendant,n.服务员
inherent,"adj.固有的,内在的,与生俱来的"
trifle,"n.琐事,少量,蛋糕,小事v.开玩笑,玩弄,闭混,浪费,嘲弄"
fringe,"n.边缘,须边,刘海adj.边缘的,额外的v.在...上加以缘饰,成为...的边缘"
metropolitan,"adj.首都的,主要都市的,大城市"
speculate,"vi.推测,思索,做投机买卖"
clearance,n.清除
trigger,"vt.引发,引起,触发n.板机"
clockwise,adj.顺时针方向的adv.顺时针方向地
triple,"n.三倍数,三个一组adj.三倍的vt.三倍与vi.增至三倍"
exploit,"vt.开拓,开发,开采,剥削,用以自肥v.使用"
grief,"n.悲痛,伤心事,不幸,忧伤"
cynical,adj.愤世嫉俗的
overlook,"vt.俯瞰,耸出,远眺,没注意到n.眺望,俯瞰中的景色"
rehearsal,"n.排演,演习,预演,试演"
hatred,"n.憎恨,乱意,仇恨"
necessitate,v.成为必要
breakthrough,n.突破
hinge,"n.(门、盖等的)铰链,枢纽,关键vt.装铰链v.装以绞链,依...而转移"
disturb,"vt.弄乱,打乱,打扰,扰乱v.扰乱"
incidence,"n.落下的方式,影响范围,[物理]入射"
kidney,"n.肾,(动物可食用的)腰子,个性,性格"
triumph,"n.胜利,成功v.获得胜利"
cite,"vt.引用,引证,提名表扬"
atlas,"n.地图,地图集"
mechanic,"n.技工,机修工,机械士"
exemplify,"vt.例证,例示,作为...例子"
minibus,"n.中客车,小型公共汽车(我国俗称面包车,乘员10人左右)"
multitude,"n.多数,群众"
tug,"v.用力拖,吃力地搬运,苦干,用拖轮拖,拖拉n.拖,苦干,拖船,(牵引用的)绳索"
existence,"n.存在,实在,生活,存在物,实在物"
minority,"n.少数,少数民族"
tub,
enclosure,"n.围住,围栏,四周有篱笆或围墙的场地"
fulfill,"vt.履行,实现,完成(计划等)"
oak,"n.[植]橡树,橡木adj.橡木制的"
brew,"v.酿造,酝酿"
derive,vt.得自vi.起源
appeal,"n.请求,呼吁,上诉,吸引力,要求;vi.求助,诉请,要求;vt.控诉"
oblige,"vt.迫使,责成"
intrinsic,
access,"n.通路,访问,入门vt.存取,接近"
disastrous,"adj.损失惨重的,悲伤的"
tutor,"n.家庭教师,(大学)指导教师,助教,监护人,辅导教师v.辅导"
intuition,"n.直觉,直觉的知识"
generalize,"vt.归纳,概括,推广,普及"
charge,"n.负荷,电荷,费用,主管,掌管,充电,充气,装料v.装满,控诉,责令,告诫,指示,加罪于,冲锋,收费"
discharge,"vt.卸下,放出,清偿(债务),履行(义务),解雇,开(炮),放(枪),射(箭)vi.卸货,流注n.卸货,流出,放电"
adolescent,"adj.青春期的,青春的;n.青少年"
arouse,"vt.唤醒,唤起,鼓励,引起vi.睡醒"
tumble,"n.跌倒,摔跤,翻斤斗vi.翻倒,摔倒,倒塌,滚动,翻筋斗,仓惶地行动vt.使摔倒,使滚翻,弄乱"
provision,"n.供应,(一批)供应品,预备,防备,规定"
homogeneous,"adj.同类的,相似的,均一的,均匀的"
tunnel,"n.隧道,地道"
routine,"n.例行公事,常规,日常事务,程序"
infect,"vt.[医] 传染,感染"
dwarf,"n.矮子,侏儒v.(使)变矮小"
ridiculous,"adj.荒谬的,可笑的"
array,"n.排列,编队,军队,衣服,大批;vt.部署,穿着,排列"
turnover,"n.翻覆,翻折,半圆卷饼,流通量,营业额,周转adj.有一部分翻转的,可翻转的"
perplex,v.困惑
complexion,"n.面色,肤色,情况,局面"
forthcoming,adj.即将来临的n.来临
deprive,"vt.剥夺,使丧失"
confer,"vt.授予(称号、学位等),赠与,把...赠与,协议v.协商,交换意见"
naive,adj.天真的
fitting,"adj.适合的,相称的,适宜的n.试穿,试衣,装配,装置"
isle,"n.小岛,岛vt.使成为岛屿vi.住在岛屿上"
accordance,"n.一致,和谐"
ultimate,"adj.最后的,最终的,根本的n.最终"
ultraviolet,"adj.紫外线的,紫外的n.紫外线辐射"
aerial,"adj.航空的,生活在空气中的,空气的,高耸的n.天线"
twist,"n.一扭,扭曲,盘旋,曲折,歪曲,手法,螺旋状vt.拧,扭曲,绞,搓,捻,使苦恼,使转动,编织vi.扭弯,扭曲,缠绕,扭动,呈螺旋形"
porch,"n.门廊,走廊"
rational,"adj.理性的,合理的,推理的n.[数]有理数"
luggage,"n.行李,皮箱"
renaissance,"n.复兴,复活,新生,文艺复兴,文艺复兴时期"
discrepancy,"n.相差,差异,矛盾"
underestimate,"vt.低估,看轻n.低估"
garbage,"n.垃圾,废物"
unanimous,"adj.意见一致的,无异议的"
crowd,"n.人群,群众,一堆(东西),一伙v.群集,拥挤,挤满"
undergo,"vt.经历,遭受,忍受"
underlying,"adj.在下面的,根本的,潜在的,[商]优先的"
instance,"n.实例,建议,要求,情况,场合vt.举...为例,获得例证"
diplomat,"n.外交官,有外交手腕的人,有权谋的人"
preview,"n.事先查看,[计]预览vt.事先查看,预展,预演"
unfold,"vt.打开,显露,开展,阐明vi.伸展,开花,呈现vt.放(羊)出栏"
degrade,"v.(使)降级,(使)堕落,(使)退化"
hoist,"n.提升间,升起"
bonus,"n.奖金,红利"
unemployment,"n.失业,失业人数"
convenience,"n.便利,方便,有益,有用的,方便的用具、机械、安排等"
muscular,"adj.肌肉的,强健的"
feminine,"adj.妇女(似)的,娇柔的,阴性的,女性的"
clip,"n.夹子,回形针,子弹夹vt.夹住,剪短,修剪"
default,"n.默认(值),缺省(值),食言,不履行责任,[律]缺席v.疏怠职责,缺席,拖欠,默认"
unify,"vt.统一,使成一体"
executive,"adj.实行的,执行的,行政的n.执行者,经理主管人员"
blank,"adj.空白的,空着的,失色的,没有表情的n.空白,<美> 表格"
obey,"v.服从,顺从"
aesthetic,"adj.美学的,审美的,有审美感的"
quota,"n.配额,限额"
shatter,"n.粉碎,碎片,落花(叶,粒等)vt.打碎,使散开,粉碎,破坏vi.粉碎,损坏,落叶"
profess,v.表示
update,"v.使现代化,修正,校正,更新n.现代化,更新"
upgrade,"n.升级,上升,上坡adv.往上vt.使升级,提升,改良品种"
universe,"n.宇宙,世界,万物,领域"
heighten,"v.提高,升高"
grip,"vt.紧握,紧夹n.掌握,控制,把手v.抓住"
partial,"adj.部分的,局部的,偏袒的,偏爱的n.泛音"
obstacle,"n.障碍,妨害物"
degenerate,adj.退化的v.退化
rejoice,"v.(使)欣喜,(使)高兴,喜悦"
composite,"adj.合成的,复合的n.合成物"
equality,"n.等同性,同等,平等,相等,等式"
multiply,"v.繁殖,乘,增加"
fatal,"adj.致命的,重大的,命运注定的,不幸的,致命的,毁灭性的"
canvas,v.彻底讨论探究n.帆布
upright,"adj.垂直的,竖式的,正直的,诚实的,合乎正道的adv.笔直,竖立着n.垂直,竖立"
communicate,"v.沟通,通信,(房间、道路、花园等)相通,传达,感染"
pattern,"n.模范,式样,模式,样品,格调,图案vt.模仿,仿造,以图案装饰vi.形成图案"
formulate,"vt.用公式表示,明确地表达,作简洁陈述v.阐明"
uphold,"vt.支持,赞成"
sovereign,"n.君主,统治adj.至高无上的,君主的,独立自主的,完全的"
bibliography,"n.(有关一个题目或一个人的)书目,参考书目"
probe,"n.探针,探测器vt.(以探针等)探查,查明"
skeleton,"n.(动物之)骨架,骨骼,基干,纲要,万能钥匙"
champagne,"n.香槟酒,香槟色"
duplicate,"adj.复制的,副的,两重的,两倍的,完全相同n.复制品,副本vt.复写,复制,使加倍,使成双"
agent,n.代理(商)
perfection,"n.尽善尽美,完美,完成"
adjoin,"v.邻接,毗连"
crush,"vt.压碎,碾碎,压服,压垮,粉碎,(使)变形"
exert,"vt.尽(力),施加(压力等),努力v.发挥,竭尽全力,尽"
snatch,v.攫取n.攫取
combine,"v.(使)联合,(使)结合n.联合企业,联合收割机n.联合收割机"
propagate,"v.繁殖,传播,宣传"
equip,"vt.装备,配备,训练,准备行装"
utilize,vt.利用
deport,"vt.举止,驱逐"
quartz,n.石英
versus," prep.对(指诉讼,比赛等中),与...相对"
consume,"vt.消耗,消费,消灭,大吃大喝,吸引vi.消灭,毁灭"
irony,"n.反话,讽刺,讽刺之事"
owl,"n.[动]猫头鹰,枭,惯于晚上活动的人 Object Window Library,Borland C++ 的类库"
disable,"v.使残废,使失去能力,丧失能力"
ferry,"n.摆渡,渡船,渡口vt.渡运,(乘渡船)渡过,运送vi.摆渡,(船)来往行驶"
distract,v.转移
miniature,"n.缩小的模型,缩图,缩影adj.微型的,缩小的"
council,"n.政务会,理事会,委员会,参议会,讨论会议,顾问班子,立法班子"
enroll,"v.[亦作enrol] 登记,招收,使入伍(或入会、入学等),参加,成为成员"
contrive,"v.发明,设计,图谋"
utmost,"n.极限,最大可能,极力adj.极度的,最远的"
counsel,"n.讨论,商议,辩护律师vt.劝告,忠告"
bronze,"n.青铜(铜与锡合金),铜像adj.青铜色的"
penguin,n.企鹅
sake,"n.为了...之好处,出于对...的兴趣,缘故,理由,日本米酒"
humble,"adj.卑下的,微贱的,谦逊的,粗陋的vt.使...卑下,挫,贬抑"
sensible,"adj.有感觉的,明智的,有判断力的"
vain,"adj.徒然的,无益的,虚荣的,空虚的,自负的,愚蠢的"
illusion,n.幻想
anxious,"adj.观念的,担忧的,渴望的,盼望的"
ivory,n.象牙
courtesy,"n.谦恭,允许,礼貌"
pearl,n.珍珠 Pearl 珀尔(女子名)
comprehension,"n.理解,包含"
bacteria,n.pl.细菌
boom,"n.繁荣,隆隆声v.发隆隆声,兴隆,大事宣传"
slap,"vt.拍,掌击,拍击n.拍,掌击,拍击"
deem,"v.认为,相信"
accessory,"n.附件,零件,附加物,从犯,同谋者adj.附属的,补充的,同谋的,副的"
gasp,"vi.喘息,气喘vt.气吁吁地说"
occupy,"vt.占,占用,占领,占据"
patent,"n.专利权,执照,专利品adj.特许的,专利的,显著的,明白的,新奇的vt.取得...的专利权,请准专利"
valve,"n.阀,[英] 电子管,真空管"
spine,"n.脊骨,书脊,地面隆起地带,中心,剌"
murmur,"n.低沉连续的声音,咕哝,怨言,低语v.发低沉连续的声音,发怨言,低声说,低语"
masterpiece,"n.杰作,名著"
explore,"v.探险,探测,探究"
van,
chorus,"n.合唱,合唱队,齐声"
semester,n.学期
entity,n.实体
drastic,"adj.激烈的,(药性等)猛烈的"
fake,"n.假货,欺骗adj.假的vt.伪造,赝造,捏造,假造,仿造vi.伪装"
basis,"n.基础,基本,根据,主要成分(或要素),(认识论中的)基本原则或原理"
epoch,"n.新纪元,时代,时期,时间上的一点,[地质]世"
collide,"vi.碰撞,抵触"
inland,"adj.内陆的,国内的adv.在内地,向内地n.内地"
petty,"adj.小的,不重要的,小规模的,小型的,细微的,小器的,卑鄙的"
brink,n.(峭岸、崖的)边缘
jeopardize,v.危害
vast,"adj.巨大的,辽阔的,大量的,巨额的"
revenge,"n.报仇,复仇vt.替...报仇,复仇"
vegetation,"n.[植]植被,(总称)植物、草木,(植物的)生长、呆板单调的生活"
vehicle,"n.交通工具,车辆,媒介物,传达手段"
priest,n.牧师
equivalent,"adj.相等的,相当的,同意义的n.等价物,相等物"
hurl,"n.<俚>[棒球]用力或猛烈的投掷vt.用力投掷,愤慨地说出,丢下,推翻vi.猛投,猛掷"
hop,"v.单脚跳,(鸟,蛙等)跳跃n.蛇麻草"
drama,"n.(在舞台上演的)戏剧,戏剧艺术"
blink,"v.眨眼,闪亮,无视"
rhythm,"n.节奏,韵律"
comply,"vi.顺从,答应,遵守"
auxiliary,"adj.辅助的,补助的"
format,"n.开本,版式,形式,格式vt.安排...的格局(或规格),[计]格式化(磁盘)"
medium,"n.媒体,方法,媒介adj.中间的,中等的,半生熟的"
occasion,"n.场合,时机,机会"
magnet,"n.磁体,磁铁"
repertoire,"n.(准备好演出的)节目,保留剧目,(计算机的)指令表,指令系统,<美>(某个人的)全部技能"
knob,"n.(门,抽屉等的)球形捏手,节,瘤,旋钮,球形突出物,(煤,砂糖等的)小块vt.使有球形突出物vi.鼓起"
velocity,"n.速度,速率,迅速,周转率"
reciprocal,"adj.互惠的,相应的,倒数的,彼此相反的n.倒数,互相起作用的事物"
radius,"n.半径,范围,辐射光线,有效航程,范围,界限"
bulletin,"n.公告,报告"
pilgrim,"n.圣地朝拜者,朝圣"
leisure,"n.空闲,闲暇,悠闲,安逸"
velvet,"n.天鹅绒,柔软,光滑adj.天鹅绒的,柔软的,光滑的"
blaze,"n.火焰,光辉,情感爆发vi.燃烧,照耀,激发vt.在树皮上刻路标,公开宣布"
irrigation,"n.灌溉,冲洗"
chase,"n.追赶,追击vt.追赶,追逐,雕镂"
delicate,"adj.精巧的,精致的,病弱的,脆弱的,微妙的,棘手的,灵敏的,精密的"
clamp,"n.夹子,夹具,夹钳vt.夹住,夹紧"
adore,"v.崇拜,爱慕,(口语)喜爱"
ingenious,"adj.机灵的,有独创性的,精制的,具有创造才能"
permissible,"adj.可允许的,可容许程度的"
contact,"n.接触,联系vt.接触,联系"
displace,"vt.移置,转移,取代,置换v.转移"
perfume,"n.香味,芳香,香水vt.使发香,洒香水于,发香味"
ventilate,"vt.使通风,给...装通风设备"
legend,"n.传说,伟人传,图例 联想集团,中国最大的国有品牌微机制造商之一"
ballet,"n.芭蕾舞,芭蕾舞剧,芭蕾舞乐曲"
forum,"n.古罗马城镇的广场(或市场),论坛,法庭,讨论会"
exceptional,"adj.例外的,异常的"
distill,"vt.蒸馏,提取vi.滴下"
ecology,"n.生态学,[社会]环境适应学,均衡系统"
integrity,"n.正直,诚实,完整,完全,完整性"
verbal,adj.口头的
silicon,"n.[化]硅,硅元素"
academic,"adj.学院的,理论的"
dual,"adj.双的,二重的,双重"
induce,"vt.劝诱,促使,导致,引起,感应"
hesitate,"v.犹豫,踌躇,不愿"
bribery,"n.行贿,受贿,贿赂"
pave,
irrespective,"adj.不顾的,不考虑的,无关的"
protein,n.[生化]蛋白质adj.蛋白质的
verge,v.濒临n.边缘
lever,"n.杆,杠杆,控制杆v.抬起"
solitary,adj.孤独的
verify,"vt.检验,校验,查证,核实 [计] 打开或关闭文件的读写校验"
verdict,"n.[律](陪审团的)裁决,判决,判断,定论,结论"
version,"n.译文,译本,翻译"
verse,"n.韵文,诗,诗节,诗句,诗篇"
versatile,"adj.通用的,万能的,多才多艺的,多面手的"
corporate,"adj.社团的,法人的,共同的,全体的"
messenger,"n.报信者,使者"
lofty,"adj.高高的,崇高的,高傲的,高级的"
embed,"vt.使插入,使嵌入,深留,嵌入,[医]包埋"
offset,"n.偏移量,抵销,弥补,分支,平版印刷,胶印vt.弥补,抵销,用平版印刷vi.偏移,形成分支"
capture,"n.捕获,战利品vt.俘获,捕获,夺取"
senator,"n.参议员,(大学的)评议员,(古罗马的)元老院议员"
gown,"n.长袍,法衣,礼服,睡袍"
intimidate,v.胁迫
lash,"n.鞭子,鞭打,睫毛,责骂,讽刺vt.鞭打,摆动,扎捆,冲击,煽动,讽刺vi.猛击,急速甩动"
apt,"adj.易于...的,有...倾向的,灵敏的,灵巧的,适当的,切题的,敏捷,倾向是"
offense,n.进攻
nominate,"vt.提名,推荐,任命,命名"
vertical,"adj.垂直的,直立的,顶点的,[解]头顶的n.垂直线,垂直面,竖向"
mobile,"adj.可移动的,易变的,机动的n.运动物体"
chip,"n.碎片,筹码v.削成碎片,碎裂 芯片"
vice,"n.恶习,恶行,坏脾气,罪恶,堕落,老虎钳,缺点,缺陷vt.钳住 prep.代替"
overlap,v.(与...)交迭
veto,"n.否决,禁止,否决权vt.否决,禁止"
melody,n.悦耳的音调
injection,"n.注射,注射剂,(毛细血管等的)充血,(人造卫星,宇宙飞船等的)射入轨道"
congress,"n.(代表)大会,[C～] (美国等国的)国会,议会"
ideal,"n.理想adj.理想的,完美的,想象的,观念的,唯心论的"
focus,"n.(兴趣活动等的)中心,焦点,焦距,[医]病灶,[地](地震的)震源vi.聚焦,注视vt.使集中在焦点上,定焦点,调焦,集中"
bruise,"n.瘀伤,擦伤v.打伤,撞伤"
hike,"v.远足,飞起,步行n.远足,增加"
rotary,adj.旋转的
vicinity,"n.邻近,附近,接近"
moreover,"adv.而且,此外"
partition,"n.分割,划分,瓜分,分开,隔离物vt.区分,隔开,分割"
penalty,"n.处罚,罚款"
vicious,"adj.恶的,不道德的,恶意的,刻毒的,堕落的,品性不端的,有错误的"
fusion,"n.熔化,熔解,熔合,熔接"
adhere,"vi.粘附,胶着,坚持v.坚持"
slope,"n.斜坡,斜面,倾斜v.(使)顺斜"
industrial,"adj.工业的,产业的,实业的,从事工业的n.工业工人,[商]工业股票"
mask,"n.面具,掩饰,石膏面像vt.戴面具,掩饰,使模糊vi.化装,戴面具,掩饰,参加化装舞会"
monetary,"adj.货币的,金钱的"
artificial,"adj.人造的,假的,非原产地的"
outset,"n.开端,开始"
positive,"adj.肯定的,实际的,积极的,绝对的,确实的adj.[数]正的adj.[电]阳的adj.[语法] 原级的"
vigorous,"adj.精力旺盛的,有力的,健壮的"
create,"vt.创造,创作,引起,造成"
recreate,"v.(使)得到休养,(使)得到娱乐"
despite," prep.不管,尽管,不论"
nasty,"adj.污秽的,肮脏的,令人厌恶的,淫秽的,下流的,凶相的,威胁的"
responsibility,"n.责任,职责"
dimension,"n.尺寸,尺度,维(数),度(数),元"
violate,"vt.违犯,亵渎(圣物),冒犯,干扰,违反,妨碍,侵犯,强暴"
sour,"adj.酸的,发酵的,酸腐的,酸味的"
prune,v.剪除
commence,"v.开始,着手"
logical,"adj.合乎逻辑的,合理的"
spacious,"adj.广大的,大规模的"
neutral,"n.中立者,中立国,非彩色,齿轮的空档adj.中立的,中立国的,中性的,无确定性质的,(颜色等)不确定的"
pope,
item,"n.(可分类或列举的)项目,条款,(消息、情报等的)一则,一条"
isolate,"vt.使隔离,使孤立,使绝缘,离析n.隔离种群"
fluctuate,"vi.变动,波动,涨落,上下,动摇vt.使动摇,使波动,使起伏"
seemingly,adv.表面上地
posture,"n.(身体的)姿势,体态,状态,情况,心境,态度v.令取某种姿势,摆姿势,作出姿态"
recipient,"adj.容易接受的,感受性强的n.容纳者,容器"
virgin,"n.处女,(晚近用法)处男adj.处女的,童贞的,纯洁的,洁白无瑕疵的,未被玷污的,原始的,处于原耒状态的,未采伐过的森林 美国著名游戏软件公司"
booklet,n.小册子
enormous,"adj.巨大的,庞大的,<古>极恶的,凶暴的"
obtain,"vt.获得,得到"
petition,"n.请愿,情愿书,诉状,陈情书v.请求,恳求,请愿"
disclose,"vt.揭露,透露"
formal,"adj.外形的,正式的,合礼仪的,形式的,整齐匀称的n.正式的社交活动"
virtual,"adj.虚的,实质的,[物]有效的,事实上的"
continuity,"n.连续性,连贯性"
optical,"adj.眼的,视力的,光学的"
conform,"vt.使一致,使遵守,使顺从vi.符合,相似,适应环境adj.一致的,顺从的"
compact,"adj.紧凑的,紧密的,简洁的n.契约,合同,小粉盒"
cylinder,"n.圆筒,圆柱体,汽缸,柱面"
ore,"n.矿石,含有金属的岩石"
layman,n.外行
buzz,"n.嗡嗡声v.作嗡嗡声,嗡嗡作响,逼近"
haunt,v.神鬼出没
overt,"adj.明显的,公然的"
nurture,"n.养育,教育,教养,营养品vt.养育,给与营养物,教养"
shrug,n.耸肩v.耸肩
dreadful,"adj.可怕的,<口>讨厌的"
diffuse,"v.散播,传播,漫射,扩散,(使)慢慢混合adj.散开的,弥漫的"
exile,"n.放逐,充军,流放,流犯,被放逐者vt.放逐,流放,使背井离乡"
cannon,"n.大炮,加农炮v.炮轰"
corrupt,"adj.腐败的,贪污的,被破坏的,混浊的,(语法)误用的vt.使腐烂,腐蚀,使恶化vi.腐烂,堕落"
prophet,"n.先知,预言者,提倡者"
furthermore,"adv.此外,而且"
shed,"vt.流出,发散,散发,脱落,脱皮,摆脱n.分水岭,棚,小屋,工棚,货棚v.把...放入棚内,流下"
virtue,"n.德行,美德,贞操,优点,功效,效力,英勇"
compound,"n.混合物,[化]化合物adj.复合的v.混合,配合"
bizarre,"adj.奇异的(指态度,容貌,款式等)"
paragraph,"n.(文章)段,节,段落"
exotic,"adj.异国情调的,外来的,奇异的"
draft,"n.草稿,草案,草图vt.起草,为...打样,设计v.草拟"
mental,"adj.精神的,智力的"
coupon,"n.息票,商家的优待券"
beyond," prep.在(到)...较远的一边,超过,那一边adv.在远处n.远处"
visa,n.签证vt.签准 维萨信用卡
implement,"n.[常pl.] 工具,器具vt.贯彻,实现v.执行"
glance,"vi.扫视,匆匆一看n.一瞥,眼光,匆匆一看"
formula,"n.公式,规则,客套语"
navigation,"n.航海,航空,导航,领航,航行"
acquire,"vt.获得,学到"
ancient,"adj.远古的,旧的"
aisle,"n.走廊,过道"
visualize,"vt.形象,形象化,想象vi.显现"
elastic,adj.弹性的
pulse,"n.脉搏,脉冲"
correspond,"vi.符合,协调,通信,相当,相应"
intact,"adj.完整无缺的,尚未被人碰过的,(女子)保持童贞的,(家畜)未经阉割的"
culture,"n.文化,文明"
heave,v.举起n.举起
comet,n.彗星
vocation,"n.召唤,号召,天命,天职,特殊的适应性,才能,行业,职业"
prey,"n.被掠食者,牺牲者,掠食vi.捕食,掠夺,折磨"
instinct,n.本能
cripple,n.跛子v.削弱
phenomenon,n.现象
pest,n.有害物
database,"n.[计] 数据库,资料库"
volume,"n.卷,册,体积,量,大量,音量"
shepherd,"n.牧羊人,牧羊狗v.牧羊,看管,带领"
negligible,"adj.可以忽略的,不予重视的"
mortgage,n.抵押v.抵押
air-conditioning,
defence,"n.防卫,防卫设备n.[律](被告的)答辩、辩护"
herb,"n.药草,香草"
package,"n.包裹,包"
massacre,"n.残杀,大屠杀v.残杀,集体屠杀"
quantitative,"adj.数量的,定量的"
kidnap,"vt.诱拐(小孩),绑架,勒赎"
ruin,"v.(使)破产,(使)堕落,毁灭n.毁灭,崩溃,(pl.) 废墟,遗迹"
elevate,"vt.举起,提拔,振奋,提升...的职位"
bulk,"n.大小,体积,大批,大多数,散装vt.显得大,显得重要,"
hitherto,"adv.迄今,至今"
quart,n.夸脱(容量单位)
sniff,"v.用力吸,嗅,闻到,发觉,轻视,用力吸气n.吸,闻,吸气声,嗤之以鼻"
design,"n.设计,图案,花样,企图,图谋,(小说等的)构思,纲要v.设计,计划,谋划,构思"
prestige,"n.声望,威望,威信"
bug,"n.小虫,臭虫,缺陷,错误;v.装置窃昕器,打扰"
keen,"adj.锋利的,敏锐的,敏捷的,热心的,渴望的"
reckless,adj.不计后果的
deadly,"adj.致命的,势不两立的,死一般的,极度的,必定的"
sober,adj.冷静的v.镇定
cafeteria,n.自助餐厅
marble,"n.大理石,(玩具)弹球.石弹子,雕刻品;adj.大理石的,冷酷无情的,坚硬的"
impair,v.削弱
breach,"n.违背,破坏,破裂,裂口vt.打破,突破"
divorce,"n.离婚,脱离vt.使离婚,与...脱离"
mall,"n.购物商场,商业街,林荫路"
destined,
seam,"n.接缝,线缝,缝合线,衔接口,伤疤,层vt.缝合,接合,焊合,使留下伤痕vi.裂开,发生裂痕"
boring,n.钻(孔)adj.令人厌烦的
orbit,"n.轨道,势力范围,生活常规,眼眶vt.绕...轨道而行vi.进入轨道,沿轨道飞行,盘旋"
lame,"adj.跛足的,僵痛的,不完全的,金属薄片,不知内情的人,(辩解、论据等)无说服力的vi.变跛,瘸行vt.使成残废"
engage,"vt.使忙碌,雇佣,预定,使从事于,使参加vi.答应,从事,交战,[机]接合,啮合"
oppress,"vt.压迫,压抑"
bully,"n.欺凌弱小者vt.威吓,威逼"
vulgar,"adj.粗俗的,庸俗的,普通的,通俗的,本土的n.<古>平民,百姓"
magnify,"vt.放大,扩大,赞美,夸大,夸张vi.有放大能力"
briefcase,"n.(扁平的,柔韧的,装文件,书报的)公文包"
wallet,"n.皮夹,钱夹,钓鱼带"
vulnerable,"adj.易受攻击的,易受...的攻击"
garment,"n.衣服,外衣,外表"
client,"n.[计]顾客,客户,委托人,客户机程序"
investigation,"n.调查,研究"
cooperative,"adj.合作的,协力的"
bud,"n.芽,蓓蕾vi.发芽,萌芽"
capsule,"n.(植物)蒴果,胶囊,瓶帽,太空舱"
exposition,"n.博览会,展览会,说明,曝露,[戏]展示部分,[音]呈示部"
ward,"n.守卫,保卫,保护,牢房,病房,行政区,监护,锁孔vt.守护,保卫,防止,挡住,躲开,避免"
insurance,"n.保险,保险单,保险业,保险费"
compile,"vt.编译,编辑,汇编"
slice,"n.薄片,切片,一份,部分,片段v.切(片)"
lens,"n.透镜,镜头"
foul,"adj.污秽的,邪恶的,肮脏的,淤塞的,恶劣的vt.弄脏,妨害,污蔑,犯规,淤塞vi.腐烂,犯规,缠结n.犯规,缠绕adv.违反规则地,不正当地"
misfortune,"n.不幸,灾祸"
fragrance,"n.芬芳,香气,香味"
combat,"n.战斗,格斗v.战斗,搏斗,抗击"
directory,"n.姓名地址录,目录"
eccentric,adj.古怪n.行为古怪的人
persuade,"v.说服,劝说,(使)相信,劝某人做(不做)某事"
million," num.百万,百万个n.[pl.] 无数"
classify,"vt.分类,分等"
series,"n.连续,系列,丛书,级数"
peel,"v.剥,削,剥落"
wardrobe,"n.衣柜,衣厨,衣室,衣服,行头,剧装"
elicit,"vt.得出,引出,抽出,引起"
layer,"n.层,阶层"
insist,"v.坚持,强调"
reverse,"n.相反,背面,反面,倒退adj.相反的,倒转的,颠倒的vt.颠倒,倒转"
shrink,"v.收缩,(使)皱缩,缩短"
warehouse,"n.仓库,货栈,大商店vt.贮入仓库,<俚>[经]以他人名义购进(股票)"
oath,"n.誓言,宣誓,诅咒"
ancestor,"n.祖先,祖宗"
solemn,"adj.庄严的,隆重的,严肃的"
eternal,"adj.永恒的,永远的,不灭的,没完没了的"
salute,"n.(尤指军队等之)举手礼,升降旗致敬,呜礼炮等,敬礼v.行礼致敬,敬礼"
doctrine,"n.教条,学说"
cherish,"vt.珍爱,怀抱(希望等)"
offspring,"n.(单复数同形)儿女,子孙,后代,产物"
warfare,"n.战争,作战,冲突,竞争"
configuration,"n.构造,结构,配置,外形"
plateau,"n.高地,高原(上升后的)稳定水平(或时期、状态)"
motel,n.汽车旅馆
overflow,"n.溢出,超值,泛滥,充满,洋溢v.(使)泛滥,(使)溢出,(使)充溢"
commonplace,"n.平凡的事,平常话adj.平凡的"
warrant,"n.授权,正当理由,根据,证明,凭证,委任状,批准,许可证vt.保证,辩解,担保,批准,使有正当理由"
span,"n.跨度,跨距,范围v.横越"
compatible,"adj.谐调的,一致的,兼容的"
enrich,"vt.使富足,使肥沃,装饰,加料于,浓缩"
reel,"n.(棉纱,电线等的)卷轴,(磁带等的)一盘,旋转,蹒跚vt.卷...于轴上,使旋转vi.蹒跚地走,旋转,眩晕,骚乱,退缩,摇晃"
realistic,adj.现实(主义)的
watertight,"adj.不漏水的,水密的"
dean,"n.(大学)院长,主持牧师,(基督教)教长n. 迪安 Dean(男子名)"
parallel,"adj.平行的,相同的,类似的,并联的n.平行线,平行面,类似,相似物v.相应,平行"
convey,"vt.搬运,传达,转让"
embark,"v.上船,上飞机,着手,从事,装于船上,登上"
premise,"n.[逻][法]前提,(企业,机构等使用的)房屋连地基vt.提论,预述,假定vi.作出前提"
litter,"n.垃圾,(供动物睡眠或防冻用的)干草、树叶,(一)窝,轿,担架vt.乱丢,铺草,弄乱vi.产仔,乱丢垃圾"
nominal,"adj.名义上的,有名无实的,名字的,[语]名词性的n.名词性词"
watt,
wax,"n.蜡,蜡状物,增加,月亮由亏转盈vi.变大,增大,月亮渐满vt.上蜡于"
flatter,"vt.过分夸赞,奉承,阿谀,使高兴,使满意,(画,肖像上的形象)胜过(真人或实物)"
exempt,v.免除adj.被免除的
align,"vi.排列vt.使结盟,使成一行"
weary,"adj.疲倦的,厌倦的,令人厌烦的,疲劳v.疲倦,厌倦,厌烦"
concede,"vt.勉强,承认,退让vi.让步"
weapon,n.武器
cocaine,"n.古柯碱,可卡因"
scale,"n.刻度,衡量,比例,数值范围,比例尺,天平,等级vt.依比例决定,攀登,测量vi.剥落,生水垢,重,攀登,衡量"
foster,"vt.养育,抚育,培养,鼓励,抱(希望) n.养育者,鼓励者"
savage,"adj.野蛮的,未开化的,凶猛的,残忍的vt.用暴力对付n.原始的人,粗鲁的人"
web,"n.环球网,网,蛛丝,蹼,翼手,织物,圈套,卷筒纸;vi.使陷入罗网,形成网;vt.织蜘蛛网于,使落入圈套"
reluctant,"adj.不顾的,勉强的,难得到的,难处理的"
comprehensive,"adj.全面的,广泛的,能充分理解的,包容的"
arbitrary,"adj.任意的,武断的,独裁的,专断的"
siege,"n.包围,围城,长期努力,不断袭击,围攻v.包围,围攻"
engine,"n.发动机,机车,火车头"
accurate,"adj.正确的,精确的"
pledge,"n.保证,誓言,抵押,抵押品vt.保证,使发誓,抵押,典当,举杯祝...健康"
restrict,"vt.限制,约束,限定"
bewilder,"vt.使迷惑,使不知所措,使昏乱"
whereas," conj.然而,反之,鉴于,尽管,但是"
molecule,"n.[化]分子,些微"
spectrum,"n.光,光谱,型谱 频谱"
whereby,"adv.凭什么,为何"
hardy,"adj.难的,艰苦的,勇敢的adv.努力地,辛苦地,坚硬地"
whirl,"v.(使)旋转,急动,急走n.旋转,—连串快速的活动"
patrol,"v.出巡,巡逻n.巡逻"
cemetery,"n.墓地,公墓"
slight,"adj.轻微的,微小的"
polar,"adj.[天]两极的,极地的,南辕北辙的,南极的,(北极星似的)指引的,极性的,北极的n.极线,极面"
rape,"n.掠夺,强奸,葡萄渣,油菜vt.掠夺,强奸"
closet,"n.壁橱,储藏室,厕所adj.关起门来的vt.关入私室密谈"
sneak,"vi.鬼鬼祟祟做事vt.偷偷摸摸地做,<口>偷窃n.鬼鬼祟祟的人,偷偷摸摸的行为,<美口>帆布胶底运动鞋adj.暗中进行的"
relish,n.意味
plausible,adj.似是而非的
withdraw,"vt.收回,撤消vi.缩回,退出v.撤退"
humanity,"n.人性,人类,博爱,仁慈"
attractive,"adj.吸引人的,有魅力的"
spectator,n.观众(指比赛或表演)
municipal,"adj.市政的,市立的,地方性的,地方自治的"
avert,v.转移
scrub,"v.洗擦,擦净,使(气体)净化,擦洗n.洗擦,擦净,擦洗者,矮树,灌木,丛林地,矮小的人(或动物)adj.次等的,矮小的,临时凑合的"
individual,"n.个人,个体adj.个别的,单独的,个人的"
worthwhile,"adj.值得做的,值得出力的"
graphic,"adj.绘画似的,图解的"
witness,"n.[律]证人,目击者,证据,证明,证词vt.目击,为...作证,证明,表明vi.作证,成为证据"
lounge,"n.闲逛,休闲室,长沙发vi.闲荡,懒洋洋地躺卧vt.虚度光阴"
wreck,"n.失事船(或飞机),残骸,(船,飞机的)失事vt.破坏,拆毁"
retrieve,v.重新得到n.找回
commute,"v.交换,抵偿,减刑,<电工>整流"
fellowship,"n.伙伴关系,交情,团体,奖学金,友谊"
intersection,"n.[数]交集,十字路口,交叉点"
moan,"n.呻吟,哀悼,呼啸vi.发出呻吟声,抱怨,哀悼vt.呻吟"
quarterly,"n.季刊adj.一年四次的,每季的adv.每季地"
jog,"n.轻推,轻撞,漫步v.轻推,(使)蹒跚行进,(使)慢跑"
slot,"n.缝,狭槽,位置,水沟,细长的孔,硬币投币口,狭通道,足迹vt.开槽于,跟踪"
odor,"n.气味,名声"
graze,"v.放牧,吃草,擦伤,擦过n.放牧,牧草,轻擦,擦破处"
participate,"vi.参与,参加,分享,分担"
peninsula,n.半岛
album,"n.集邮本,照相簿,签名纪念册"
premium,"n.额外费用,奖金,奖赏,保险费,(货币兑现的)贴水"
slack,"n.松弛,静止,淡季,闲散,家常裤adj.松弛的,不流畅的,疏忽的,软弱的,漏水的,呆滞的,懒散的adv.马虎地,缓慢地vt.使松弛,使缓慢,马虎从事vi.松懈,减弱,松驰"
eject,"vt.逐出,撵出,驱逐,喷射n.推断的事物"
reception,"n.接待,招待会,接收"
wrinkle,n.皱纹v.使皱
melt,"v.(使)融化,(使)熔化,使软化,使感动"
myth,"n.神话,神话式的人物(或事物),虚构的故事,荒诞的说法"
aware,"adj.知道的,明白的,意识到的"
deserve,"vt.应受,值得v.应受"
yell,"vi.大叫,忍不住笑,呼喊vt.叫着说n.叫声,喊声"
yield,"v.出产,生长,生产vi.(～ to)屈服,屈从n.产量,收益"
cluster,"n.串,丛;vi.丛生,成群"
midst,n.中间 prep.在...中间
notwithstanding," prep.虽然,尽管adv.尽管,还是 conj.虽然,尽管"
situated,"adj.位于,被置于境遇,处于...的立场"
cholesterol,n.胆固醇
absence,"n.不在,缺席,缺乏,没有"
quantify,vt.确定数量v.量化
scope,"n.(活动)范围,机会,余地"
dubious,"adj.可疑的,不确定的"
inlet,"n.进口,入口,水湾,小港,插入物"
assurance,"n.确信,断言,保证,担保"
bracket,"n.墙上凸出的托架,括弧,支架v.括在一起"
dole,"n.施舍品,悲哀,失业救济金vt.发放救济"
zinc,n.锌vt.涂锌于
barren,"adj.不生育的,不孕的,贫瘠的,没有结果的,无益的,单调的,无聊的,空洞的n.荒地"
yoke,"n.轭,轭状物,套,束缚,支配v.把...套上轭,结合,连接"
overcome,"vt.战胜,克服,胜过,征服vi.得胜"
precise,"adj.精确的,准确的n.精确"
