thumb,"n. 拇指
vt. 以拇指拨弄, 笨拙地摆弄, 用拇指翻旧, 迅速翻阅, 作搭车手势"
can,"vt. 装罐
n. 罐头, 容器
aux. 能, 可以
[计] 作废字符"
ploy,"n. 手段, 活动, 玩乐"
flag down,打信号使停下
rob,"v. 抢劫；掠夺；盗取
n. 罗布；【男名】男子名
[网络] 抢夺；罗伯；剥夺"
jerk,"n. 性情古怪的人, 急拉, 肌肉抽搐, 牛肉干
vi. 痉挛, 急拉, 急推
vt. 猛拉"
gang,"n. 队, 群, 帮
vi. 成群结队, 结成一伙
vt. 使成群结队"
addict,"vt. 使沉溺, 使上瘾
n. 入迷的人, 上瘾者"
murderer,"n. 凶手, 杀人者, 谋害者
[法] 谋杀犯, 凶手"
rapist,"n. 强奸犯
[法] 强奸犯"
carjacker,n. 武力劫夺汽车；抢劫司机财物 (carjacking的变形)
lurk,"n. 潜伏, 潜行
vi. 暗藏, 潜伏, 埋伏
[计] 隐匿阅读"
risk,"n. 冒险, 危险, 保险额
vt. 冒...的危险, 冒险干"
motto,"n. 箴言, 座右铭, 警句"
hitchhiker,搭便车的人；搭顺风车的人
stranded,"a. 处于困境的, 进退两难的"
as much,"na. 同量的；同样地
[网络] 同样多；同样的或同样多少的；也"
accelerator,"n. 加速剂, 加速器, 油门
[化] 加速器; 早强剂; 促进剂; 硫化促进剂"
destination,"n. 目的地, 目标, 目的
[计] 目的文件, 目的单元"
quaint,"a. 古雅的, 离奇有趣的, 奇怪的"
rely,"vi. 信赖, 依赖, 信任"
rely on sb.,"v. 依靠；信赖
[网络] 依赖；同本义；凭借"
rely upon sb., 信赖，依赖
rely on sth.,"v. 依靠；信赖
[网络] 依赖；同本义；凭借"
rely upon sth., 信赖，依赖
rely on sb. for,无
rely upon sb. for,无
rely on sth. for,无
rely upon sth. for,无
journey,"n. 旅行；旅程；〈文学〉历程；过程
v. 〈正式〉到…旅行；到…旅游
[网络] 旅途；路程；行程"
solely,"adv. 仅仅, 单独地"
shelter,"n. 庇护所, 避难所, 庇护, 隐蔽处, 掩蔽
vt. 庇护, 保护, 隐匿
vi. 躲避"
intrigue,"n. 阴谋, 复杂的事
vi. 密谋, 私通
vt. 激起...的兴趣, 用诡计取得"
figure,"n. 数字；人物；图形；价格；（人的）体形；画像
vi. 计算；出现；扮演角色
vt. 计算；认为；描绘；象征"
gamble,"n. 赌博, 冒险
v. 赌博, 孤注一掷"
take a gamble,冒险从事(某事)
take a gamble on sth.,赌博; 冒险而为
leap,"n. 跳跃, 剧增, 急变, 被越过之物
vi. 跳跃, 突然经过
vt. 跃过, 使跃过"
leap of faith,[网络] 天降神迹；信心的跳跃；信仰之跃
cashless,"a. 无现款的,无现金的,无钱的"
almighty,"a. 万能的, 全能的"
symbol,"n. 符号, 象征, 代号, 信条
[计] 符号; 码元"
conquer,"vt. 克服, 征服, 战胜
vi. 得胜"
hoist,"v. 提升；吊起；拉高
n. 起重机；吊车；（残疾人用）升降机
[网络] 升起；举起；卷扬机"
backpack,"n. 远足用的背包；双肩背包, 背包"
display,"n. 显示, 陈列, 炫耀, 显示器
vt. 陈列, 显示, 表现, 夸示
[计] 显示器; 显示"
windshield,"n. 挡风玻璃
[电] 风遮蔽"
vague,"a. 含糊的, 不清楚的, 茫然的"
accent,"n. 重音, 口音, 特点, 注重点
vt. 重读, 加重音号于, 强调"
hitch,"n. 故障；障碍；暂时的困难（或问题）；（某种）结
v. 搭便车；免费搭车；拉起（衣服）；攀上
[网络] 全民情敌；全民情圣；钩住"
folk,"n. 人们, 家人, 亲属, 民族
a. 民间的"
cowboy,n. 牛仔；牧童；莽撞的人
capacity,"n. 容量, 能力, 才能, 资格
[计] 容量"
run contrary to,无
sedan,"n. 轿车, 轿子"
pull,"vt. 拉, 拖, 拔, 牵, 撕开, 吸引
vi. 拉, 拖, 拔, 有吸引力
n. 拉, 拖, 拔, 拉力, 牵引力, 划船, 吸引"
pick up,"n. 拾起, 加速, 刺激, 猎物的收集, 好转, 恢复健康, 搭车者, 兴奋剂, 电视摄像
[电] 拾音器"
risk one's life,拼死
drop,"n. 滴, 微量, 落下, 空投
vi. 放下, 掉下, 下降
vt. 使滴下, 放下, 丢失, 遗漏
[计] 投入, 投入点, 接入点, 分接点"
junction,"n. 连接, 会合处, 交叉点
[医] 接[合]处, 接点.[接]界"
unsuccessfully,adv. 无用；失败地
trucker,"n. 卡车驾驶员, 从事货车运输业者, 以物易物者, 小贩"
pull over,"n. 套衫
a. 套穿的"
brake,"n. 刹车, 阻碍, 丛林
v. 刹车"
skid,"n. 滑雪板[鞋,雪橇]；(导弹的)推进装置；滑水橇
v. 滑雪；坐雪橇
[网络] 打滑；栈板"
at knifepoint,以刀相逼，在刀子的威胁下；在刀尖下，在威胁下
compassionate,"a. 慈悲的, 富于同情心的, 照顾性的
vt. 怜悯, 同情"
middle-aged,a. 中年的
shepherd,"n. 牧羊人, 牧羊犬, 牧师, 保护者
vt. 看守, 领导, 指导, 牧羊"
campground,n. 露营场所；野营地
lodging,"n. 寄宿处, 寄宿
[法] 提起, 住所"
stamp,"n. 印, 邮票, 打印器, 戳子, 图章, 印花税票, 标志, 特征, 类型, 跺脚
vt. 盖章于, 顿足, 贴上邮票, 铭刻, 捣碎, 扑灭
vi. 捣碎, 跺脚"
ranger,"n. 王室守林人, 骑警, 漫游者"
sack,"n. 麻布袋, 洗劫
vt. 把...装入袋, 洗劫"
organic,"a. 器官的, 有机的, 组织的, 根本的
[医] 器官的, 有生命的, 有机的, 器质的"
melon,"n. 瓜, 甜瓜, 红利, 赃物
[化] 三聚二氰亚胺"
bundle,"n. 捆, 束
vt. 包扎, 胡乱塞进
vi. 匆忙离开"
graham,a. 全麦的；粗面粉的；全麦粉制成的
cracker,"n. 饼干, 爆竹
[计] 破袭者"
soda,"n. 苏打, 碳酸水
[化] 纯碱; 苏打; 碳酸钠"
tuna,"n. 金枪鱼, 金枪鱼肉"
chilly,"a. 寒冷的, 冷淡的, 不友好的
[建] 番椒, 冷"
rummage,"v. 仔细翻寻, 仔细搜查, 检查出
n. 仔细翻找, 查出的物件"
bulky,"a. 庞大的
[机] 庞大, 笨重"
army-style,[网络] 军风；军队的作风；军时尚路线
style,"n. 风格, 时尚, 文体, 风度, 字体, 类型
vt. 称呼, (根据新款式)设计, 使合潮流
n. 风格, 样式
[计] 风格, 样式"
elsewhere,adv. 在别处
lumber-mill,n. 锯木场
dilapidated,"a. 破坏的；荒废的, 要塌似的"
Bible,n. 圣经
grateful,"a. 感谢的, 感激的, 令人快意的, 受欢迎的"
chamber,"n. 室；卧室；寝室；会议厅
v. (枪上)装(子弹)；禁闭；使有房间
adj. 秘密的；【乐】在小厅内表演的
[网络] 会议室；议院；腔"
commerce,"n. 商业, 商务, 贸易
[经] 商业, 贸易, 商务"
clutter,"n. 杂乱；杂乱的东西（尤指不需要的或无用的）
v. 凌乱地塞满；乱堆放
[网络] 混乱；一堆杂物；喧闹"
come on in,"na. 出来；(花)开出；发行；(秘密等)现出
[网络] 进来吧；请进；快进来"
executive,"n. 执行部门, 执行委员会, 执行者, 经理主管人员
a. 执行的, 善于执行的, 善于经营的
[计] 执行程序"
brochure,"n. 小册子, 小册"
pitch,"n. 程度, 坡度, 顶点, 前倾, 倾斜, 投掷, 音高, 螺距, 节距, 摊位, 树脂, 沥青
vt. 投, 掷, 向前倾跌, 扎营, 竭力推销, 为...定调, 定位于, 用沥青涂
vi. 搭帐篷, 投掷, 向前跌, 猛然摔倒, 坠落, 倾斜
[计] 孔距"
magnificent,"a. 华丽的, 高尚的, 宏伟的"
pot roast,"〈美〉炖肉,焖肉"
roast,"n. 烤肉, 烘烤, 嘲笑
a. 烘烤的, 烤过的
vt. 烤, 炙, 烘焙, 嘲笑
vi. 烤, 炙, 烘焙"
charm,"n. 吸引力, 魔力, 符咒
vt. 迷住, 使陶醉, 行魔法
vi. 用符咒, 有魅力"
kin,"n. 亲戚；家族；同族
adj. 同类的；有亲属关系的；性质类似的
n. (Kin)人名；(缅)庆；(朝)紧；(匈、柬、塞)金；(中)金(普通话·威妥玛)"
revelation,"n. 揭露, 泄露, 发觉, 默示, 启示"
bunch,"n. 串, 束
[医] 骨肿块(马)"
seventh-grader,[网络] 七年级生
hitchhike,[网络] 搭便车；凶险旅程；搭便车到处走走看看
expose,"vt. 使暴露, 使曝光, 揭穿, 陈列
[医] 暴露, 露置"
well-mannered,"a. 行为端正的, 文雅的, 有礼貌的"
attentive,"a. 注意的, 留心的"
patriotic,"a. 爱国的, 有爱国心的
[法] 爱国的, 有爱国心的"
tone,"n. 音调, 音质, 语调, 语气, 色调, 气氛, 状况, 思想状态
vt. 给...定色调, 增强, 使...的声调和谐, 定音调
vi. 颜色调和
[计] 双音频"
renew,"vt. 使更新, 使恢复, 复兴, 修补, 补充, 继续, 重订, 重申, 续借
vi. 更新, 重新开始"
help out,"v. 帮助…摆脱困境；救出；协助
[网络] 帮忙；帮助解决困难；帮助克服困难"
help sb. out,"v. 帮助…摆脱困境；救出；协助
[网络] 帮忙；帮助解决困难；帮助克服困难"
have ... in mind,"na. 记住；铭记不忘；注意
[网络] 考虑到；想到；记得"
pessimism,"n. 悲观, 悲观情绪, 悲观主义
[医] 悲观主义"
reverse,"n. 相反, 背面, 倒退, 挫折, 失败
a. 反面的, 相反的, 反向的, 颠倒的
vt. 使颠倒, 使逆转, 使倒退, 使反向
vi. 倒退, 反向, 倒转, 反转
[计] 反转"
in reverse,"在背面,在反面,反过来"
cause-and-effect,adj. 有因果关系的
powerful,"a. 有力的, 有权力的, 强大的
[机] 强力的"
shape,"n. 形状, 形态, 外形, 形式, 身材
vt. 定形, 使成形, 塑造, 计划, 使符合
vi. 成形, 形成, 成长
[计] 形状"
ample,"a. 大量的, 充足的, 丰富的"
rational,"a. 理性的, 合理的
n. 有理数"
curse,"n. 咒骂, 诅咒
vt. 诅咒, 咒骂"
perspective,"n. 远景, 透视感, (观察问题的)视角, 透视法, 看法, 透视图
a. 透视的, 透视法的
[计] 透视"
view,"n. 视野, 风景, 见解, 视力, 观看, 视图, 指望, 意图, 印象
vt. 看, 考虑, 视察, 查看, 估量
[计] 视图"
view sth. from a ...,无
view sb. from a ...,无
despair,"n. 绝望, 失望
vi. 绝望"
highlight,"n. 加亮区, 精彩场面
vt. 加亮, 使显著, 以强光照射, 突出
[计] 突出"
slip over,"adj. 由头部套穿的
n. =slip-on"
by choice,出于选择
by nature,天生地
live through,"度过, 经受过"
crisis,"n. 危机, 危险期, 紧要关头
[医] 危象; 骤退, 临界, 极期"
when all is said and done,"adv. 毕竟,结果"
luxury,"n. 奢侈, 豪华
a. 奢侈的, 豪华的"
conversely,"adv. 相反, 逆, 颠倒, 反题, 反"
feed on,"以...为食, 以...为能源"
feed upon,[网络] 饲养
prophecy,"n. 预言, 预言能力"
self-fulfilling prophecy,"自我应验的预言；自我实现预言, 自我实现预言、自我应验预言"
service station,"n. 加油站
[网络] 服务站；服务台；维修站"
gas,"n. 气体；气体燃料；煤气；天然气
v. 用毒气杀伤；使吸入毒气；闲聊；空谈
abbr. (=gasoline)
adj. 〈美俚〉喝醉酒的
[网络] 汽油；四眼炉；气弹簧活塞"
attendant,"n. 随从, 侍者, 出席者
a. 侍候的, 伴随的, 出席的, 在场的"
odd,"a. 奇数的, 古怪的, 剩余的, 零散的, 各种各样的, 少量的
n. 奇特的事物, 怪人
[计] 奇数, 奇校验, 光数据数字转换器"
uneasy,"a. 心神不安的, 不自在的, 不稳定的, 不舒服的"
liver,"n. 肝脏, 生活者, 居民
[医] 肝"
gas station,n. 加油站
figure out,"na. 估计；解决；了解；〈口〉确定
[网络] 弄清楚；算出；推测"
disgusting,a. 令人厌恶的
hepatitis,"n. 肝炎
[医] 肝炎"
observation,"n. 观察, 注意, 观测, 观察力
[化] 观察"
negativism,"n. 否定论, 否定态度, 抗拒性
[医] 违拗症, 抗拒症"
affirmation,"n. 肯定, 断言, 证实
[医] 肯定, 确认"
thankful,"a. 感谢的, 感激的, 欣慰的"
tradition,"n. 传说, 传统, 交付
[法] 传统, 惯例, 移交"
incredible,a. 难以置信的
accomplish,"vt. 完成, 达到, 实现, 使完美"
naive,"a. 天真的, 纯真的, 幼稚的"
make a difference,"有区别,有很大关系"
solver,"[计] 解算机, 求解程序"
raise,"n. 上升, 高地, 增高
vt. 升起, 举起, 唤起, 提高, 使出现, 使复活, 提出, 筹集, 饲养"
in ... terms,"用...的话来说, 以...的措词, 用...的思想方法, 在...方面, 从...方面说来"
in terms of ...,"用...的话, 根据, 按照, 在...方面
[法] 用...话, 以...措词, 按照"
address,"n. 住址, 演说, 举止, 灵巧, 求爱
vt. 发表(演说或讲话), 对付, 写地址
[计] 地址, 寻址"
criticize,"v. 批评, 吹毛求疵, 非难"
benefit,"n. 利益
vt. 有益于
vi. 受益"
mankind,"n. 人类, 男性"
channel,"n. 海峡, 航道, 频道
vt. 引导, 在...上挖沟, 形成河道
[计] 信道, 通道"
channel sth. into sth.,通过一种渠道传送
constructive,"a. 建设性的, 构造上的
[医] 构成的"
concerned with, 关心; 涉及; 忙于; 与…有关
unlimited,"a. 无限的, 不受限制的, 无条件的
[经] 无限的, 不定的"
shadowland,[网络] 幻境
many a,n. (Manya)人名；(法)马尼亚
fame,"n. 名望, 名声, 传说"
private,"adj. 私有的；私用的；自用的；为一部分人的
n. 列兵（级别最低的士兵）
[网络] 私人的；个人的；二等兵"
reward,"n. 报酬, 酬谢, 赏金
vt. 奖赏, 酬谢, 给...应有报应"
neglect,"n. 疏忽, 忽略, 漏做
vt. 疏忽, 忽视, 不顾"
freelance,"n. 自由作家, 自由投稿, 自由职业者
a. 自由投稿的"
prospect,"n. 景色, 展望
vt. 勘探, 勘察
vi. 勘探, 有前途"
storage,"n. 存储器, 储藏, 保管, 库存, 仓库
[计] 存放处; 存储"
superintendent,"n. 监督人, 主管人, 主日学校校长
[经] 监督人, 主管人(部门)"
manual,"n. 手册, 指南
a. 手的, 手动的, 手工的, 体力的
[计] 人工的, 手动的"
genuine,"a. 真正的, 真实的, 诚恳的
[医] 真性的"
put ... to the test,"na. 试验
[网络] 检验；使受检验；使受试验"
uncertainty,"n. 不确定, 不可靠, 不确定的事物
[化] 不确定度"
agent,"n. 代理商, 政府代表, 动原, 媒介
[计] 代理程序"
editor,"n. 编者, 编辑, 主笔, 编辑器, 编辑装置
[计] 编辑器"
contract,"n. 合约, 婚约, 契约
vt. 使皱缩, 使缩短, 感染, 订约, 缔结
vi. 皱缩, 订约, 收缩"
siren,"n. 女海妖, 妖女, 警报器, 汽笛, 迷人的美女
a. 诱惑的
vi. 响着警报器前进"
tempt,"vt. 诱惑, 引诱, 引起...的兴趣, 吸引, 冒...风险"
acquaintance,"n. 认识, 相识者"
station,"n. 车站, 站, 局, 驻地, 位置, 身分, 地位
vt. 安置, 配置, 驻扎
[计] 站"
buck,"n. 元, 雄鹿, 纨绔子弟, 鞍马, 培克(赌博时的庄家标志), 碱水, 自夸, 谈话
vi. 马背突然拱起, 反对, 吹牛, 闲聊
vt. 马背突然拱起将骑手摔下, 反对, 用碱水洗
a. 雄的"
tease,"n. 揶揄, 戏弄, 逗惹
vt. 戏弄, 取笑, 强求, 梳理, 使起毛"
on the side,"作为兼职, 另外"
bull-headed,[网络] 牛脾气；一根筋
resolution,"n. 解析, 决心, 坚定, 决定, 决议, 消除, 解答, 分解
n. 图形分辨率
[计] 图形分辨率"
well,"adv. 好；很；大大地；对
n. 井；水井；楼梯井；电梯井道
int. 噢；啊；好啦；嗨
adj. 健康；身体好；状态良好；情况良好
v. 涌出；冒出；流出；溢出
short. we will；we shall
[网络] 好的"
stick it out,坚持到底
afterward,"adv. 然后, 后来"
pace,"n. 速度, 步调, 步法
vi. 踱步, 缓慢走
vt. 用步测, 踱步于"
cupboard,"n. 食橱, 碗柜, 餐具柜"
crate,"n. 板条箱；篓
vt. 将某物装入大木箱或板条箱中"
sardine,n. 沙丁鱼
plunge,"n. 钻进, 跳进, 跳水, 跳水池, 猛跌, 落下, 投入, 开始从事, 盲目投资
vi. 投入, 投身于, 跳进, 陷入, 下降
vt. 使投入, 使插入, 使陷入, 使遭受"
plunge in,"un. 〔地〕伏角；单刀直入；趁势插话
[网络] 积极参加；猛刺"
plunge into,"投入, 跳入"
plunge ... in,"un. 〔地〕伏角；单刀直入；趁势插话
[网络] 积极参加；猛刺"
plunge ... into,"投入, 跳入"
come up with,"赶上, 提出"
crumple,"vt. 弄皱, 压皱
vi. 崩溃, 变皱"
goodness,"n. 仁慈, 善良"
veteran,"n. 老手, 退伍军人, 老兵, 老树
a. 老兵的, 老练的, 经验丰富的"
grocer,n. 食品商
wither,"vt. 使凋谢, 使消亡, 使畏缩
vi. 枯萎, 衰退"
rumor,"n. 谣言, 传闻
vt. 谣传"
rumour has it,[网络] 有谣言；有谣言说；流言
rumor has it that,[网络] 据传闻；据说；谣传
steak,"n. 牛排, 鱼排, 肉排"
dash,"n. 冲撞, 破折号, 短跑
vi. 猛冲, 冲撞
vt. 泼溅, 使猛撞, 搀和, 使破灭, 使沮丧"
role model,n. 榜样；崇拜对象
sacrifice,"n. 牺牲, 供奉, 祭品
vt. 牺牲, 祭祀, 贱卖
vi. 献祭"
make sacrifices,"作出牺牲, 付出代价"
gradually,adv. 逐渐地
slavery,"n. 奴隶的身分, 奴隶状态, 奴隶制度
[法] 奴隶制度, 奴役, 苦役"
trace,"n. 痕迹, 踪迹, 微量, 迹线, 缰绳
vt. 追踪, 回溯, 描绘
vi. 追溯, 沿路走"
dazzle,"v. (使)眼花, 炫耀
n. 耀眼"
limelight,"n. 石灰光, 石灰光灯, 以石灰光灯照射的舞台
vt. 使受到注目, 使显露头角"
pack up,"na. 把…打成包；打包；收拾行李；解雇
[网络] 把…打包；打理行装；停止工作"
TV mini-series,无
in a sense,在某种意义上
in one sense,[网络] 的意思；就某种意义上说；在某种意义上
come across,偶遇
corrode,"vt. 使腐蚀, 侵蚀, 破坏
vi. 被侵蚀, 起腐蚀作用"
dime,n. 10分硬币(美、加)
flood in,"v. 涌到
[网络] 浮色"
tide,"n. 潮, 潮汐, 趋势, 潮流, 涨潮, 高潮
vt. 使随潮漂流
vi. 顺潮行驶"
bleak,"a. 萧瑟的, 荒凉的, 阴冷的"
portrait,"n. 肖像, 人像, 半身像, 描写, 竖排格式
[计] 纵向"
medal,"n. 奖牌, 勋章
vt. 授勋予"
press,"press1
[pres]
vt.
压；按；揿；扳：
压榨；压挤；榨取：
压缩；压制；(尤指用熨斗)熨平：
使紧贴；紧抱；紧握：
逼迫；强迫；强制：
挤出(路)：
力劝，催促；催逼；敦促：
恳求，请求；坚持；强调：
压制；把…压(或捏)成型：
强迫接受；硬塞：
使苦恼；使烦恼；使窘迫：
驱赶；推动：
竭力推行；执行；实施：
需立即处理；紧急；使紧迫：
进逼；进攻：
【举重】推举：
生搬硬套(或牵强附会)地使用(词语、比喻等)
[古语]拥挤；推进
[废语]=oppress
[美国俚语](在大街或马路上)闲逛
[美国俚语](警察在辖区内)巡逻
[美国俚语](尤指政治家与选民)握手；讨好选民
vi.
压；挤；按；推：
催逼；紧迫；敦促：
熨烫；被压平：
奋勇前进，突进；赶上前：
变得紧急(或紧迫)：
竭力推行；竭力要求：
挤拢，拥挤：
【篮球】紧逼，做紧逼动作
【高尔夫球】长挥击球过猛
n.
压；按；揿；扳
人丛，人群；拥挤；蜂拥向前
压榨机；压力机；冲床；打包机；吐丝器；夹具
紧迫；紧急；急迫
承压；受压；压力
驱赶；推动；逼迫
熨平；压平；(衣服熨平后的)平整状态；(衣服)熨后的线条
印刷出版机构;印刷业[printing press 的缩略]
[总称]新闻，杂志；从事印刷业者；新闻界；出版界；通讯社；新闻记者
报刊上的评论；新闻报道
白刃战；混战
柜，衣橱；书箱；书橱
【举重】推举
【篮球】紧逼防守
【心理学】(人格理论用语，指个人行为的环境决定因素)压力
全力射击
附加打赌
生物体对环境中任何事物的需要
近义词:
urge
短语:
at (或 in the ) press
在排印中；正在印刷中；即将出版(或发表)
be hard pressed
被逼得很紧；手头拮据，经济困难
面临强大的攻势，受到猛烈攻击
be (hard) pressed for
缺乏，缺少(金钱、时间等)
bring to (the )press
使开印；把…出版(或发表)
correct the press
校对排版上的错误，校对
go (或 come,send) to press
(报刊等)付印；开始印刷
gutter press
迎合低级趣味的报纸
have a good press
在报上获得好评
in the press
=at press
off the press
已印好；出版，已发行
out of press
绝版；卖光
press ahead (或 forward)
加紧进行；决心继续，继续干(与 with连用)
努力前进
press an attack
强袭
press hard upon
进逼；压迫；穷追
press home
坚定不移地进行下去
极力主张；令人信服地阐明
press of canvas (或sail)
满帆，扯满所有风帆
press one's way
奋力前进；向前挤
press someone to death
把某人折磨致死
press something (up) on someone
把某事物强加于某人，坚持要某人接受某事物
press the button
按电铃；动手干
press the matter to a division
坚持要把事情弄个明白
press the words
坚持字面意思
stop the presses
(为了插入最新消息)暂停开印报纸
the reptile press
(资本主义国家中)向政府献媚的半官方报纸，卖身投靠的报纸
the yellow press
黄色报刊
underground press
地下刊物
[美国英语]急进派刊物；新派刊物；野鸡刊物
press2
[pres]
vt.
强迫服兵役(常指陆军或海军)；强迫服役：
(尤指紧急)征用：
vi.
强迫征兵，抓壮丁
n.
强迫服兵役(尤指陆军、海军)；抓壮丁
[废语]强迫服役令
press
abbr.
pressure"
be pressed to do sth.,无
be hard pressed to do sth.,无
persistence,"n. 固执, 坚持不懈, 持续(性), 存留(状态)
[电] 持久"
stay the course,"na. 始终不渝；(赛跑的马)跑到终点；坚持到底
[网络] 坚守既定方针"
commencement,"n. 开始, 毕业典礼
[法] 开始, 毕业典礼"
truth be told,[网络] 老实说；说实话；真相大白
dot,"n. 点, 圆点, 小数点, 小东西, 嫁妆
vt. 作小点记号, 加小点于
vi. 打上点
[计] 点"
drop out,"n. 退学学生, 中途退学
[电] 离去"
drop-in, [医]溴甲阿托品，溴化甲基阿托品，溴甲烷阿托品[抗消化性溃疡药]
biological,"a. 生物学的
[医] 生物学的"
unwed,a. 没有结婚的；未婚的
put sb. up,"举起, 抬起, 进行, 推举, 参加竞选, 提供, 建造, 接待, 包装, 公布, 上演
[化] 搭架"
adoption,"n. 采用, 采纳, 收养
[法] 收养, 采纳, 采用"
adopt,"vt. 采用, 正式通过, 收养, 接受
[医] 采取"
relent,"vi. 变温和，变宽厚；减弱；缓和
vt. 使变温和；减轻
v. 再借给（relend的过去分词）"
required,a. 必需的
drop in, [医]溴甲阿托品，溴化甲基阿托品，溴甲烷阿托品[抗消化性溃疡药]
stumble,"n. 绊倒, 蹒跚而行, 失足
vt. 使绊倒, 使困惑
vi. 绊倒, 失足, 失策, 犯错, 蹒跚, 踌躇"
stumble into sth.,"跌入,无意中进入,误入,无意中发现,偶然找到"
priceless,"a. 无价的, 极贵重的"
campus,"n. 校园, 大学生活"
poster,"n. 海报, 招贴, 驿马"
label,"n. 标签, 称号, 商标, 标志
vt. 贴标签于, 标注
[计] 标志; 标注; DOS外部命令:用于建立改变或删除磁盘卷标号"
drawer,"n. 抽屉, 开票人
[计] 抽屉"
hand-calligraphy,无
calligraphy,"n. 笔迹, 书法"
serif,"n. 西文字体中的短细线, 衬线
[计] 衬线"
sans-serif,"un. 无细线之活字
[网络] 无衬线体；无衬线字体；无衬线类"
typeface,"un. 字样；字体；打印页
[网络] 活字字面；字体深浅；种字体"
typography,"n. 凸版印刷术, 排印, 印刷版面式样"
artistically,"adv. 富有艺术地, 在艺术上"
subtle,"a. 敏锐的, 精细的, 狡猾的, 稀薄的, 灵巧的, 微妙的
[医] 锐敏的; 精细的"
capture,"n. 抓取, 战利品, 捕获之物
vt. 抓取, 获得, 迷住
[计] 截获命令"
fascinating,"a. 迷人的, 吸引人的, 使人神魂颠倒的"
application,"n. 应用, 申请, 志愿书, 应用程序
[计] 应用, 应用程序"
proportionally," 按比例地, 相配合地, 适当地"
space,"n. 位置, 空间, 距离, 太空, 空白, 间隔, (期刊等的)篇幅
vt. 隔开, 分隔
vi. 留间隔
[计] 空白, 空格校验"
font,"n. 字体, 字形, 洗礼盘, 泉
[计] 字体"
confidence,"n. 信心；信任；秘密
adj. （美）诈骗的；骗得信任的"
billion,"num. 十亿, 十亿个"
creation,"n. 创造, 创作物, 发明
[化] 产生"
diverge,"vi. 分歧, 岔开
vt. 使岔开"
eventually,"adv. 最后, 终于"
fall out,"脱落, 离队, 争吵, 结果是
[化] 落下; 脱落; 散落物; 核爆炸散落物; 沉降物; 落下灰"
board of directors,"[经] 董事会, 理事会"
side,"n. 边；身边；一边；一面
adj. 旁；横；副的；片面的
v. 支持；偏袒；宽度仅有…；站在…的一边
[网络] 旁边；侧面；方面"
devastating,"a. 毁灭性的, (非正式)很好的, 引人注目的"
dawn on,被理解
dawn upon,[网络] 渐被感知
start over,[计] 启动
heaviness,"n. 重, 沉闷, 情绪低落, 忧伤, 迟钝, 笨拙"
lightness,"n. 光亮度, (颜色的)浅淡, 轻率, 轻佻, 轻浮, 轻盈, 轻松, 轻巧, 精巧, 优美
[计] 亮度"
computer-animated,[网络] 电脑动画
feature film,"na. 正片；故事片
[网络] 长片"
animation,"n. 活泼, 生气, 激励, 卡通制作
[计] 动画"
studio,"n. 工作室, 画室, 演播室, 电影制片厂"
brick,"n. 砖块, 积木
a. 用砖做的
vt. 用砖造, 用砖砌"
faith,"n. 信心, 信任, 忠实, 保证
[法] 信任, 信仰, 信念"
lose faith,对…失去信仰；不再相信…
convince,"vt. 说服, 使相信
[法] 使确信, 使信服, 使人认识错误"
diagnose,v. 诊断
scan,"n. 审视, 浏览, 扫描, 细查
vt. 细看, 浏览, 扫描, 详细调查, 标出格律
vi. 押韵, 扫描
[计] 网络软件目录, 编码与分析系统"
tumor,"n. 肿大, 肿块, 瘤, 赘生物, 肿瘤
[医] 瘤; 肿胀, 肿块"
pancreas,"n. 胰腺
[医] 胰[腺]"
cancer,"n. 癌, 恶性肿瘤
[医] 癌"
incurable,"a. 不能医治的, 不能矫正的, 无救的
n. 不治的病人, 无救的人"
diagnosis,"n. 诊断
[计] 诊断"
cell,"n. 细胞；电池；牢房；基层组织
[网络] 单元；单元格；信元"
microscope,"n. 显微镜
[化] 显微镜"
pancreatic,"a. 胰腺的
[医] 胰的"
curable,"a. 可医治的, 医得好的
[医] 可愈的, 能治愈的"
thankfully,adv. 感激地；感谢地
dogma,n. 教条
drown out,"na. (洪水)把(人)赶跑；把(另一声音)压倒[淹没,盖住]
[网络] 压过；盖过；常比喻声音被盖过"
inner,"adj. 内部的；内心的；精神的
n. 内部"
publication,"n. 出版物, 出版, 公布
[经] 发布"
catalogue,"n. 目录, 大学情况一览
vt. 编入目录"
poetic,"a. 诗的, 诗意的, 诗人的"
idealistic,"a. 理想主义的, 唯心论的, 唯心主义的, 唯心主义者的"
overflow,"n. 溢值, 超值, 泛滥
v. (使)泛滥, (使)溢出, (使)充溢
[计] 上溢; 溢出"
notion,"n. 概念, 观念, 想法, 打算, 别致的小东西
[经] 概念, 打算, 想法"
adventurous,"a. 喜欢冒险的, 有进取心的, 危险的"
farewell,"n. 辞别, 再见, 再会
interj. 再会"
sign off,"na. 广播结束(时的用语)；停止工作
[网络] 签收；签核；签字确认"
anew,"adv. 重新, 再"
thrilling,"a. 毛骨悚然的, 令人兴奋的, 令人发抖的"
specify,"vt. 详列, 指定, 说明
[计] 指定"
doom,"n. 厄运, 不幸, 法律, 宣告, 判决, 死亡
vt. 命中注定, 判决"
condemn,"vt. 判刑, 责备, 谴责
[法] 定罪, 判刑, 宣告有罪"
criminal,"n. 罪犯
adj. 犯罪的；犯法的；涉及犯罪的；刑法的
[网络] 刑事辩护律师"
sphere," 表示：u201c球体的u201d,u201c似球的u201d：planisphere; u201c地球(或其他星球)诸层气体的u201d：ionosphere"
activity,"n. 活动, 行动, 活跃, 活力
[计] 活动"
confine,"vt. 限制, 使不外出, 禁闭
vi. 邻接, 交界
n. 边缘, 范围, 区域"
set sb. doing sth.,无
under ... circumstances,[网络] 即期
in ... circumstances,[网络] 境遇不佳
mortal,"n. 生物, 人类
a. 不免一死的, 人类的, 临终的"
attitude,"n. 态度；看法；我行我素的做派；姿势
[网络] 态度决定一切；厉害；标志"
emphasize,"vt. 强调, 加强语气, 着重"
vigor,"n. 精力, 活力"
keenness,"n. 锐利, 尖锐, 敏感"
appreciation,"n. 感激, 赏识, 鉴别
[经] 涨价, 增值"
stretch,"n. 伸展, 张开, 连绵, 一段路, 一段时间
a. 可伸缩的, 弹性的
vt. 伸展, 张开, 曲解, 使过度伸展
vi. 伸展, 延伸
[计] 伸展"
panorama,"n. 全景, 全貌, 概论, 范围"
adopt,"vt. 采用, 正式通过, 收养, 接受
[医] 采取"
certainty,"n. 确定, 确实的事情
[法] 确定, 肯定, 必然的事"
take ... for granted,[法] 认为当然
picture,"n. 图画, 照片, 景色, 美丽如画的人(或物), 化身, 生动的描述, 想像, 形象思维
vt. 画, 拍摄, 用图说明, 描写, 想像
[计] 图象; 形象; 字形"
picture sb. as,无
picture sth. as,无
all but,"na. 几乎跟…一样
[网络] 差一点；除了…都；差不多"
unimaginable,"a. 不能想象的, 不可思议的"
endlessly,"adv. 不断地, 无穷尽地"
petty,"a. 琐碎的, 小规模的, 小气的, 委琐的
[经] 小额的, 微小的, 小规模的"
listless,"a. 倦怠的, 无精打采的
[经] 交易清淡的"
listlessness,n. 精神萎靡；无精打采
characterize,"vt. 描绘...的特性, 刻划...的性格"
deaf,"a. 聋的
[医] 聋的"
blessing,n. 祝福
blessed,"a. 神圣的, 受祝福的
bless的过去式和过去分词"
take in,"接受, 接待, 吸收, 改小, 理解, 注意到, 包括, 轻信, 欺骗, 观看, 拘留
[法] 收容, 了解, 接受"
hazily,"adv. 朦胧地, 模糊地"
the old story,老一套
the same old story,老一套
grateful to sb. for sth.,无
conscious,"a. 有意识的, 知觉的, 觉察的
[医] 有意识的, 清醒的"
stricken,"a. 受打击的, 负了伤的, 衰老的, 受灾的
strike的过去分词"
appreciative,"a. 有欣赏力的, 感激的"
appreciative of sth.,无
be appreciative of sth.,欣赏…;感激…
in particular,特别
symmetry,"n. 对称, 匀称
[化] 对称; 对称性; 对称现象"
birch,"n. 桦树, 桦木, 桦条
[医] 桦"
rough,"n. 粗糙的东西, 毛坯, 未加工品, 梗概, 草图, 暴徒, 艰难
a. 粗糙的, 粗暴的, 蓬乱的, 草率的, 大致的, 简陋的, 暴风雨的, 艰难的
vt. 使粗糙, 使不平, 使蓬乱, 粗制, 草拟, 粗暴对待, 对...动粗
vi. 变粗糙
adv. 粗糙地, 粗暴地"
hopefully,"adv. 有希望地, 如果希望能实现的话"
in search of,寻找
bud,"n. 芽, 花蕾
vi. 发芽, 萌芽
vt. 使发芽"
sign,"n. 符号, 招牌, 征兆, 正负号, 手势
vt. 签名, 打手势表达
vi. 签名
[计] 正负号; 符号; 符号字符"
awaken,"vt. 唤醒, 唤起, 使意识到
vi. 觉醒, 意识到"
delightful,"a. 令人愉快的, 可爱的"
texture,"n. (织物的)密度, (材料等的)结构, 纹理
[化] 纹理"
remarkable,"a. 不平常的, 值得注意的, 显著的"
reveal,"vt. 露出, 显示, 透露, 揭露, 泄露, (神)启示
n. 窗侧, 门侧"
quiver,"n. 震动, 颤抖, 箭袋
vi. 颤抖, 振动
vt. 使颤动
a. 敏捷的"
brook,"n. 小溪
vt. 容忍"
Persian,"n. 波斯人, 波斯语"
rug,"n. 小地毯；毛皮地毯；男子假发
n. (Rug)人名；(塞)鲁格"
unending,"a. 无穷尽的, 无止境的, 不停的"
drama,"n. 戏剧, 戏剧艺术"
action,"n. 行动, 活动, 动作, 作用, 战斗, 行为, 诉讼
vt. 对...起诉
[计] 方式"
stream,"n. 水流, 小河, 流出, 趋势, 人潮
vt. 流出, 流动, 展开
vi. 流, 涌, 飘扬
[计] 流"
longing,"n. 渴望, 热望, 憧憬
a. 渴望的, 热望的"
long,"n. 朗；(服装的)长尺寸；长裤；【语】长母音
adj. （长度或距离）长的；（询问或谈论长度或距离）长；长时间的；长久的
adv. 长期地；长久地；（在某一时间或事件之前或以后）很久地
v. （尤指对看似不会很快发生的事）渴望
[网络] 长整型；长整数；多头"
long for,渴望
convenience,"n. 方便, 便利的事物, 方便的时候"
interviewee,"n. 被接见者, 被采访者, 被面试者"
more often than not,"多半, 通常"
requirement,"n. 需求, 必要条件, 要求
[化] 要求; 合同要求"
employment,"n. 雇用, 职业, 工作
[经] 职业, 雇用, 职工招请"
goal,"n. 目标, 终点, 得分, 球门, 守门员
vi. 攻门, 射门得分"
analogy,"n. 相似, 类似
[计] 模拟"
corporate,"a. 社团的, 合伙的, 公司的
[经] 团体的, 法人的, 社团的"
opposition,"n. 反对, 敌对, 相反, 在野党
[医] 对生, 对向, 反抗, 反对症"
reserve,"n. 储备品, 贮量, 后备军, 自然保护区, 保留, 拘谨, 节制, 储备金
vt. 保留, 保存, 预订, 延期, 推迟"
in reserve,"na. 预备的
[网络] 备用的；留下的；留待备用"
coach,"n. 四轮大马车, 教练
vt. 训练, 指导
vi. 坐马车旅行, 作指导"
goalkeeper,"un. 守门员
[网络] 足球守门员；门将；龙门"
striker,"n. 打击者, 罢工者
[经] 罢工者"
midfielder,n. 中场队员
defender,"n. 防卫者, 防护者, 辩护者
[法] 辩护人, 保护人"
handicap,"n. 障碍, 困难, 不利条件
vt. 加障碍于, 妨碍"
to the best of one's ability,尽自己最大努力
inspiration,"n. 灵感, 鼓舞人心的人或物, 妙计, 吸气
[医] 吸[气]"
get in the way,"挡住去路,障碍,碍事"
get in the way of sth.,妨碍，阻碍
rash,"a. 轻率的, 匆忙的, 鲁莽的
n. 皮疹"
in view of,"考虑到, 由于
[法] 鉴于"
leadership,[网络] 领导力；领导才能；领导力专辑
guidance,"n. 指导, 领导
[医] 导"
continuously,"adv. 不断地, 连续地
[电] 连续地"
loyal,"a. 忠诚的, 忠实的, 忠贞的"
objective,"n. 目的, 目标, 宗旨, 宾格, 实物
a. 客观的, 如实的, 无偏见的, 宾格的"
in line with,符合
oneness,"n. 单一性, 同一性, 统一性"
herd,"n. 兽群, 人群, 牧人
vt. 群集, 使成群, 放牧
vi. 聚在一起"
follow the herd,"随大流,人云亦云"
vision,"n. 视觉, 眼光, 视力, 幻想
vt. 梦见, 想象, 显示"
differ,"vi. 不一致, 不同
[机] 差异, 不同"
valid,"a. 有确实根据的, 有法律效力的, 正当的, 正确的
[经] 有效的"
complement,"n. 补足物, 补语, 补数
vt. 补充, 补足
[计] 补码; 反相器; 补数"
competent,"a. 能干的, 胜任的, 有效的, 足够的
[经] 有权的, 授权的, 胜任的"
assess,"vt. 估定, 对...征税, 评定
[经] 估计, 估价, 确定(税款罚款等)的金额"
assess sth. on its,无
judge sth. on its,无
assess sth. on its own,无
judge sth. on its own,无
merit,"n. 优点, 功绩, 价值, 功过, 真相
vt. 值得
vi. 应受"
personally,"adv. 亲自地, 个别地, 当面, 就本人而言, 针对个人地"
inappropriate,"a. 不适当的, 不相称的"
rejection,"n. 拒绝, 抛弃, 驳回, 被抛弃的东西, 呕出物
[化] 报废; 拒收"
rebuff,"n. 断然拒绝, 严厉拒绝, 漠不关心
vt. 严厉拒绝"
lose heart,丧失勇气
to sb.'s credit,无
feel free to do sth.,"v. 放心
[网络] 欢迎参加；觉得自己可以随意做某事；随便做某事"
dismiss,"vt. 解散, 开除, 解职
vi. 解散
[计] 解散"
take up,"拿起, 开始从事, 继续, 接纳, 吸收, 占据, 拘捕, 承兑, 认购, 绷紧
[经] 付清, 承兑(汇票), 认购(债券等)"
unparalleled,"a. 无比的, 无双的, 空前的"
Chances are that ...,[网络] 很可能；很有可能；某事发生很有可能
Chances are hight that ...,无
hardship,"n. 艰难, 辛苦, 苦难
[法] 受苦, 吃苦, 苦难"
contributor,"n. 贡献者, 捐助者, 赠送者, 投稿者
[法] 捐助人, 捐赠人, 投搞人"
disadvantage,"n. 缺点, 不利, 坏处"
drive sb. to sth.,开车去
classic,"n. 古典作品, 杰作, 大艺术家
a. 第一流的, 最优秀的, 古典的"
recognizable,"a. 可认识的, 可承认的, 可识别的
[法] 可被认出的, 可辩认的, 可被承认的"
abuse,"n. 滥用, 虐待, 恶习, 辱骂
vt. 滥用, 辱骂, 虐待"
handicap,"n. 障碍, 困难, 不利条件
vt. 加障碍于, 妨碍"
limb,"n. 四肢, 枝干, 翼, 边缘
vt. 切断...之手足"
playwright,n. 剧作家
mature,"a. 成熟的, 到期的, 充分考虑的
vt. 使成熟
vi. 成熟, 到期"
haul oneself up by one's bootstraps,无
pull oneself up by one's bootstraps,[网络] 拎着鞋带把自己提起来；凭自己的力量重新振作；拎著鞋带把自己提起来
haul oneself up by one's own bootstraps,依靠自己的努力而取得成功(或出人头地或提高自己的地位或改善自己的境况)
pull oneself up by one's own bootstraps,依靠自己的努力而取得成功(或出人头地或提高自己的地位或改善自己的境况)
haul,"n. 用力拖拉, 拖运, 强拉, 捕获量, 拖运距离
vi. 拖, 拉, 改变方向, 改变主意
vt. 拖拉, 拖运"
bootstrap,"n. 解靴带
[计] 引导程序, 引导自举"
consciousness,"n. 意识, 知觉, 自觉
[医] (有)意识, 清醒"
courageously,adv. 勇敢地
nurse sb. through,在…期间照顾; 帮助…克服
nurse sth. through,在…期间照顾; 帮助…克服
nurse sb. through sth.,在…期间照顾; 帮助…克服
nurse sth. through sth.,在…期间照顾; 帮助…克服
polio,"n. 脊髓灰质炎, 小儿麻痹症
[医] 脊髓灰质炎"
elect,"adj. 选出的；当选的；卓越的
n. 被选的人；特殊阶层；上帝的选民
vt. 选举；选择；推选
vi. 作出选择；进行选举"
elect sb. to sth.,选进
presidency,"n. 总统职权, 总裁职位"
in the depth of,在…的深处；在极端…中
in the depths of,在…的深处；在极端…中
depth,"n. 深度, 深处, 深奥
[计] 深度"
depression,"n. 不景气, 消沉, 沮丧, 洼地
[医] 抑郁[症], 阻抑, 压低, 凹, 窝, 衰退, 俯角"
outspoken,"a. 直言无讳的, 坦率的, 坦白无隐的"
remainder,"n. 剩余物, 其他人, 残余, 余数
v. 削价出售(图书)
a. 剩余的, 出售削价剩书的
[计] 余数"
spokesperson,"n. 发言人, 代言人"
limitation,"n. 限制, 缺陷, 限额
[医] 限界, 限制, 限度"
temper,"n. (钢等的)硬度, 脾气, 心情, 中和剂, 倾向, 回火
vt. 使回火, 锻炼, 调和, 使缓和
vi. 回火"
self-control,"n. 克己；自制
[网络] 自我控制；自制力；自身对照"
self-discipline,"n. 自我训练, 自我修养, 自律
[法] 自律, 自我约束, 自我修养"
refer to sb. as,"v. 提交；归类；称谓
[网络] 把…称作；把…当作；称为"
refer to sth. as,"v. 提交；归类；称谓
[网络] 把…称作；把…当作；称为"
clumsy,"a. 笨拙的, 不雅观的, 粗陋的"
baseball,[网络] 棒球；香港求棒球；基球
tap,"n. 轻打, 水龙头
vt. 轻打, 轻敲, 敲打出, 选择, 装上嘴子, 使流出, 开发, 分接, 向...乞讨
vi. 轻叩, 轻拍, 啪塔啪塔地走
[计] 接头"
tap into,"na. 同“tap”
[网络] 利用；挖掘；打入"
of all time," 一直, 始终；有史以来"
club foot,"un. 畸足；熊脚蹄；畸形足；丰满艏柱底
[网络] 他"
clubfoot,"un. 畸足；熊脚蹄；畸形足；丰满艏柱底
[网络] 他"
lord,"n. 统治者, 阁下, 上帝
vi. 称王, 作威作福
vt. 使成贵族"
tuberculosis,"n. 肺结核
[医] 顿挫性结核"
hunchback,"n. 驼背
[医] 驼背, 脊柱后突"
historic,"a. 历史上著名的, 有历史性的"
with honors, 人生点滴是真情; [电影]乞丐博士
graduate with honors,以优异成绩毕业
source,"n. 来源, 水源, 根源, 原始资料, 源
[计] 来源, 源程序"
take ... by the throat,"扼杀, 掐死"
make an excuse,为…找借口
take action,"采取行动, 提出诉讼"
claim,"n. 要求, 要求权, 断言, 权利
vt. 要求, 认领, 主张
vi. 提出要求, 主张, 断言"
stuff,"n. 原料, 要素, 东西, 材料, 素质, 织品, 废物, 废话
vt. 装填
vi. 狼吞虎咽"
fire sb. up,"na. 发动(机器)；生火；突然发怒
[网络] 生气；发火；勃然大怒"
uncommon,"a. 不寻常的, 非凡的, 罕有的
adv. 不平常地"
decency,"n. 得体, 礼貌, 正派
[法] 正当, 正派, 合乎礼仪"
mercifully,adv. 仁慈地
obscure,"a. 模糊的, 昏暗的, 难解的, 晦涩的, 偏僻的, 微贱的, 无名的
vt. 使变暗, 隐藏, 使变模糊, 使难解"
collapse,"n. 崩溃, 倒塌, 虚脱
vi. 倒塌, 崩溃, 瓦解
vt. 使倒塌, 折叠
[计] 折叠"
transfer,"n. 迁移, 移动, 传递, 转让, 转移, 过户, 汇兑, 换车
vt. 使转移, 调转, 调任, 改变, 传递, 转让
vi. 转移, 转学, 转职, 换车
[计] 传送"
rear,"n. 后面, 背后, 后方
a. 后面的, 背面的, 后方的
vt. 养育, 培养, 饲养, 举起, 树立, 栽种
vi. 高耸, 暴跳"
buddy,"n. 好朋友, 伙伴"
motion,"n. 移动, 手势, 动作, 意向, 请求, 提议
v. 打手势"
valid,"a. 有确实根据的, 有法律效力的, 正当的, 正确的
[经] 有效的"
technically,"adv. 技术上, 学术上, 专门地"
regulation,"n. 规则, 管理, 调整
[计] 调整; 规章; 规则; 调节"
damn,"n. 一点, 诅咒, 丝毫
interj. 该死, 该死的
vt. 诅咒, 罚...下地狱
vi. 指责, 谴责, 骂...该死, 证明...有罪"
not give a damn,"满不在乎,毫不理会,当作耳边风"
not care a damn,"毫不在乎,毫不介意,不感兴趣,充耳不闻"
not give a damn about sb.,无
not care a damn about sb.,无
not give a damn about sth.,无
not care a damn about sth.,无
abuse,"n. 滥用, 虐待, 恶习, 辱骂
vt. 滥用, 辱骂, 虐待"
lousy,"a. 污秽的, 恶心的, 生虱的"
son of a bitch,"n. 狗娘养的；王八蛋；浑蛋
[网络] 婊子养的；混蛋；狗崽子"
a son of bitch,无
mutter,"n. 喃喃低语
vi. 喃喃自语, 作低沉声
vt. 出怨言, 抱怨地说"
reserve,"n. 储备品, 贮量, 后备军, 自然保护区, 保留, 拘谨, 节制, 储备金
vt. 保留, 保存, 预订, 延期, 推迟"
sentiment,"n. 感情, 感伤, 情操, 情绪, 感想, 意见
[医] 情感, 情操"
irritation,"n. 刺激, 烦恼, 刺激物
[医] 刺激[作用], 兴奋"
dismay,"n. 沮丧
vt. 使惊愕, 使气馁"
massive,"a. 大而重的, 宽大的, 宏伟的
[医] 大块的, 整块的, 大量的"
dare,"n. 挑战, 挑动, 大胆
v. 敢, 胆敢"
upbringing,n. 抚育，养育；教养；培养
in question,"正被讨论, 可怀疑
[法] 正被谈论的, 成问题的, 被争论"
solicitous,"a. 关心的, 渴望的, 热切期望的, 十分讲究的"
contemptuous,"a. 轻蔑的, 鄙视的, 瞧不起人的"
disrespectfully,adv. 无礼地；不恭地
slight,"adj. 轻微的；略微的；细小的；纤细的
n. 侮慢；冷落；轻视
v. 侮慢；冷落；轻视
[网络] 微小的；少量的；细长的"
admonition,"n. 警告, 劝告, 训诫
[法] 警告, 申戒, 劝告"
cliché,无
retrospect,"n. 回顾, 追忆, 回溯
v. 回顾, 追忆"
in retrospect,回顾
politics,"n. 政治, 政治学, 政见, 政治活动
[法] 政治, 政治学, 政纲"
immigrant,"n. 移民
a. 移入的, 移民的"
poverty,"n. 贫穷, 贫困, 缺乏
[医] 贫乏, 缺乏"
fervent,"a. 热的, 炎热的, 热心的"
conviction,"n. 定罪, 信服, 坚信
[法] 定罪, 证明有罪, 判罪"
vendor,"n. 小贩, 卖主, 自动售货机
[计] 计算机销售商"
vender,"n. 小贩, 卖主, 自动售货机
[计] 售主, 自动售货机, 厂家"
hustle,"n. 心碌, 挤, 推, 拥挤喧嚷
vt. 催促, 乱挤活动, 硬逼, 强夺
vi. 赶紧, 硬挤过去"
improper,"a. 不合适的, 错误的, 不成体统的, 不道德的
[法] 不适当的, 不合适的, 不正确的"
license,"n. 执照, 许可证, 特许
vt. 许可, 特许"
agency,"n. 代理机构, 经销商, 中介
[化] 办事处"
on behalf,[网络] 代取件业务；代订；代为
in behalf,[网络] 为了…的利益
affiliation,"n. 联系, 从属关系
[医] 父权(判定私生儿的父亲)"
character,"n. 性格，品质；特性；角色；[计] 字符
vt. 印，刻；使具有特征
n. (Character)人名；(英)克拉克特"
reflexively,反身地
salesclerk,"n. 店员
[经] 售货员, 推销员"
unquestionably,"adv. 毫无疑问, 不成问题, 无可非议, 确实"
wanting,"a. 欠缺的, 不足的, 不够格的
prep. 没有, 缺少"
elementary,"a. 初步的, 基本的
[医] 元素的, 基础的, 初级的"
intercourse,"n. 交往, 交流
[医] 交际, 往来"
enforce,"vt. 强迫, 执行, 坚持
[经] 予以强制执行"
assent,"n. 赞成
vi. 同意"
oblige,"vt. 强制, 施恩惠于, 使感激
vi. 施恩惠, 帮忙"
subway,"n. 地铁, 地道
vi. 乘地铁"
conveyance,"n. 运输, 运输工具, 财产转让
[经] 运输工具, 转让证书, 财产的转让"
standee,"n. 站立者, 站票观众"
designer,"n. 设计者, 谋划者, 制图者
[计] 设计员"
designer jeans,印有设计者名字的牛仔裤，标名牛仔裤
blankly,"adv. 茫然地, 毫无表情地"
consideration,"n. 考虑, 原因
[法] 考虑, 思考, 报酬"
legitimate,"a. 合法的, 正当的, 婚生的
vt. 认为正当, 立为嫡嗣, 使合法"
worrisome,"a. 令人烦恼的, 麻烦的, 劳碌命的"
self-absorption,"n. 自我专注, 自吸收
[医] 自吸收; 自我专注"
threaten,"vt. 恐吓, 威胁, 预示...的凶兆
vi. 威胁, 恫吓, 可能来临"
undermine,"vt. 在...下面挖, 渐渐破坏, 暗地里破坏
[法] 暗中破坏, 以阴谋中伤伤害"
tradition,"n. 传说, 传统, 交付
[法] 传统, 惯例, 移交"
generosity,"n. 慷慨, 宽大"
historically,adv. 历史上地；从历史观点上说
characterize,"vt. 描绘...的特性, 刻划...的性格"
characterize sb. as sth.,无
characterize sth. as sth.,无
characterize sb. as being sth.,无
characterize sth. as being sth.,无
compassion,"n. 同情, 怜悯"
unemployed,"a. 失业的, 未被利用的
[经] 没有被雇用的, 失业的, 没有被利用的"
underprivileged,"a. 贫困的, 下层社会的, 被剥夺了正当权利的, 权益较他人为少的
[法] 被剥夺基本社会权利的, 穷的"
defender,"n. 防卫者, 防护者, 辩护者
[法] 辩护人, 保护人"
warmth,"n. 温暖, 温情, 暖和, 激动, 生气"
dial,"n. 刻度盘, 钟面, 转盘
v. 拨"
operator,"n. 操作员, 行家, 经纪人, 算子, 运算符
[计] 运算符"
recommend,"vt. 推荐, 介绍, 劝告, 使受欢迎, 托付
[经] 建议, 推荐"
electronic,"adj. 电子的；电子器件的；电子设备的
[网络] 电子玩具；免费的电子；电子工程师"
reduction,"n. 减少, 缩影, 变化
[化] 还原"
ad,"n. 【网】打成平局后得分 = advantage. ad in (打成平局后)发球人得分
abbr. 〈外(=Anno Domini)公元
prep. 达；根据
[网络] 阿尔茨海默病(Alzheimer's disease)；活动目录(Active Directory)；广告(advertisement)"
render,"vt. 回报, 给于, 付给, 汇报, 提出, 舍弃, 反映, 表示, 表演, 致使, 执行, 实施
vi. 给予补偿
n. 交纳, 打底"
capable,"a. 有能力的, 能的, 能干的"
incessantly,"adv. 不断地, 不停地; 接连不断; 连绵不断; 不已"
bombard,"vt. 炮击, 攻击, 轰击
n. 射石炮"
platitude,"n. 单调, 平凡, 陈腐, 陈词滥调"
grim,"a. 冷酷的, 坚强的, 残忍的, 可怕的, 讨厌的"
conscience,"n. 良心
[法] 良心, 道德感, 正义感"
inestimable,"a. 无价的, 无法估计的"
speculate,"vi. 深思, 推测, 投机
[经] 投机"
possibility,"n. 可能性, 可能的事
[法] 可能性, 可能发生的事, 不确定权"
dusk,"n. 薄暮, 傍晚, 黄昏
a. 微暗的
v. (使)微暗"
short of,"缺乏, 达不到, 除...以外"
weary,"a. 疲倦的, 萎靡的, 厌倦的, 厌烦的
vt. 使疲倦, 使厌烦
vi. 疲乏, 生厌, 不耐烦"
mechanic,"n. 机械工, 技工
a. 手工的"
shaft,"n. 轴, 箭杆, 矛, 矿井
vt. 装杆于, 利用"
drive shaft," （机器的）传动轴, 驱动轴"
untidy,"a. 不整齐的, 懒散的, 混乱的"
bumper,"n. 缓冲器, 满杯
a. 大胜利的"
bumper sticker,n. （贴在汽车后保险杠上、通常印有政治、宗教标语或幽默言语的）保险杠贴纸
vehicle,"n. 交通工具, 车辆, 传播媒介
[化] 载体; 运载体; 漆料"
junkyard,n. 废品旧货栈
auto,"n. 汽车
pref. 表示""自己""、""本身"", 表示""自己的"", 表示""自动的"""
graveyard,n. 墓地
furrow,"n. 犁沟, 车辙, 皱纹
vt. 犁, 耕, 弄绉
vi. 起波纹"
brow,"n. 眉毛, 额
[医] 额, 眉, 睫毛"
motel,n. 汽车旅馆
nope,"adv. 不, 不是"
resist,"vi. 抵抗，抗拒；忍耐
vt. 抵抗；忍耐，忍住
n. [助剂] 抗蚀剂；防染剂"
clap,"n. 拍手, 拍手声, 霹雳声, 花柳病
v. 鼓掌, (使)啪地关上"
bitterness,"n. 苦味, 悲痛, 怨恨"
run-in,"n. 争吵, 试车, 插入部分, 接排
[化] 磨合运转; 磨合试车"
