London Eye, 伦敦眼
fun,"n. 乐趣；玩笑；有趣的人或事
adj. 供娱乐用的
vi. 开玩笑"
believe,"vi. 信任；料想；笃信宗教
vt. 相信；认为；信任"
together,"adv. 一起；同时；相互；连续地；总共
adj. 新潮的；情绪稳定的，做事有效率的"
River Thames,[网络] 泰晤士河；伦敦泰晤士河；泰晤士河畔
bridge,"n. 桥, 舰桥, 桥梁, 桥牌
vt. 架桥于, 跨越
[计] 桥, 网桥, 桥接器"
Tower Bridge,n. 塔桥（在英国伦敦泰晤士河上的两端各有一塔）
really,[网络] 再结盟
pass,"n. 经过, 要隘, 途径, 通行, 护照, 及格
vt. 经过, 越过, 通过, 批准, 度过, 传递, 忽略
vi. 经过, 变化, 流通, 及格, 宣判, 终止, 消逝, 被忽略, 不叫牌, 传递
[计] 遍"
binoculars,"n. 双目镜, 双筒镜
[机] 双目镜"
any,"a. 任何的
pron. 任何"
ship,n. [英国俚语](在同一工头下工作的)排字组 ( = companionship)
some," [医]〔后缀〕意为体, 躯体"
Westminster Bridge,"威斯敏斯特大桥, 西敏桥"
down there,[网络] 在那儿；那里；去那里
Big Ben,"n. 英国伦敦议会大厦顶的大钟, 美国得州西南部的国立大本德公园(Big Bend National Park)"
its,"pron. 其
short. it is；it has
adv. （指事物、动物或婴儿）它的
[网络] 智能交通系统(Intelligent Transportation System)；智能运输系统"
classroom,室
park,"n. 公园, 停车处
vt. 停车, 置于
vi. 停车"
church,"n. 教堂, 礼拜, 教会
vt. 使人接受宗教仪式
a. 教堂的"
cinema,"n. 电影院, 电影"
smile,[网络] 众人仰慕
watch,comb.form [通常作复合词的第二部分]表示“研究”，“监视”，“观察”，“观望”；“观赏”
balance,[网络] 平衡；达到平衡
do,"v. 做；进行；完成；做出
auxv. 用于实义动词前构成否定句和疑问句；构成附加疑问句
n. 社交聚会；社交活动
[网络] 溶解氧(dissolved oxygen)；执行；行动"
try,"n. 尝试, 试验, 审理, 审判
vt. 试, 尝试, 试验, 考验, 审问, 提炼
vi. 尝试, 试图"
as well,也
easy,"a. 容易的, 缓缓的, 舒适的, 从容的, 宽容的, 流畅的, 随便的, 自在的, 疲软的
adv. 容易地, 慢慢地"
on one's knees,跪着
good at, 擅长…
gymnastics,"n. 体操, 体育
[医] 体操, 体育"
useless,"a. 无用的, 无效的, 无益的
[机] 无用, 无价值, 无效"
Maths,n. 数学
Music,"n. 音乐, 乐曲"
take,"vt. 拿, 取, 抓, 带领, 获得, 就座, 接受, 吃, 吸引, 采取, 乘, 需要, 花费
vi. 吃掉对方棋子, 抓住, 起作用, 依法获得财产
n. 拿, 取, 收成, 奏效"
take a photo,拍照
gym,"n. +体育馆, 体育训练, 体育课, 体操"
difficult,[网络] 困难的
drive,"n. 驾车, 快车道, 推进力, 驱动, 动力, 击球, 驱动器
vt. 开车, 驱使, 推动, 驾驶
vi. 开车, 猛击, 飞跑
[计] 驱动器"
ride,"n. 骑马, 乘坐, 乘车, 搭便车
vt. 骑, 乘坐, 压迫, 控制
vi. 骑马, 乘车, 漂游"
speak,"v. 说；说话；讲话；发言
[网络] 谈话；演说"
tennis,n. 网球
cook,"n. 厨子, 厨师
vt. 烹调, 煮饭, 加热
vi. 在煮着"
dinner,[网络] 正餐
help,"n. 帮忙, 帮助者, 补救办法, 有益的东西
vt. 帮助, 帮忙, 接济, 治疗, 款待
vi. 有用, 救命, 招待
[计] 帮助, 帮助程序; DOS外部命令: DOS命令的电子文件帮助程序"
rice,[网络] -白饭
water,[网络] 水
pan,[网络] 一的炒米芳
chop,"n. 肋条肉, 排骨, 砍, 戳记, 商标
vt. 剁碎, 砍, 切击, 割断
vi. 砍, 突然转向"
onion,"n. 洋葱
vt. 因洋葱使掉泪"
spoon,"n. 匙, 调羹, 匙形工具
vt. 以匙舀起, 调情, 使成匙状"
get,"vt. 得到, 获得, 变成, 使得, 收获, 接通, 抓住, 染上
vi. 到达, 成为, 变得
n. (网球等)救球, 生殖, 幼兽
[计] 取得指令, 获取文件"
fork,"n. 叉子, 叉状物, 分岔
vi. 分支, 分歧
vt. 做成叉形, 叉起
[计] 派生指令"
drawer,"n. 抽屉, 开票人
[计] 抽屉"
hand,"hand
[hænd]
n.
手
(脊椎动物的)前脚
(鹰等鸟类的)爪
(虾、蟹等的)螯
手状物；具手功能的东西
(钟表、仪器的)指针
(工具等的)把，柄
(香蕉等的)一扇，一把，一串；(烟草等的)一束
指示(符号)
猪肩肉，臀尖肉
人手，劳力；[用复数]雇员，职员；船员，乘员
有技术者，专业人员；行家
手艺，技巧，技能；手法；(手工)细活
[用复数]缰绳
(做某项工作的)人才
海员，水手
[常用复数]权力；支配，管理
(尤指谈判中的)地位
援助之手，帮助
参与，插手
拍手喝彩，鼓掌
(契约、信义等的)应允；誓约；婚约
(量马高度的)一手之宽
笔迹，手迹；书法
签字，签名
面，方面
工具；媒介，手段
立场；影响力；实力，作用
(织物、皮革等的)手感
【牌戏】
手中的牌，一手牌
参赛人，打牌人
牌戏的一盘
[用复数]驯马术；骑马术
【机械学】(轴向)偏差
[古语]提供情报(或给养)者
adj.
用手(表示)的；手操纵的
vt.
交，递；给，送，递送；呈送，递上(常与 up 连用):
He handed me a necklace last night.
昨晚他送给我一条项链。
Would you please hand this letter to my wife?
麻烦你把这封信交给我夫人。
to hand up a paper
向上级呈送文件
帮助；搀扶:
I handed him into his car.
我把他搀上了他的车。
【航海学】
把(帆、旗等)卷起
使改变航向
[美国英语]【法律】上报(与up连用)
[废语]用手操纵；对付
短语:
a bad hand at
对…不内行，不善于…
a cool hand
厚面皮的人；精明人
沉着勇敢的人
a dab hand at
[口语]做…(尤指体育项目)的能手(或健将)
a free hand
自由(权)，自由决定(权)
大方，慷慨
a good (或crack, great) hand at (doing) something
巧于…，对…在行
a green hand
生手，新手[亦作fresh hand]
园艺技能[亦作green thumb]
a hand
[口语]
掌声，鼓掌
一臂之力，帮忙
插手，参与
a hand's turn
[口语][常用于否定句]举手之劳
a legible hand
清楚的字迹，工整的书法
a light hand
精湛的技巧，熟练的手艺
清楚的字迹
all hands
[口语]全部人手；全体人员，大家伙
【航海学】全体海员，全体船员
All hands to the pumps (或pump)!
【航海学】全体船员都去抽水!
大家都来帮忙!
a nap hand
【牌戏】肯冒险就能赢的牌
冒险一下就获全胜的地位
an iron hand in a velvet glove
外柔内刚
口蜜腹剑，笑里藏刀
an old hand (at)
内行，里手，行家
an open hand
慷慨，大方
a numb hand
笨蛋；无经验者
a poor (或bad) hand at
对…不熟练(或不内行)，不善于
(as) flat as one's hand
很平的，极平的
ask for a lady's hand
向某女子求婚
at first hand
直接地，第一手地
at hand
在手边，在附近
即将发生，即将到来，迫近
在考虑中
at second hand
间接地，二手地
旧的，用过的
at someone's hands (或 hand) (或 at the hands (或hand) of someone)
在某人手里
出自某人之手，从某人那里
bathe (或dip) one's hand in blood
双手沾着鲜血，杀了人
bear a hand
出一把力，帮忙
参与，插手
[水手用语]干起来
bear in hand
管理，控制
允诺
坚持认为；指控
be even hands with (someone)
[苏格兰英语]同(某人)算账，向(某人)报复
bind (或tie)hand and foot
捆住手脚
使受束缚，约束
bite the hand that feeds one
以怨报德，恩将仇报
bridle hand
左手(指持缰绳之手)
by hand
用手的，手工的
由专人送的
(婴儿喂养)人工方法的，非母乳喂养的
手写的
by the hands (或hand) of
经由…之手，通过，用，由
by the left hand
私生的，非婚生的；贵族男子与下层女子所生的
by (或with) the (或a) strong hand
用强硬的手段；断然地，强制地，用暴力
call one's own hand
公开自己的主张(或意图)
【牌戏】摊牌
call someone's hand
要求某人摊牌
挫败某人的阴谋
cap in hand
毕恭毕敬地，卑躬屈膝地
carry it (或things) with a high hand
盛气凌人；专横跋扈
change hands
(财产等)易主，更换所有权
(钱被)花掉
chuck one's hand in
[俚语]拒绝做某事
clean hands
两手青白，洁身自好
come into someone's hands
到手，收到
come out with clean hands
清白无辜，被宣告无罪
come the heavy hand
强迫(某人)做某事，强加于人
come to (one's) hand
到手；收到
发现，偶然找到，偶然(被)抓到
come to (one's) hands
短兵相接
cross someone's hand with silver (或coin等)
见cross
die by one's own hand
自杀
dip one's hand in (或 into) the pocket (或purse)
见dip¹
dirty one's hands
弄脏双手，玷污自己(的好名誉)
eat (或feed) out of someone's hand
对某人俯首帖耳，完全受某人支配，惟某人之命是从
fall into good hands
落在好人手里
fall into someone's hands
落在某人手中；为某人所掌握(或占有、照料等)
force someone's hand
【牌戏】逼迫某人出牌
迫使某人暴露自己的计划，迫使某人表态(或采取行动)
for four hands
【音乐】(钢琴曲)以四手联奏
for one's own hand
为了自己(个人)的利益
from hand to hand
传递；转手
from hand to mouth
刚够糊口，现挣现吃
gain (或get, have) the upper hand (of)
控制，掌握；居支配地位
get oneself in hand
克制(或控制)自己
get one's hand in
使自己懂行起来，开始熟悉(或掌握技巧)
get one's hands on
弄到，搞到
抓到(某人并加以危害)
狠揍，猛打
get out of hand
摆脱控制
变得难以管教
完工
get someone under hand
制服某人
get something off one's hands
摆脱某事物，免除对某事的责任
get the hands
[美国口语]博得热烈掌声
get (或have) the whip hand
占上风，处于支配地位
give a helping hand
助一臂之力，(向某人)伸出援助之手
give one's hand on (或upon)
对…作出保证，以名誉担保履行诺言
give one's hand on a bargain
握手成交
give someone a big hand
对某人报以热烈的掌声(欢迎)
give someone a hand (with)
帮助…(做某事)，给…以帮助，帮某人一把
give someone a free hand
给予某人办某事的充分自主权
give someone one's hand
伸手与某人握手
(女子)答应与某人订婚(或结婚)
given under my hand and seal
经我本人签字盖章
go hand in hand with
与…携手同行
和一致，与…结合在一起；与…相配合
go through someone's hands
由某人处理；归某人负责
grease someone's hand
贿赂某人，向某人行贿
付小费；给酒钱[亦作grease the hand of someone]
hand and foot
连手带脚一起，完全地
(始终)辛勤地；周到地，殷勤地，无微不至地
hand in (或and) glove (with)
(跟…)亲密无间；(跟…)互相勾结
hand in hand
手拉手地
连在一起，联合地；形影不离地
联合的；形影不离的
hand it (或the punishment) out
[口语]严惩；痛打
hand it to
[美国俚语]给予…应有的信赖
hand it to someone
[俚语]赞扬某人，承认某人的长处(或优势、成就、优良品质)；服某人；向某人致敬
hand of God
天灾；不可避免的灾祸
hand of writ(或write)
[苏格兰英语]
笔迹，手迹；书法
书法家
hand over fist
迅速地，平稳快捷地
(爬绳、游泳等时)双手交替运用地
[口语]容易地，不费气力地
[口语](尤指钱)大量地
hand over head
[古语]
冒冒失失地，轻率地，鲁莽地
飞快地
hands down
容易地，轻易地，毫不费力地
无疑地
Hands off!
[参观警示语]请勿动手!
不许碰! 别动!
Hands up!
[美国英语]举起手来!不许动!
hand to fist
[口语]亲密地
hand to hand
(战争等)逼近地，短兵相接地，肉搏地
hand heavily(或heavy) on one's hands
(时间)过得缓慢而沉闷无聊
have a free hand
不受约束，得以自由行动，可全权处理，能够不受干扰地自行决策，能放手去做
have(或hold) a good hand
【牌戏】拿到一手好牌
有可能成功，占上风，取得决定性的优势
have(或take) a hand in(或at)
参与到…中间，参加；与…有关
have a hand like a foot
笨手笨脚，笨拙
have…in hand
开始做，着手，开始
控制，掌握；制服
have long hands
极有势力(或权力)
have one's hands free
没事做，空闲
可以自由行动
have one's hands full
手里有许多工作要做，很忙，忙得不可开交
have one's hands tied
被牵制，被束缚，不能自由行动
have someone's fate(或life) in one's hands
掌握着某人的生死(或命运)
have something (或someone) well in hand
完全控制了某事(或某人)
have the better hand
占上风，占优势
have the cards in one's hands
见 card
heart and hand
见 heart
heavy (或iron) hand
高压手段，严酷的手腕
heavy in (或on) hand
(马)难以驾驶的
(人)难对付的；行动迟缓的，头脑迟钝的
枯燥无味的
Here's my hand upon it.
我赞成。
hold hands
(表示信赖、爱情等的)手拉手
hold (或keep) in hand
控制，掌握
[废语]
a) 玩弄
b) 将信将疑；抱着期望
hold one's hand (或hands)
罢手，住手，手下留情
hold someone's hand
握住某人的手
给某人以指导，在精神上支持某人；帮助某人克服困难
hold up one's hands
举手投降
举手同意(或赞同)
in a dead hand
【法律】(不动产)为无让与权的法团所有
in good hands
在可靠(或内行)的人手里；受到十分好的照料
in hand
在掌握中，在控制下
在手头，手头现有的，可使用的
在支配下的；在保护下的
办理中的，进行中的；考虑中的；当前的
负责办理的；承担下来的
in safe hands
在可靠的人手中
in the hands of someone (或in someone's hands)
掌握在…手中，在…支配之下，被…控制
由…照料
由…负责(或处理)
in the turn (或turning) of a hand
立刻，马上，顷刻之间
iron hand in the velvet glove
外柔内刚，外宽内严
join hands (with)
(与…)握手；(同…)携手联合
(同…)合伙
(与…)结婚，(和…)结为夫妻
keep a firm (或tight) hand on
对…实行严密控制(或有力的控制)，紧紧抓住(或控制住)[亦作keep one's hand on]
keep a slack hand
放松缰绳
放任自流；漫不经心地管理(事物)，懈怠
keep a tight hand on someone
紧紧掌握(或控制)住某人
keep in hand
掌握，控制，管理
保留，留存
keep one's hand in
不间断地练习以保持技术熟练，使技术不致荒废
继续保持对…的控制权，继续过问
keep one's hands in one's pockets
懒散；游手好闲
keep (one's) hands off
不拿取
不接触
不干涉
keep one's hand on
抓住
控制，掌握
kiss hands (或kiss the hand, kiss the Queen's hand)
吻(女)君王的手
kiss one's hand to
向…飞吻，给…飞吻
last hand
最后的润色；最后的几笔
lay a hand on
[口语][仅用于否定句或疑问句]动手打人
lay hands on (或upon)
抓到，拿到；得手
碰至，触及；(主教)施坚信礼
袭击；动手打人，施暴
(对女性)动手动脚
lay hands on oneself
自杀
lay hands on the ark
亵渎圣物，冒渎神圣
laying on of hands
【宗教】按手礼
lay violent hands on
向…施暴(或行凶)
杀害，下毒手
lend a hand
[口语]帮忙，拉一把
let someone's left hand know what his right hand is doing
合作者之间互通情报
lie on someone's hands
(商品)未脱手，没卖出，滞留在某人手中
(钱、物)尚未使用
(时间)令某人感到无聊，(时日)过得缓慢[亦作 lie on hand]
lift a hand
只费举手之劳，不费吹灰之力
lift one's hand against (或to)
动手打，伤害；攻击，袭击
lift (up) one's hands (或hand)
举手宣誓
light hand
巧手；熟练的手艺
节制；温和
light in hand
(马)容易驾驭的
(人)易处的，容易对付的
live by one's hand
靠体力劳动生活
live from hand to mouth
仅能𪤛口，半饥半饱；只能顾眼前
make (或take) a hand at
参与，参加
make a hand of
从中得利，从…捞一把
有进展；成功
make no hand of
[口语]不能解释(或说明)
marry with the left hand
贵族男子和身份低的女子结婚
near at hand
在手边；在附近
迫近，即将到来
not do a hand's turn
不干一点体力劳动，不做最微弱的努力
not let one's left hand know what one's right hand does
不要宣扬自己的善行
not lift a hand
什么也不做，不愿费举手之劳，连试都不试
not much of a hand at
= a bad hand at
odd hand
做杂工(或短工)的人
offer one's hand
伸出手来(握手)
(向女子)求婚
off hand
没有准备的；未加思索(或考虑)的，即席的
不大客气的，随便的
马上，立刻，即刻；无准备地，即席
off someone's hands
不再由某人负责(或照料)
(任务、工作)完成
(货物)脱手，卖出
oil someone's hand
向某人行贿
on (或at) every hand
在各方面，四面八方，到处
普通地，大家一致地
on either hand
在两边
(one's) hand be up
举手(打招呼或要求发言等)
one's hand is in
做熟，熟练起来
one's hand is out
手生了，技巧生疏了
one's hands are full
碰到许多困难
忙得不可开交
on hand
附近
[美国英语]即将到来(或发生)
[美国英语]在手边，在附近
[美国英语]现有的，存有的
[美国英语]到场，出席，在场
on one's (或someone's) hand
由某人负责(或照料)，归某人支配
on the advancing(或growing, thriving) hand
在进步中，在增长中
蒸蒸日上，日趋繁荣
on the bow hand
离题太远；离目标太远
on the mending hand
(病情或事态等)在好转中
on the other hand
另一方面，但是
open hand
豪爽，慷慨
out of hand
不受约束，无法控制，失去控制
完结，结束，告终；脱手
立即，马上；临时，无准备地
out of someone's hands
不再由某人负责(或掌管)
非某人所控制
overplay one's hand
【牌戏】因过高估计手中牌力而输牌
过于冒险，做事太过头，过高估计自己的力量
pass into someone's hands(或the hands of someone)
转到某人手里
pass through many hands
经过许多人之手
play a lone hand
[美国英语] 单枪匹马地干，独立经营 [亦作 play one's hand alone]
play for one's own hand
全替自己打算，为自己的利益做事
play into (someone's) hands
(因疏忽而)做对某人(尤指对手)有利的事，给某人以可乘之机，(因失算而)使某人占便宜
play one's hand for all it is worth
尽最大的努力；充分利用现有的机会
play one's hand for all there's in it
利用一切手段达到目的
play one's hand openly
公开自己的计划(或意图)
poor hand
不熟练的人
pump someone's hand
[口语]同某人热烈握手，使劲握某人的手
put (或stretch) forth one's (或the) hands against
对…行凶(或动武)
put in hand
开始，着手
put into someone's hand
把…交到某人手里
把…托付给某人
put oneself in (或into) someone's hand
把自己交给某人，听凭某人处理
put one's hand in (或into) a hornet's (或hornets') nest
捅马蜂窝，成为众矢之的，触犯公怒
put one's hand in one's pocket
付款，支付，认捐，慷慨解囊
put one's hands on
触，摸
(轻易)找到
put one's hand on one's heart
做出庄严声明(或保证)
put (或set) one's hand to
着手做(某事)
put (或set) one's hand to the plough
着手工作，动手做；开始过某种生活
put one's hand up
(表示同意、赞同或要求发言等时的)举手
(表示投降等)举起手来
put the last hand to
做最后几笔(或润色)；完成
raise one's hands against
准备对…动武，动手打(某人)；威胁(某人)
read someone's hand
给某人看手相
ready to (one's) hand
在手头，在手边，伸手可取
red hands
血腥的手，沾满鲜血的双手
right hand
右手，有力的手
友谊之手；欢迎之手
上席，上座，荣誉席位；优先地位
得力助手，亲信
right hand of fellowship
同意某人入伙的表示
【宗教】表示教友关系
rub one's hands
(因高兴、不知所措等)搓自己的双手
rule with a heavy (或high) hand
以严厉手段对待；用高压手段统治，实行专制统治
see the hand of God in
(认为)是神力所致
seize with both hands
(用双手)急切抓住(或利用)
send something by hand
托人(或派人)把东西送去(或带去)
set (a) hand to something
着手去做(某事)
set one's hand to something
着手，从事
在…上签名；批准，认可，承认
shake hands
相互握手[亦作 shake someone's hands]
离开某事物，和某事物告别
握手表示同意；握手成交
shake hands with oneself
庆贺自己
shorten the hand of someone
限制某人的权力
short of hands
缺少人手
show of hands
举手(表决)
show one's hand
摊牌；公开自己的真正意图(或目的)
sit on one's hands
[美国英语]
(观众)不鼓掌；表示不赞成
旁观，按兵不动
slip out of (或from) someone's hands (或hand)
逃脱某人的掌握；从某人手中滑脱
slip something into someone's hand
悄悄把某物塞给某人
soil one's hands
做了不名誉的事
stand one's hand
[口语]请大家喝酒，为大家付酒钱
stay one's hand
住手，放弃不干
stay someone's hand
使某人住手，阻止某人去做
steady hand
不颤抖的手
果断的手腕；坚定的领导
stick your hands up
[口语]把手举过头，把手举起来[匪徒用语][亦作 stick 'em up]
stir a hand
帮忙， 尽举手之劳
strengthen someone's hands(或hand)
增强某人的资本(或实力)，加强某人的地位
支持某人的论点；鼓励某人积极行动
stretch out a helping hand
(向某人)伸出援助之手，助一臂之力；欣然帮助(某人)
strike hands
击掌定约；成交，达成协议
take a hand at (或in)
玩(纸牌游戏)
参与；介入
take gifts (或money) with both hands
接受利害相反双方的贿赂，两面要钱
take in hand
(对某事)担负起责任，承担(某事)
接手办理，处理，负责照顾(或管理、指导)
尝试
take her by the hand
[美国英语] 由总统亲自干预以制止种族歧视
take matters into one's own hands
自行其是
take…off someone's hands
[口语]使某人摆脱对…的责任(或负担)
take oneself in hand
控制自己
take out of someone's hands
卸掉某人对…的责任
take the high hand
采取专横手段
take the left hand of someone
在某人的左侧
the hidden hand
幕后操纵者，背后的势力
the upper(或whip) hand
优势，上风，有利地位
throw in one's hand
退出竞争
放弃尝试，认输
throw on (或upon) someone's hands
让某人负起…的责任，把…推给某人去管
throw up one's hands
举起手来；绝望
撒手不管
举手投降，认输
tie (up) one's(或someone's) hands
缚住某人的双手，使某人受束缚，让某人束手无策
tip one's hand
(无意中)暴露自己的意图(或计划)
to hand
(近)在手边；唾手可得
劳动所得
收到
受控制，被征服
to one's hand
到手，得到
try one's hand (at)
尝试一下，试试身手，在…试试才能
turn a hand
转手；交给助手处理
[常用于否定句]帮一点忙，助一臂之力
turn a(或one's) hand to
着手，从事
under hand
私下，暗中[亦作underhand]
有人照顾
受到控制
under one's hand
在手边，马上就能用
经本人亲笔签名(并盖章)，由某人署名
wash one's hands
[委婉语]上厕所
搓手，干洗手
洗手不干，彻底断绝(与…的)关系
wash one's hands of
不再管，不再过问；拒绝对…(继续)承担责任，不再负责
完全退出，洗手不干
wash one's hands with (或in)invisible soap (and imperceptible water)
(因紧张、不安、拘束等)搓手
whip hand
持鞭子的人
支配地位，优势
win hands down
【赛马】毫不费力地获胜
轻易得胜
win someone's hand
得到某女子同意结婚
with a bold hand
大胆地，蛮横地，傲慢地
with a firm hand
坚决地，毫不动摇地
with a heavy hand
压制地，专制地；粗暴地，暴虐地
冷酷地，无情地
不中用；笨拙地
苛刻地；严厉地
with a high hand
用高压手段；专断地；傲慢地
with an iron hand
以铁腕，严厉地
with an open hand
手头大方地，慷慨地
with a sparing hand
吝惜地；节俭地
with a(或the) strong hand
用强硬手段；断然地
with both hands
全力以赴地，尽其所能地
with clean hands
清白无辜地
廉洁地
with one hand(或hands) tied behind one's back
[口语]把苦处咽在肚里
with one's bare hands
赤手空拳地，徒手
with open hand (或hands)
= with an open hand
wring one's hands
(因失望、痛苦、悲哀等)用力绞扭自己的双手，绞手，扭手
wring someone's hand
(热情地)紧握某人的手
write a good(或fair)hand
写得一手好字
younger hand
见young"
wet,"n. 湿气, 潮湿, 水分, 雨天
a. 湿的, 潮的, 搞错的, 下雨的, 反对禁酒的
vi. 变湿
vt. 使...湿"
"You see, ...","你瞧, 要知道, 你是知道的"
open,"n. 公开, 户外, 空旷
a. 开着的, 开放的, 开阔的, 营业着的, 公开的, 悬而未决的
vt. 打开, 公开, 开放
vi. 展开, 开始, 展现
[计] 打开指令; 打开语句"
restaurant,[网络] 餐馆
"Oh, yeah!",[网络] 哦耶；是的；噢耶
must,"n. 必须, 未发酵葡萄汁, 绝对必要的事物
aux. 必须"
jug,"n. 水壶, 监牢, 模仿夜莺的叫声
vt. 放入壶中, 炖, 关押
vi. 模仿夜莺叫"
dry,"a. 干的, 无酒的, 枯燥无味的, 干燥的
vt. 把...弄干
vi. 变干
n. 干, 干涸"
food,"n. 食物, 养料
[医] 食物, 食品"
sugar,"n. 糖, 糖块, 甜言蜜语
vt. 加糖于, 使甜蜜, 粉饰, 美化
vi. 制成糖"
milk,"n. 奶, 乳状物
vt. 挤乳, 榨取
vi. 产乳"
scanner,"n. 扫描仪, 扫描盘, 审视者
[计] 扫描器; 词法分析程序; 扫描程序; 扫视程序"
computer,"n. 电脑, 电子计算机
[计] 计算机"
packet,"n. 小包, 一批信件, 大量, 信息包
vt. 打包, 装进小包
[计] 分组, 分组报文, 数据分组"
coffee,"n. 咖啡, 咖啡色
[医] 咖啡, 咖啡豆"
tea,"n. 茶叶；茶树；茶点
vt. 给…沏茶
vi. 喝茶；进茶点
n. (Tea)人名；(柬)迪"
bottle,"n. 瓶子, 酒瓶
vt. 装瓶, 抑制, 围困"
orange juice,橘子汁
fridge,"n. 冰箱
[网络] 电冰箱；雪柜；冷冻机"
sea,"n. 海；海洋；大量；海面情况
abbr. (=Southeast Asia)东南亚
[网络] 大海；战略环境评价(Strategic Environmental Assessment)；统计能量分析(Statistical Energy Analysis)"
eat,"v. 吃；吃饭；用餐
[网络] 食；喝；进食"
finish,"n. 完成, 结束, 末道漆, 磨光, 完美
vt. 完成, 结束, 用完, 毁掉
vi. 结束
[计] 完成"
Why?,无
Why not?,无
tired,"a. 疲累的, 疲乏的, 厌倦的"
problem,[网络] 问题
lots of,"许多的..., 大量的..."
fish,"n. 鱼, 鱼肉, 鱼类, 接合板
vt. 钓, 钓鱼, 查出, 用接合板连接
vi. 捕鱼, 钓鱼, 用钩捞取, 摸索寻找"
salad,n. 色拉
dish,"n. 盘子, 碟, 菜肴
[医] 皿, 碟"
drink,"n. 饮料, 酒
v. 喝, 喝酒"
mustn't,must not 之缩写
peach,"n. 桃子, 桃树, 桃色, 美人儿, 极好的事物
vt. 告发
vi. 告密, 检举"
Help yourself!,请自己动手用餐吧
meat,"n. 肉, 餐, 食物
[经] 肉类"
grape,"n. 葡萄, 葡萄树
[医] 葡萄"
buy,"vt. 买, 获得
vi. 买
n. 购买, 买得的东西"
bread,"n. 面包, 生计, 食物
vt. 裹以面包屑"
cake,"n. 蛋糕, 块, 饼
vt. 使结块, 加块状物于
vi. 结块"
tin,"保持,握,容纳"
cheese,"n. 乳酪
[化] 干酪"
butter,"n. 奶油, 黄油
vt. 涂黄油于"
surprise,[网络] 讶异
lesson,"n. 课, 课业, 教训"
half past ...,[网络] 点半；半点；踏半
talk,"n. 谈话, 交谈, 会谈, 讲话, 演讲, 空谈, 谣言, 方言, 语言
vi. 讲话, 演讲, 说话, 谈话, 交流, 闲聊, 说闲话
vt. 讲, 说, 讨论, 谈论
[计] 对话类, 聊天"
a quarter to ...,无
a quarter past ...,无
find,"vt. 发现, 感到, 找到, 认为, 得到
vi. 裁决
n. 发现
[计] 查找; DOS外部命令:在指定的文件或从键盘输入的文本行中
寻找指定的字符串, 将符合条件的行或行数输出到标准输出设备上"
bye,"int. 再见；再会
n. 轮空（参赛者无对手而自动进入下一轮比赛）
[网络] 拜拜(bye-bye)；比赛轮空；再见啦"
When?,无
look for,"寻找, 期待"
next,"n. 下一个
a. 下一个的, 其次的, 贴近的
adv. 然后, 下次, 次于
[计] 近邻干扰"
homework,家庭作业
wash,"n. 洗, 洗涤, 冲洗, 洗的衣服, 冲积物, 洼地
vt. 洗, 洗涤, 洗清, 用水冲洗, 流过, 弄湿, 粉刷, 镀金属薄层于
vi. 洗涤, 洗澡, 被冲蚀, 漂浮"
then,"adv. 然后, 当时
conj. 然后, 当时
n. 那时"
breakfast blues,无
do,"v. 做；进行；完成；做出
auxv. 用于实义动词前构成否定句和疑问句；构成附加疑问句
n. 社交聚会；社交活动
[网络] 溶解氧(dissolved oxygen)；执行；行动"
want,[网络] 没有区别欲望
not really,[网络] 也不是；不完全是；不怎么好
something,"pron. 某事；某物
n. 重要的人；值得重视的事
adv. 非常；有点；大约
adj. 大约；有点象"
train,"n. 火车, 列车, 行列, 长队, 一连串的后果, 顺序
vt. 训练, 教育, 对准
vi. 受训练, 锻炼"
stomach,"n. 胃, 食欲, 欲望, 肚子
vt. 吃下, 忍受"
have got, 拥有
How much?,无
pot,[计] Microsoft Powerpoint模块
start,[网络] 开始；星星踢；明星踢
morning,n. 早晨；黎明；初期
yoghurt,"n. 酸乳, 酸奶"
canteen,"n. 水壶, 军中俱乐部, 临时流动餐馆, 小卖部"
terrible,"a. 可怕的, 令人恐惧的, 极坏的"
much,"n. 大量, 许多, 重要的事
a. 很多的, 重要的
adv. 多, 甚, 几乎"
fruit,"n. 水果, 果类, 结果
[医] 果实, 种实"
chocolate,"n. 巧克力
a. 巧克力制的"
beer,[网络] 铍-铒；阳痿早泄成为的人
paper,"n. 纸, 文件, 文章, 报纸, 证券, 证件
vt. 用纸糊, 贴壁纸于, 用纸包装
vi. 贴壁纸
a. 纸做的, 纸上的"
string,"n. 线, 细绳, 一串, 字符串
vt. 串起, 成串, 收紧, 缚, 扎
vi. 成一串
[计] 字符串, 串"
money,[网络] 抠抠
spare,"n. 剩余, 备用品, 备件, 备用零件, 备用轮胎
a. 多余的, 备用的, 空闲的, 节约的, 瘦的
vi. 节约, 省掉, 宽恕
vt. 节约, 省用, 剩下, 饶恕, 赦免"
Good morning!,早上好
a lot of,许多的
shy,na. 讨厌…的
many,"n. 多数, 多数人
a. 许多的
pron. 许多"
introduce ... to ...,[网络] 介绍；介绍给；向……介绍
to,"prep. 到；向；至；对于
infinmarker. 应该；必须；表示目的或意图；表示结果
adv. 关着；关闭；关上
[网络] 收件人；给；往"
studies,n. 研究；学习；学业（study的复数）
true,"a. 真实的, 正确的, 忠诚的, 可靠的, 纯粹的, 正式的
n. 真实, 准确
adv. 真实地, 准确地"
always,[网络] 永远；总是
CD,"abbr. (=compact disc)激光唱片
n. 光盘
[网络] 镉；光盘(compact disc)；文件大小"
DVD,abbr. 数字化视频光盘（Digital Video Disk）
jacket,"n. 夹克, 外套, 护套
vt. 给...穿夹克, 给...装护套"
magazine,"n. 杂志, 仓库, 弹盒, 胶卷盒
[计] 卡片箱, 介质装卸程序"
video,"n. 影像, 电视
a. 图像的, 电视的"
blouse,n. 宽松的上衣
skirt,"n. 裙子, 下摆, 边缘, 郊区
vt. 位于...边缘, 绕过, 回避
vi. 位于边缘"
vegetable,"n. 蔬菜, 植物, 无精打采之人
a. 蔬菜的, 植物的"
relative,"n. 亲戚, 关系词
a. 有关系的, 相对的, 比较的"
kind,"n. 种类；性质
adj. 和蔼的；宽容的；令人感激的
n. (Kind)人名；(德、俄、法、捷)金德；(瑞典)欣德"
Let me think,让我想一想
Japanese,"n. 日本人, 日语
a. 日本的, 日语的"
remember,[网络] 忆起；记得；记起
I know!,我知道
lucky,"a. 幸运的, 吉祥的, 好运的, 侥幸的"
another,n. 待定人选
like, 类似…的；有…特征的
birthday,n. 生日，诞辰；诞生的日子
at any time,任何时候
British,"a. 英国的
n. 英国人, 英国英语"
German,"n. 德国人, 德语
a. 德国的, 德国人的, 德国语的, 同父母的"
plastic,[网络] -塑料
leather,"n. 皮革, 皮制品, 马镫的皮带
vt. 覆以皮革, 鞭苔, 抽打
a. 皮革的, 皮制的"
CD player,激光唱机；CD播放器
Italian,"n. 意大利人, 意大利语
a. 意大利的, 意大利语的"
watch,comb.form [通常作复合词的第二部分]表示“研究”，“监视”，“观察”，“观望”；“观赏”
Korean,"n. 朝鲜人, 朝鲜语
a. 朝鲜人的, 朝鲜语的"
handbag,手提包
clock,"n. 时钟, 计时器, (袜子上的)绣花边花
vt. 绣花样, 记时, 记录
vi. 记录时间
[计] 时钟"
Swiss,"n. 瑞士人, 瑞士腔调
a. 瑞士的, 瑞士风格的"
very much, 非常; 良; 无可不可
love,[网络] 爱到底；林俊杰；香奈儿香水广告曲
salmon,"n. 鲑鱼, 大麻哈鱼
[医] 鲑"
piece,"comb.  表示""...件数的""； adj. 块的；与数词连用形成形容词指某物由特定数量的品目组成"
tonight,"adv. 在今夜, 在今晚
n. 今夜, 今晚"
potato,n. [作物] 土豆，[作物] 马铃薯
lettuce,"n. 莴苣, 生菜, 纸币
[医] 莴苣"
cucumber,"n. 黄瓜
[医] 黄瓜, 胡瓜"
fantastic,[网络] 电扇探密
pick,"n. 精选, 选择, 掘, 精华, 牙签, 鹤嘴锄
v. 摘, 掘, 凿, 挖, 挑选
[计] 拾取"
strawberry,n. 草莓
dessert,n. 餐后甜点
healthy,"a. 健康的, 有益健康的, 卫生的
[医] 健康的"
meal,"n. 一餐, 一顿饭；膳食
vi. 进餐"
worry,"n. 担心, 烦恼, 忧虑, 苦恼, 撕咬
vt. 使烦恼, 使焦虑, 使苦恼, 困扰, 折磨, 撕咬
vi. 烦恼, 担心, 撕咬"
cream,"n. 乳酪, 奶油, 面霜
[医] 乳油, 乳皮; 乳膏, 霜"
first,"adv. 第一；首先；优先；宁愿
n. 第一；开始；冠军
adj. 第一的；基本的；最早的
num. 第一
n. (First)人名；(英)弗斯特；(捷)菲尔斯特"
hate,"n. 憎恨, 恨, 厌恶
vt. 憎恨, 憎恶
vi. 仇恨"
sweet,"n. 甜蜜, 糖果, 情人
a. 甜的, 芳香的, 悦耳的, 漂亮的, 和蔼的, 不咸的, 灵活的, 轻快的"
wine,"n. 葡萄酒, 果酒, 暗红色
v. (请)喝酒"
weekend,n. 周末
shopping,[网络] 购物娱乐游；休闲购物
supermarket,超级市场
make,"vt. 制造, 安排, 创造, 构成, 使得, 产生, 造成, 整理, 布置, 引起, 到达, 进行
vi. 开始, 前进, 增大, 被制造, 被处理
n. 制造, 构造, 性情"
shopping list,n. 购物清单
need,"n. 需要, 必须, 缺乏
vt. 需要, 必需
vi. 贫困, 有必要
aux. 需要"
loaf,"n. 一条面包, 块, 游荡
v. 游手好闲, 虚度光阴"
Sunday lunch,[网络] 星期天的午餐；周日午餐；星期日午餐
Sunday,太阳日(太阳能动力鼓吹者选定的每年5月的一天，宣传大力研究和利用太阳能)
boring,"adj. 无聊的；令人厌烦的
n. 钻孔
v. 钻孔；使厌烦；挖空（bore的ing形式）
n. (Boring)人名；(英、瑞典)博林"
ice cream,"冰淇淋
[化] 冰淇淋"
nasty,表示u201c感性u201d：hyponasty
anything,pron. 任何事
else,"a. 别的, 其他的
adv. 另外, 否则, 不然"
bar,[网络] 自动步枪；英美车队；文学士
soap,"n. 肥皂, 阿谀
vt. 以肥皂洗, 阿谀
[计] 评语"
large,"a. 大的, 大量的, 宽大的, 广博的
adv. 大大地, 夸大地"
match,"n. 比赛, 火柴, 对手
vt. 使相配, 使比赛, 与...竞争
vi. 结婚, 相配
[计] 比较"
girlfriend,n. 女朋友
self-service,无
menu,"n. 菜单, (功能)选择单
[计] 菜单"
assistant,"n. 助手, 助理, 助教
a. 有帮助的, 辅助的, 助理的"
soup,"n. 汤, 马力
vt. 加速, 增加马力"
tomato,"n. 番茄, 西红柿"
sauce,[网络] -酱
my dear,"na. 老兄
[网络] 亲爱的；我亲爱的；我的亲爱的"
lady,[网络] 稀土氧化物
glove,[网络] 棒球之爱
already,adv. 已经，早已；先前
jeans,"n. 工装裤, 牛仔裤"
newspaper,报纸
toothache,[医] 牙痛
look,"n. 看；外观；查找；瞧
v. 看；寻找；瞧；注意
linkv. 显得；似乎；看来好像
int. 听我说
[网络] 看起来；看上去；注视"
awful,"a. 可怕的, 庄严的, 虔敬的"
dentist,"n. 牙科医生
[医] 牙医师"
patient,"n. 病人, 承受者
a. 忍耐的, 容忍的, 有耐性的, 坚忍的"
make an appointment,与…约定
emergency,"n. 紧急状况, 紧急事件, 紧急需要
[化] 紧急情况"
today,"adv. 在今天, 在今日, 现在, 当代, 现今
n. 今天, 今日"
this afternoon,今天下午
miserable,a. 悲惨的；痛苦的；卑鄙的
feel,[地名] 菲湖 ( 爱 )
hope for the best,"抱乐观的希望, 作最好的打算"
earache,耳痛
day,"n. 一天；时期；白昼
adv. 每天；经常在白天地
adj. 日间的；逐日的
n. (Day)人名；(英、法、西)戴；(越)岱；(阿拉伯、土)达伊"
Monday,n. 星期一
Tuesday,n. 星期二
Wednesday,n. 星期三
Thursday,n. 星期四
Friday,n. 星期五
Saturday,n. 星期六
headache,[网络] 头痛
sick,"n. 病人
a. 不舒服, 有病的, 恶心的, 厌恶的, 渴望的, 病态的
vt. 呕吐, 追击, 使(狗)去攻击"
stomach-ache,无
flue,"n. 烟洞, 烟道, 暖气管, 渔网, 蓬松物
[机] 烟道, 烟管"
cold,"n. 感冒, 寒冷
a. 寒冷的, 冷淡的, 冷静的
adv. 完全地"
every,"a. 每一, 所有的"
different,adj. 不同的；个别的，与众不同的
weather,"n. 天气, 气象, 处境
a. 迎风的
vt. 使受风吹雨打, 侵蚀, 使风化, 经受住
vi. 风化, 受侵蚀, 经受风雨"
mean,"a. 低劣的, 卑贱的, 简陋的, 吝啬的, 惭愧的, 平均的, 中间的, 普通的
vt. 意谓, 想要, 意欲, 预定
vi. 用意, 有意义
n. 平均数, 中间, 中庸"
quite,"adv. 相当, 完全, 十分"
ever,"adv. 永远；曾经；究竟
n. (Ever)人名；(英)埃弗；(俄)叶韦尔；(西、法)埃韦尔"
warm,"a. 暖和的, 暖的, 温暖的, 热烈的, 兴奋的, 激烈的, 多情的, 色情的
vt. 使温暖, 弄热, 使兴奋, 使充满仇恨
vi. 变暖和, 变温暖, 取暖, 激动, 同情, 爱好
n. 暖, 保暖物"
England,[网络] 英国
summer,[网络] 夏季
sunny,"a. 阳光充足的, 乐观的, 快乐的, 像太阳的"
Atlantic,"n. 大西洋
a. 大西洋的"
climate,"n. 气候, 社会趋势, 气候区
[医] 气候"
often,adv. 常常，时常
rain,"n. 雨, 下雨, 雨天
vi. 下雨
vt. 使大量落下"
sometimes,[网络] 几次；好几次；数次
especially,"adv. 尤其, 特别, 格外"
July,n. 七月
cool,"n. 凉爽, 凉爽的空气
a. 凉爽的, 冷淡的, 冷静的
vi. 冷却, 平息
vt. 使冷却, 使平静"
difficulty,"n. 困难, 难点"
change,"n. 变化, 找回的零钱, 找头, 更换
vt. 改变, 更换, 兑换"
month,"n. 月
[经] 月"
temperature,"n. 温度, 发烧, 热度
[化] 温度"
China,"n. 中国, 瓷器
a. 中国的"
spring,"n. 春天, 弹簧, 跳跃, 弹性, 活力, 泉, 源泉
a. 春天的
vi. 跳, 弹跳, 涌出, 生长, 裂开, 高耸
vt. 使跳起, 使爆炸, 突然提出"
sun,"n. 太阳, 日, 日光, 阳光
vt. 晒
vi. 晒太阳"
shine,"n. 光泽, 阳光
vt. 使发光
vi. 照耀, 发光, 发亮"
cloudy,"a. 多云的, 有愁容的, 云的, 浑浊的
[建] (混)浊的"
season,"n. 季节, 时节, 当令期, 时期
vt. 给...调味, 使成熟, 使老练, 缓和
vi. 变干燥"
usually,"adv. 通常, 大抵"
never,adv. 从未；决不
autumn,"n. 秋天；成熟期；渐衰期，凋落期
adj. 秋天的，秋季的
n. (Autumn)人名；(英)奥特姆"
winter,"n. 冬季；年岁；萧条期
vi. 过冬
adj. 冬天的；越冬的
n. (Winter)人名；(英、德、匈、罗、捷、西、芬、瑞典、法)温特"
snow,"n. 雪, 积雪, 下雪, 雪花形干扰
vi. 下雪, 似雪般落下
vt. 使雪白, 用雪覆盖, 使像雪般落下"
France,n. 法国
Russia,"n. 俄国, 俄罗斯
[法] 俄罗斯, 苏联"
Africa,n. 非洲
windy,"a. 多风的, 风强的, 腹胀的, 吹牛的"
same,"a. 相同的, 同样的
pron. 相同的人(或事物)
adv. 同样地"
Many happy returns!,"福寿无疆,长命百岁"
August,"n. 八月
a. 威严的, 令人敬畏的"
year,"n. 年, 年度, 年龄
[经] 年度"
present,"n. 现在, 礼品, 瞄准
a. 现在的, 出席的
vt. 介绍, 引见, 赠送, 提出, 呈现, 上演
vi. 举枪瞄准"
bike,"bike1
[baik]
[口语]
n.
自行车，脚踏车，单车
两轮机动车(泛指摩托车、轻便车等)，摩托车，机器脚踏车
机动脚踏两用车
(挽车赛马中的)单座两轮(轻便)马车(= sulky)
[美国俚语]摩托警
[澳大利亚俚语]淫妇，妓女
vt., vi.
骑自行车
骑摩托车(或轻骑等)：
I bike to work.
我骑摩托车去上班。
短语:
get off one's bike
[澳大利亚、新西兰口语]发火，生气，恼火；感情失去控制，激动；慌乱，手忙脚乱[常用于否定句]
get on one's bike
[英国俚语]
离开
着手干
On your bike!
[英国俚语]给我滚!滚开!
变形：
vt., vi.
biked
. biking
bike2
[baik]
[苏格兰和英格兰北部英语]
n.
黄蜂巢；野蜂巢
一窝黄蜂；一窝野蜂
人群；群[亦作 byke]
vi.
蜂拥，群集，汇拢[亦作 byke]"
gear,"n. 齿轮, 工具
vt. 以齿轮连起, 开动, 使适应, 安排
vi. 连接上, 适合"
traffic,"n. 交通, 通行, 运输, 交通量, 贸易, 交易, 交往, 通信量
vi. 交易, 做买卖
vt. 用...作交换
[计] 通信量, 传输量"
dangerous,"adj. 危险的
危险地"
about,"prep. 关于；大约
adj. 在附近的；四处走动的；在起作用的
adv. 大约；周围；到处
n. 大致；粗枝大叶；不拘小节的人
n. (About)人名；(法)阿布"
safe,"adj. 安全的；可靠的；平安的
n. 保险箱；冷藏室；纱橱
n. (Safe)人名；(几)萨菲"
date,"n. 日期, 约会, 枣椰树
vt. 约会, 定日期
vi. 注明日期, 过时"
question,[网络] 快是-军；关键部分提出问题
ask,"vi. 问, 要求
vt. 问, 要求, 邀请, 需要"
special,"n. 专辑, 专车, 号外, 特别的东西, 负有特别任务的人员
a. 特别的, 专门的, 特殊的, 额外的, 附加的, 特别亲密的"
January,n. 一月
February,n. 二月
March,abbr. Master of Architecture 建筑学硕士
last,"a. 最后的, 末尾的, 最近的
vi. 持续, 支持, 维持
vt. 使维持, 够...用
adv. 最后, 后来
n. 最后, 末尾, 鞋楦头"
December,n. 十二月
after,"prep. 在...之后, 由于
conj. 在...之后
adv. 后来"
before,"prep. 在…之前，先于
adv. 以前；在前
conj. 在…以前；在…之前"
April,n. 四月
May,"n. 五月
aux. 愿能, 可以, 愿意"
June,n. 六月
September,n. 九月
October,n. 十月
November,n. 十一月
parent,"n. 父母, 父母亲, 根源
[法] 父亲, 母亲, 根源"
international,[网络] 国际；交往；国际化
event,"n. 事件, 结果, 事情的进程, 竞赛项目
[计] 事件"
race,"n. 种族, 人种, 赛跑, 比赛, 急流, 人类, 同道, 姜根
vi. 赛跑, 竞赛, 疾走
vt. 与...赛跑, 使疾走, 使猛转
[计] 竞争; 追赶; 欧州高级通信研究开发计划"
mile,"n. 英里, 很大距离
[机] 英里, 哩"
runner,"n. 跑步者, 赛跑者, 送信人, 走私船, 操作者, 滑槽
[化] 碾碎机; 压碎机"
world,"n. 世界, 地球, 宇宙, 万物, 世人, 人间, 领域, 世事, 世故, 社会生活, 大量
[法] 世界, 地球, 世人"
Australia,"n. 澳洲, 澳大利亚"
compete,"vi. 竞争, 对抗"
European,"n. 欧洲人
a. 欧洲的, 欧洲人的"
impressive,"a. 给人深刻印象的, 威严的"
rank,"n. 等级, 排, 横列, 队伍, 阶级
a. 茂密丛生的, 恶臭的, 十足的, 粗俗的
vt. 排列, 归类于, 把...分等
vi. 列为, 列队
n. 秩
[计] 秩"
marathon,"n. 马拉松, 耐力的考验"
practice,"n. 实践, 练习, 实行, 惯例, 习惯, 开业
v. 实践, 实行, 练习, 实习, 业务"
Moroccan,"a. 摩洛哥的
n. 摩洛哥人"
Brazilian,"n. 巴西人
a. 巴西的, 巴西人的"
Canadian,a. 加拿大的
German,"n. 德国人, 德语
a. 德国的, 德国人的, 德国语的, 同父母的"
Chinese,"n. 中文, 中国话, 中国人
a. 中国的, 中国话的"
name,"n. 名称；名字；名声；名誉
v. 命名；任命；给…取名；说出…的名称
adj. 〈美口〉著名的；(作品等)据以取名的
[网络] 姓名；品名；产品名称"
New York,纽约
country,"n. 国家, 乡村, 地区, 故乡
a. 乡下的, 农村的
[计] DOS外部命令:用于设定国家代码, 包括日期时间及货币格式"
Australian,"n. 澳大利亚人
a. 澳大利亚的, 澳洲的, 澳洲人的"
live,"a. 活的, 生动的, 精力充沛的, 实况转播的
vi. 活, 生存, 居住
vt. 过着, 度过, 经历
adv. 实况地"
Sydney,n. 悉尼（澳大利亚港市）
language,[网络] 语言
Brazil,n. 巴西
Sao Paulo,[网络] 圣保罗；巴西；巴西圣保罗
Portuguese,"n. 葡萄牙人, 葡萄牙语
a. 葡萄牙的, 葡萄牙人的, 葡萄牙语的"
Germany,n. 德国
Berlin,[网络] 柏林
Canada,n. 加拿大
America,"n. 美洲, 美国"
