inherent,"a. 固有的, 与生俱来的
[医] 固有的, 生来的"
innate,"a. 先天的, 天生的
[医] 先天的, 生来的"
preface,"n. 序, 绪言, 前言
vi. 作序, 写前言
vt. 给...作序, 以...开始"
introduction,"n. 介绍, 传入, 采用, 初步"
prime,"n. 最佳部分, 初期, 全盛期
a. 主要的, 最初的, 根本的
v. 加油启动, 灌注, 填装"
principal,"n. 校长, 首长, 本金, 主犯, 资本, 委托人
a. 主要的, 最重要的, 首要的"
principle,"n. 原则, 原理, 主义
[化] 原理"
latter,"a. 后者的, 较后的, 近来的"
former,[网络] -前任的
previous,"a. 早先的, 前面的, 过急的
[法] 以前的, 生前的, 前述的"
preceding,"a. 在前的, 前面的
[法] 在前的, 在先的, 前面的"
prior,"a. 更重要的, 较早的, 在先的
n. 小隐修院院长, 大隐修院副院长"
announce,"vt. 宣布, 声称, 显示, 预告
vi. 当报幕员, 宣布参加竞选"
assert,"vt. 主张, 坚称, 断言
[法] 宣称, 断言, 维护"
claim,叫喊
declare,"v. 宣布, 声明, 申报, 断言"
proclaim,"vt. 宣布, 公告, 宣言, 表明, 赞扬
[法] 宣布, 宣告, 公布"
statement,[网络] 说明
quake,"vi. 颤抖, 地震
n. 颤抖, 地震"
quiver,"n. 震动, 颤抖, 箭袋
vi. 颤抖, 振动
vt. 使颤动
a. 敏捷的"
shiver,"vi. 颤抖, 哆嗦, 被打碎
vt. 使迎风飘动, 粉碎
n. 战栗, 碎块"
tremble,"n. 战栗, 颤抖
vi. 战栗, 忧虑, 摇晃"
toss,"n. 投掷, 抛, 摇摆, 震荡, 掷钱币决定
vt. 投掷, 猛抬, 摇荡, 使不安, 掷钱币决定
vi. 被到处扔, 摇摆, 颠簸, 辗转, 掷钱币决定某事"
swing,"n. 摇摆, 振幅, 音律, 节奏, 涨落, 秋千, 旋转, 行动自由
vi. 摇摆, 悬挂, 旋转, 大摇大摆地走, 转向
vt. 挥舞, 使旋转, 使转向, 悬挂, 吊运
a. 旋转的, 悬挂的, 强节奏爵士音乐的"
sway,[网络] 在…的路上；终极手段；挤出一条路
vibrate,"vi. 振动, 颤动, 激动, 摇摆, 踌躇
vt. 使颤动, 使振动, 使摆动"
pace,"n. 速度, 步调, 步法
vi. 踱步, 缓慢走
vt. 用步测, 踱步于"
stride,"n. 大步, 步幅, 步态, 进步
v. 迈大步走, 跨过, 跨"
frequency,"n. 频率, 频数
[计] 频率"
rate,"n. 比率, 率, 速度, 价格, 费用, 等级
vt. 估价, 认为, 鉴定等级, 责骂
vi. 被评价, 责骂"
ratio,"n. 比, 比率
[医] 比, 比率, 比例"
proportion,"n. 比例, 比率, 均衡, 部分, 面积
vt. 使成比例, 使均衡"
recall,[网络] 召回；汽车召回制度；招回
remind,"vt. 提醒, 使想起"
reputation,"n. 名誉, 名声, 声望
[法] 名声, 名誉, 公认证据"
fame,"n. 名望, 名声, 传说"
tear,[地名] 特阿河 ( 西 )
tear,[地名] 特阿河 ( 西 )
rip,[网络] 卫非特
scrape,"n. 刮, 擦, 挖, 擦痕, 刮擦声, 困境
vi. 刮掉, 擦掉, 刮出刺耳声
vt. 刮, 擦, 擦伤, 挖成, 积蓄"
scratch,"n. 抓痕, 搔, 抓, 擦伤, 刮擦声, 乱写, 零分, 起跑线
vt. 搔, 抓, 挖出, 擦, 刮, 乱涂, 勾抹掉
vi. 搔, 抓, 发刮擦声, 勉强糊口
a. 碰巧的, 凑合的, 打草稿用的
[计] 擦除"
division,"n. 分, 分开, 除法, 部门(如部、处、系等), 师
[计] 部分"
sector,"n. 扇形, 部门, 部分, 函数尺, 象限仪, 段, 区段
vt. 把...分成扇形
[计] 扇面; 扇区; 段; 区段"
section,"n. 区段, 部分, 区域, 节, 截面, 处, 科, 区, 扇区
vt. 把...分段, 把...切片
vi. 被切成片
[计] 扇区"
segment,"n. 片段, 部分, 分节, 段
v. 分割, 分裂
[计] 段"
fragment,"n. 碎片, 破片, 片段
[计] 段落; 片段; 分段"
plural,"n. 复数
a. 复数的, 两个以上的"
singular,"n. 单数
a. 异常的, 单一的"
crime,"n. 犯罪, 罪行, 罪恶
[法] 犯罪, 罪, 罪恶"
sin,"n. 罪恶；罪孽；过失
vi. 犯罪；犯过失
vt. 犯罪
n. (Sin)人名；(罗)西恩；(匈)欣；(柬、阿拉伯)辛；(缅)信"
slide,"n. 滑, 滑道, 山崩, 雪崩, 幻灯片
vt. 使滑动, 偷偷放入
vi. 滑动, 滑落, 不知不觉陷入, 偷偷地走"
slip,"n. 滑, 滑行, 事故, 溜, 差错, 滑台, 下降, 插条, 后裔, 板条, 瘦长的年轻人
vi. 滑动, 滑倒, 失足, 溜走, 滑落, 犯错, 变坏
vt. 使滑动, 滑过, 摆脱, 闪开, 塞入, 从...取接枝
a. 滑动的, 滑移的, 活络的, 有活结的
[计] 串行线接口协议"
sole,"n. 脚掌, 鞋底, 底部
a. 唯一的, 仅有的, 单独的, 独身的
vt. 上鞋底, 触底"
sole,"n. 脚掌, 鞋底, 底部
a. 唯一的, 仅有的, 单独的, 独身的
vt. 上鞋底, 触底"
unique,"a. 独一无二的, 独特的, 稀罕的"
multiple,"n. 倍数, 并联
a. 多样的, 许多的, 多功能的"
drip,"n. 水滴
v. (使)滴下"
spray,"n. 水沫, 浪花, 水花, 喷雾, 喷雾器, 小树枝
vt. 喷雾, 扫射, 喷射
vi. 喷, 溅开"
splash,"n. 飞溅, 污点, 一点儿, 溅泼声, 色斑
vi. 溅湿, 溅开, 飞溅
vt. 溅, 泼, 使溅起水, 洒, 使成斑驳状"
spill,"n. 溢出, 溅出, 摔下, 溢出量, 木片, 小塞子
vt. 使溢出, 使散落, 洒, 使流出, 倒出, 使摔下
vi. 溢出, 涌流, 摔下"
painful,"a. 痛苦的, 困难的, 令人烦恼的
[医] 疼痛的"
sore,"a. 悲伤的, 痛的, 引起痛苦的
n. 痛处, 溃疡, 疮"
sour,"a. 酸的, 酸臭的, 发酵的, 愠怒的, 讨厌的, 拙劣的, 不健全的
vi. 变酸, 发酵, 厌烦, 变坏
vt. 使变酸, 使失望
n. 酸味, 酸饮料"
acid,酸
derive,"vt. 得自
vi. 起源"
origin,"n. 起源, 起因, 出身, 开端
[计] 原点; 起始地址; 信件来源的相关数据"
source,"n. 来源, 水源, 根源, 原始资料, 源
[计] 来源, 源程序"
insider,"n. 内部的人, 权威人士, 知道内情的人
[经] 熟悉内情者"
killer,"n. (非正式)杀人者, 屠杀者, 猛兽, 致死(疾病), 杀手, 止痛药, 限制器, 瞄准器
[计] 删除程序; 断路器"
rag,[=radium-G]镭-G
secretary,"n. 秘书, 书记, 大臣
[经] 秘书"
log, = -logue
journal,"n. 日记, 杂志, 日报
[化] 轴颈"
periodical,期的，定期的，间歇的，循环的，断断续续的
infant,"n. 婴儿, 儿童, 初学者
a. 婴儿的, 幼稚的"
kid,[网络] 基德
lad,[=liver alcohol dehydrogenase]肝脏乙醇脱氢酶
junior,"n. 年少者, 地位较低者, 大学三年级学生
a. 年少的, 下级的, 后进的"
senior,"n. 年长者, 资深者, 毕业班学生
a. 年长的, 高级的, 资深的"
elderly,"a. 过了中年的, 稍老的"
prejudice,"n. 偏见, 成见, 侵害
vt. 使存偏见, 使有成见, 侵害"
justice,"n. 正义, 公平, 公正, 正确, 司法, 审判"
fair,"n. 展览会, 市集, 美好的事物
a. 公平的, 按规则进行的, 不好不坏的, 晴朗的, 美丽的
adv. 公平地, 正面地, 有教养地, 清楚地
vi. 转晴"
fair,"n. 展览会, 市集, 美好的事物
a. 公平的, 按规则进行的, 不好不坏的, 晴朗的, 美丽的
adv. 公平地, 正面地, 有教养地, 清楚地
vi. 转晴"
acute,"a. 尖锐的, 敏锐的, 激烈的, 严重的, 急性的
[医] 急性的; 尖锐的"
keen,"a. 锋利的, 敏锐的, 强烈的, 敏捷的, 热心的, 渴望的
n. 挽歌, 痛哭
v. 唱挽歌, 痛哭"
sharp,[网络] 夏普；日本夏普；真切得
desktop, [计]台式的
laptop,n. 笔记本电脑
layer,"n. 层, 产卵鸡, 放置者
vt. 分层堆积, 压植
[计] 层"
storey,"n. [建] 楼层；叠架的一层
n. (Storey)人名；(西、瑞典)斯托雷；(英)斯托里"
legal,"a. 法律的, 法定的, 合法的
[经] 法定权利; 法律(上)的, 合法的"
illegal,"a. 违法的, 不合规定的
[经] 非法的, 犯规的"
liar,n. 说谎者
lier,n. 玻璃退火窑；躺卧者
alcohol,"n. 酒精, 酒
[化] 醇; 乙醇; 酒精"
liquor,"n. 酒, 液体, 汁, 溶液
vt. 浸水
vi. 喝酒"
liquid,"n. 液体, 流体, 流音
a. 液体的, 透明的, 明亮的, 流动的, 易变的"
fluid,"n. 液体, 分泌液, 流体
a. 流动的, 可改变的"
solid,"n. 固体
a. 坚硬的, 稳固的, 固体的, 实心的, 纯质的, 立体的, 立方的
[计] 原色"
locate,"vt. 找出, 设于, 位于
vi. 定居"
situate,"vt. 使位于, 使处于"
site,"n. 网站；站点；现场；位置
v. 使坐落在；为…选址
[网络] 场所；地点；场地"
loose,"n. 发射, 放任, 放纵
a. 宽松的, 松的, 宽的, 不牢固的, 散漫的, 自由的, 不精确的
vt. 释放, 放枪, 开船
vi. 变松, 开火
adv. 松散地"
tight,comb.form 表示“不透的”，“不漏的”，“密封的”，“防…的”
magnificent,"a. 华丽的, 高尚的, 宏伟的"
spectacular,"a. 公开展示的, 惊人的, 壮观的
n. 奇观, 惊人之举, 展览物"
maintain,"vt. 维持, 维修, 保持, 坚持, 供养, 主张
[化] 维修"
sustain,"vt. 承受, 支持, 供养, 继续, 忍受, 蒙受, 证实, 准许
[电] 持续"
retain,"vt. 保持, 保有, 留住, 记得, 付定金聘请
[经] 保留, 留存"
majority,"n. 多数, 大半
[计] 多数逻辑"
minority,"n. 少数, 未成年, 少数民族
a. 少数的, 属于少数派的"
maximum,"n. 极点, 最大量, 极大
a. 最高的, 最大的, 最大极限的
[计] 最大值"
minimum,"a. 最小的, 最低的
n. 最小值
[计] 最小值"
medium,"n. 媒体, 方法, 媒介
a. 半生熟的, 中间的
[计] 媒体, 中"
media,"n. 媒体
[计] 媒质"
migrate,"vi. 移动, 移往, 随季节而移居
[计] 迁移程序"
emigrate,"v. (使)移居, (使)移民"
emigrant,"n. 移民, 侨民
a. 移民的, 移居的"
immigrant,"n. 移民
a. 移入的, 移民的"
mill,"n. 磨坊；工厂；磨粉机；面粉厂
v. 磨成粉
[网络] 穆勒；密尔；米尔"
plant,"n. 植物, 作物, 工厂, 树枝, 生长, 设施, 成套设备
vt. 种植, 栽培, 播种, 培养, 安置, 殖民于, 使位于
vi. 种植"
mine,"n. 矿, 矿藏, 地雷
vt. 挖掘, 开采, 在...布雷, 破坏
vi. 开矿, 埋设地雷
pron. 我的"
ore,[网络] 那不勒斯之王
pit,"n. 深洞；深坑；矿井；麻子
v. 使…表面有斑点；在…上打洞；去掉…的果核
[网络] 凹坑；匹兹堡(Pittsburgh)；陷阱"
ditch,"n. 沟渠
vt. 在...开沟
vi. 开沟"
major,"n. 主修课, 成年人, 陆军少校
a. 主要的, 较多的, 大部分的, 成年的, 严重的
vi. 主修
[计] 主要, 主要刻度"
minor,"n. 未成年人, 副修科目
a. 较小的, 二流的, 未成年的
vi. 副修
[计] 次要"
minute,"n. 分，分钟；片刻，一会儿；备忘录，笔记；会议记录
vt. 将…记录下来
adj. 微小的，详细的"
minute,"n. 分，分钟；片刻，一会儿；备忘录，笔记；会议记录
vt. 将…记录下来
adj. 微小的，详细的"
fog,"n. 雾, 迷惑, (割后的)最生草, 苔藓
vi. 被雾笼罩, 变模糊
vt. 使困惑, 以雾笼罩"
mist,"n. 雾, 迷蒙, 朦胧不清
vt. 使模糊, 使蒙上雾
vi. 变模糊, 下雾"
wet,"n. 湿气, 潮湿, 水分, 雨天
a. 湿的, 潮的, 搞错的, 下雨的, 反对禁酒的
vi. 变湿
vt. 使...湿"
moist,"a. 潮湿的, 多雨的, 感伤的, 含泪的
[医] 湿的"
keyboard,[化] 键盘
hardware, [医]硬件，硬设备
monitor,"n. 监督器, 级长, 监听员, 班长, 监视器, 告诫物
v. 监视, 监听, 监督
[计] 监视器, 监视程序; 监视"
celebrate,"v. 庆祝, 祝贺, 举行"
congratulate,"vt. 祝贺, 庆贺"
memorial,"n. 纪念物, 请愿书
a. 记念的, 记忆的"
monument,"n. 纪念碑, 纪念物, 石碑"
anniversary,n. 周年纪念
mood,"n. 心情, 气氛, 生气, 基调
[医] 心境"
temper,"n. (钢等的)硬度, 脾气, 心情, 中和剂, 倾向, 回火
vt. 使回火, 锻炼, 调和, 使缓和
vi. 回火"
furthermore,"adv. 而且,此外"
moreover,[网络] 再说；再加上
nevertheless,"仍然
尽管如此"
whereas,"conj. 然而, 鉴于
[法] 考虑到, 鉴于, 就...而论"
motion,"n. 移动, 手势, 动作, 意向, 请求, 提议
v. 打手势"
movement,[网络] 运动；活动化；移动
beard,"n. 胡须
vt. 抓住胡须, 公开反对"
mustache,"n. 髭, 胡子"
moustache,触须
whisker,"n. 腮须, 胡须, 一丝儿
[化] 晶须"
decade,"n. 十年, 十"
chopsticks,n. 筷子
napkin,"n. 餐巾, 餐巾纸, 尿布"
canteen,"n. 水壶, 军中俱乐部, 临时流动餐馆, 小卖部"
snack bar,"快餐柜, 小吃店"
pub,"n. 酒馆, 客栈"
accidental,"a. 意外的, 偶然的, 非主要的, 附属的
n. 临时记号, 次要方面"
inward,"a. 内心的, 向内的, 本来的
[医] 向内的"
outward,[网络] 中心向外
downward,[网络] 向下；下行型
advertisement,"n. 广告, 启事, 广告宣传
[法] 广告, 公告, 告示"
poster,"n. 海报, 招贴, 驿马"
joint,"n. 连接处, 接合, 关节
a. 共同的, 联合的, 连接的, 合办的
vt. 连接, 接合, 使有接头
vi. 贴合, 长节"
weld,"n. 焊接处, 焊接
vt. 焊接, 使密接, 使结合, 使成整体
vi. 焊牢"
vapor,"n. 汽, 蒸气
vi. 蒸发
vt. 使蒸发"
vapour,蒸气，雾
steamer,"n. 汽船, 蒸汽机
[化] 蒸汽发生器; 蒸汽机"
artwork,"n. 艺术作品；美术品；插图；插画
[网络] 布线图；原图；艺术品"
gallery,"n. 走廊, 最高楼座, 画廊, 收集, 图库
[计] 图库"
studio,"n. 工作室, 画室, 演播室, 电影制片厂"
infer,"vt. 推断；推论
vi. 推断；作出推论"
inference,"n. 推论
[法] 推论, 推理, 推断"
outcome,n. 结果，结局；成果
badge,"n. 徽章, 标记
[计] 标记"
medal,"n. 奖牌, 勋章
vt. 授勋予"
sauce,[网络] -酱
vinegar,"n. 醋, 尖酸刻薄
vt. 加醋于"
pepper,"n. 胡椒粉, 胡椒, 辣椒
[化] 胡椒; 辣椒; 花椒"
statue,"vt. 以雕像装饰
n. 雕像"
status,"n. 状态, 情形, 地位, 要人身份
[计] 状态"
carpenter,n. 木匠
saw,[=surface area/weight]体表面积/体重
mainland, 本土
coastal,"a. 海岸的, 沿海的, 沿岸的
[法] 海岸的, 沿海的"
bowel,"n. 肠, 内脏, 内部
vt. 挖...的内脏"
lung,"n. 肺, 肺脏, 空地
[医] 肺"
throat,"n. 咽喉, 喉咙, 嗓音
vt. 用喉音说, 开沟于"
bachelor,"n. 单身汉, 学士
[法] 学士, 单身汉"
widow,"n. 寡妇, 孀妇
vt. 使成寡妇"
married,"adj. 已婚的，有配偶的；婚姻的，夫妇的；密切结合的
n. 已婚者
v. 结婚，与…结婚（marry的过去式）"
marriage,"n. 结婚；婚姻生活；密切结合，合并
n. (Marriage)人名；(英)马里奇"
honeymoon,"n. 蜜月, 蜜月假期
vi. 渡蜜月"
housing,"n. 遮盖, 住房供给, 居留(处), 房屋, 装饰
[化] 外壳"
residence,"n. 住宅, 居留, 驻扎, 居住期间
[医] 住房"
rumor,"n. 谣言, 传闻
vt. 谣传"
rumour,"n. 谣言, 传闻
vt. 谣传"
scandal,"n. 丑闻, 中伤, 耻辱, 反感, 流言蜚语
[法] 丑事, 丑闻, 干丑事的人"
ceremony,"n. 典礼, 仪式, 礼节
[法] 典礼, 仪式"
ritual,"n. 仪式, 典礼, 宗教仪式
a. 仪式的, 依仪式进行的"
cabin,"n. 小屋, 客舱
vt. 关在小屋"
hut,"n. 小屋, 茅舍, 临时军营
v. (使)住在茅舍"
crust,"n. 外壳, 坚硬外皮, 面包皮
vt. 盖以硬皮
vi. 结硬皮"
shell,"abbr. (=she will [shall])
[网络] 她将"
hell,"他将, 他愿意, 他必须, 他要"
heaven,"n. 天堂, 上帝, 天空"
framework,结构材
structure,"n. 结构；构造；体系；结构体
v. 使形成体系；系统安排；精心组织
[网络] 建筑物；组织结构；市场结构"
architecture,"n. 建筑学, 建筑式样
[计] 体系结构"
architect,"n. 建筑师, 设计者, 缔造者"
fabric,"n. 织物, 布, 结构, 构造, 建筑物
[经] 组织, 建筑物, 工厂"
textile,"n. 纺织品, 纺织业
a. 织的, 纺织的"
cooperation,n. 合作，协作；[劳经] 协力
teamwork,"[经] 协力, 配合"
aluminium,铝
nickel,"n. 镍, 镍币, 五分镍币
vt. 镀镍于"
silicon,"n. 硅
[化] 硅Si"
burial,"n. 埋葬, 葬礼
[法] 埋葬, 葬礼"
funeral,"n. 葬礼, 出殡"
furnace,"n. 火炉, 熔炉, 考验
vt. 在炉中烧"
stove,"n. 火炉, 窑
vt. 用火炉烤
stave的过去式和过去分词"
statistics,"n. 统计学, 统计资料
[计] 统计信息"
data,"pl. 资料, 数据
[计] 数据; DOS内部命令:用于显示或设定系统的日期"
database,"[计] 数据库
[化] 数据库"
item,"n. 项目, 条款, 一则, 项
[计] 项"
clause,"n. 子句, 条款
[计] 子句"
term,"n. 术语, 专有名词, 期限, 学期, 任期, 条件, 价钱, 关系, 地位, 项, 界石
vt. 称, 呼
[计] 检索词; 项"
helicopter,"n. 直升机
vt. 由直升机运送
vi. 乘直升机"
jet,"n. 喷射流, 喷嘴, 煤玉
v. 射出, 迸出, 喷射
a. 黑而发亮的, 墨黑的"
jet lag,"n. 飞行时差反应, 时差感"
idiom,"n. 习语, 成语, 惯用语法, 方言"
phrase,"n. 惯用语, 词组, 成语, 措词, 乐句
vt. 用短语表达, 把(乐曲)分成短句
[计] 短语"
postcode,"[计] 算后码, 记入码"
letter box, 信箱
post,"n. 柱, 杆, 准星, 邮件, 邮政, 标竿, 职位, 岗位, 哨所, 兵营
vt. 张帖, 邮递, 公布, 登入帐, 使熟悉, 布置
vi. 快速行进
adv. 急速地
[计] 记入; 登记, 上电自检"
post,"n. 柱, 杆, 准星, 邮件, 邮政, 标竿, 职位, 岗位, 哨所, 兵营
vt. 张帖, 邮递, 公布, 登入帐, 使熟悉, 布置
vi. 快速行进
adv. 急速地
[计] 记入; 登记, 上电自检"
post,"n. 柱, 杆, 准星, 邮件, 邮政, 标竿, 职位, 岗位, 哨所, 兵营
vt. 张帖, 邮递, 公布, 登入帐, 使熟悉, 布置
vi. 快速行进
adv. 急速地
[计] 记入; 登记, 上电自检"
millionaire,"n. 百万富翁, 大富豪
[经] 大资本家, 巨富, 百万富翁"
bankrupt,"n. 破产者
a. 破产的
vt. 使破产"
refugee,"n. 难民, 流亡者
[法] 避难者, 流亡者, 难民"
mysterious,"a. 神秘的, 难解的, 不可思议的"
mystery,"n. 秘密, 神秘, 奥秘"
marine,"n. 舰队, 水兵, 海景画
a. 海的, 海产的, 海底的, 船舶的, 海运的"
naval,"a. 海军的, 军舰的, 有舰队的
[法] 海军的, 军舰的, 船的"
fleet,"n. 舰队, 港湾, 小河
a. 快速的, 敏捷的, 浅的, 短暂的
adv. 浅
vi. 疾驰, 飞逝, 掠过
vt. 消磨, 变换船(或船员)的位置"
seaman,"海员,水手"
phase,"期,阶段"
era,"ERA
abbr.
earned run average
Economic Regulatory Administration (美国)经济管理局
Electrical Research Association (英国)电气研究协会
electron ring accelerator 【核子学】电子环加速器
Emergency Relief Administration (美国)紧急救济署
Equal Rights Amend-ment
era
['iərə; 'εərə]
n.
纪元
(标志新的重要历史阶段开端的) 重大事件(或重要日子)
(某一重大历史事件后的)年代；阶段
时代；历史时期
【地质学】代[亦见epoch, period, age]
近义词:
period
短语:
carpet-bag era
【美国历史】北方人到南方投机谋利时期(1861～1865年美国南北战争后重建时期，北方投机家只拎一只毯制旅行手提包到南方各州去投机，故称)
era of good feeling
ᰀ(1817～1825年门罗当美国总统的)善意的时代"
oak,"n. 橡树, 橡木
a. 橡木制的"
gum,"n. 树胶, 橡皮, 橡皮糖, 牙床, 老天
vt. 涂以树胶, 用胶粘, 使有粘性
vi. 分泌树胶, 发粘"
accustomed,"a. 惯常的, 习惯了的"
habitual,"a. 习惯的, 惯常的, 平常的
[法] 习惯的, 以习惯为常业的, 惯常的"
ox,n. 牛
bacon,"n. 熏猪肉
[机] 腌肉"
Coca-Cola,无
soda,"n. 苏打, 碳酸水
[化] 纯碱; 苏打; 碳酸钠"
dumpling,"n. 面团布丁, 团子"
hot dog,"n. <口>热狗（一种中间夹有熏红肠并配有芥菜, 作料等的面包）"
sausage,"n. 香肠, 腊肠"
moon-cake,无
noodle,"n. 面条, 笨蛋"
steak,"n. 牛排, 鱼排, 肉排"
soft drink,n. 不含酒精的饮料
holy,"adj. 圣洁的，神圣的；至善的
n. 神圣的东西
（俚）太棒了
n. (Holy)人名；(英、德、匈)霍利"
Christ,"n. 基督, 救世主"
priest,"n. 祭司, 牧师, 神父, 神质人员, 僧侣, 泰斗"
pray,"v. 祈祷, 恳求, 请"
attack,"n. 攻击；抨击；疾病发作
vt. 攻击；抨击；动手干
vi. 攻击；腐蚀
n. (Attack)人名；(瑞典)阿塔克"
commence,"vt. 开始；着手
vi. 使……开始；使……得学位"
outset,外盖型套轮
conclude,"vt. 结束, 作结论, 推断
vi. 结束, 推断"
conclusion,"n. 结论, 结尾, 推论
[法] 缔结, 结论, 推论"
accuse,"vt. 指责, 控告, 归咎于
vi. 指责, 控告"
convict,"n. 囚犯, 罪犯
vt. 宣告有罪, 使知罪"
blame,"n. 过失, 责备
vt. 责备, 归咎于"
condemn,"vt. 判刑, 责备, 谴责
[法] 定罪, 判刑, 宣告有罪"
scold,"n. 好骂街的人, 责骂
v. 责骂"
accordance,"n. 一致, 和谐"
consistent,"a. 一致的, 坚持的, 并立的, 坚固的"
harmony,"n. 协调, 和睦, 调和
[电] 和声学"
consensus,"n. 合意, 一致, 同感
[计] 合意"
contradiction,"n. 反驳, 矛盾
[法] 矛盾, 否认, 反驳"
controversy,"n. 论争, 辩论, 论战, 争论
[法] 论战, 争论, 争吵"
dispute,"n. 争论
v. 争论"
debate,"n. 辩论, 讨论
v. 争论, 辩论"
reconcile,"vt. 使和解, 调停, 使和谐, 使一致, 使听从
[经] 对帐, 使一致"
convert,"n. 皈依者, 改变宗教信仰者
vt. 使改变信仰, 转换, 兑换, 倒置
vi. 皈依
[计] 转换"
transform,[化] 反式; 反式异构体
address,"n. 住址, 演说, 举止, 灵巧, 求爱
vt. 发表(演说或讲话), 对付, 写地址
[计] 地址, 寻址"
deliver,"vt. 递送, 陈述, 释放, 发表, 引渡, 投递, 交付
[经] 交运"
rescue,"n. 援救, 解救, 营救
vt. 援救, 救出, 营救"
convey,"vt. 传达, 运输, 转让
[经] 转让(财产等), 搬运"
communicate,"vt. 显露, 传达, 感染
vi. 通讯"
commute,"vt. 交换, 折偿, 减轻
vi. 代偿, 经常乘车来往"
compete,"vi. 竞争, 对抗"
contest,"n. 竞赛, 争论
vt. 竞争, 争取, 争辩
vi. 竞争"
team,"n. 队, 组
vt. 把马(牛)套在同一辆车上, 把...编成一组
vi. 驾驶卡车, 协作"
cooperate,v. 合作；配合
curb,"n. 抑制, 勒马绳, 边石
vt. 抑制, 束缚, 勒住"
saddle,"n. 鞍, 马鞍, 车座, 鞍状物
vt. 装以马鞍, 使负担
vi. 跨上马鞍"
harness,"n. 马具, 挽具状带子, 甲胄
vt. 给...上挽具, 驾驭, 披上甲胄, 利用...以产生动力"
acknowledge,"vt. 承认, 告知收悉, 答谢, 报偿
[经] 承认, 答谢, 收到的通知"
confess,"v. 承认, 坦白, 忏悔, 供认"
concede,"vt. 承认, 退让
vi. 让步"
deny,"v. 否认, 拒绝"
pretend,"v. 假装, 伪称, 自命, 自称"
disguise,"n. 假面目, 假装
vt. 假装, 隐瞒"
mask,"n. 面具, 假面具, 掩饰, 石膏面模
vt. 戴面具, 掩饰, 使模糊
vi. 化装, 戴面具, 掩饰, 参加化装舞会
[计] 屏蔽; 掩码"
conflict,"n. 战斗, 冲突, 矛盾, 争执
vi. 争执, 战斗, 冲突, 抵触
[计] 冲突"
combat,"n. 争斗, 战斗
vi. 战斗, 争斗
vt. 与...战斗, 与...斗争"
compromise,"n. 妥协, 折中, 折中方案, 和解
vi. 妥协处理
vt. 危害"
clarify,"vi. 澄清, 阐明
vt. 使明晰"
puzzle,[网络] 难题
confuse,"vt. 使混乱, 使狼狈, 使困惑
[法] 混淆"
dizzy,"a. 晕眩的, 眼花缭乱的
vt. 使晕眩"
overcome,"vt. 克服；胜过
vi. 克服；得胜"
conquer,"vt. 克服, 征服, 战胜
vi. 得胜"
agree,"vi. 同意, 赞成, 应允, 适合
vt. 承认, 认定, 同意"
consent,"n. 同意, 许可
vi. 同意, 赞同"
conservative,"a. 保守的, 守旧的, 有保存力的
[化] 防腐剂; 保存剂"
radical,"n. 激进分子, 词根, 基础, 根式, 根
a. 激进的, 根本的, 基本的, 根的"
progressive,"n. 改革论者, 进步论者
a. 前进的, 累进的, 进步的"
consider,"v. 考虑, 思考, 认为"
regard,"n. 注意；尊重；问候；凝视
vt. 注重，考虑；看待；尊敬；把…看作；与…有关
vi. 注意，注重；注视
n. (Regard)人名；(西、意)雷加德；(法)勒加尔"
count,"v. 重要；认为；算作；包括
n. 总数；点数；数出总数；（某物质在某物或面积中）量的计数
[网络] 计算；数量；数数"
view,"n. 视野, 风景, 见解, 视力, 观看, 视图, 指望, 意图, 印象
vt. 看, 考虑, 视察, 查看, 估量
[计] 视图"
standpoint,[科技] 观点
considerate,adj. 体谅的，体贴的，关切的；考虑周全的，周密的；[废语]谨慎的；深思熟虑的
thoughtful,[网络] 有心
concerning,"prep. 关于
[法] 关于"
considering,"prep. 鉴于…，考虑到；就…而论
adv. [口语]细细想来，通盘考虑起来；总而言之
conj. 考虑到，鉴于；就…而言"
regarding,prep. 关于
given,"a. 赠予的, 沉溺的, 约定的
give的过去分词"
construct,"vt. 构造, 建造, 对...进行构思, 作图
n. 构成物"
manufacture,"n. 产品, 制造
vt. 制造, 假造
vi. 制造"
philosophy,"n. 哲学, 人生观, 哲学思想, 哲理, 基本原理, 见解, 达观, 沉着"
luxury,"n. 奢侈, 豪华
a. 奢侈的, 豪华的"
magnet,"n. 磁铁, 有吸引力之人, 有吸引力之物
[化] 磁体"
marsh,"n. 沼泽, 湿地
a. 沼泽的"
mat,[网络] -垫
presentation,"n. 赠与, 描述, 介绍
[计] 简报"
decline,"n. 衰退, 跌落, 下降
vt. 使降低, 婉谢
vi. 下降, 衰落, 偏斜"
reject,"n. 被拒之人, 被弃之物, 不合格品, 次品
vt. 拒绝, 抵制, 否决, 驳回, 丢弃, 呕出"
desert,"n. 沙漠, 应得的赏罚, 功劳
a. 沙漠的, 不毛的
vt. 放弃, 遗弃, 擅离
vi. 逃掉"
desert,"n. 沙漠, 应得的赏罚, 功劳
a. 沙漠的, 不毛的
vt. 放弃, 遗弃, 擅离
vi. 逃掉"
discard,"vt. 丢弃, 抛弃
vi. 垫牌
n. 垫牌, 抛弃"
abandon,"vt. 放弃, 抛弃, 遗弃, 使屈从, 沉溺, 放纵
n. 放任, 无拘束, 狂热"
acquaint,"vt. 使认识, 介绍"
acquaintance,"n. 认识, 相识者"
deserve,"vt. 该得到, 值得
vi. 应得报答"
preserve,"vt. 保护, 保持, 保存, 维持, 腌, 禁猎
vi. 加工食品, 禁猎
n. 加工成的食品, 禁猎地, 保护区, 防护物"
reserve,[网络] 再服务
cancel,"n. 取消, 撤消, 盖销(邮票)
vt. 取消, 删去, 抵销, 盖销
vi. 相互抵销
[计] 作废"
abolish,"vt. 废止, 革除, 消灭
[经] 废除, 取消, 裁撤"
absorb,"vt. 吸收, 使全神贯注, 同化, 买进, 理解, 承受, 忍受, 承担
[医] 吸收"
fascinate,"vt. 令人入神, 使着迷
vi. 入迷"
charm,"n. 吸引力, 魔力, 符咒
vt. 迷住, 使陶醉, 行魔法
vi. 用符咒, 有魅力"
attraction,"n. 吸引, 吸引人的事物, 吸引力
[医] 吸引"
distract,"vt. 转移, 分心, 使发狂"
abrupt,"a. 突然的, 唐突的, 陡峭的, 不连贯的"
disturb,"vt. 扰乱, 妨碍, 使不安
[法] 滋扰, 扰乱"
interfere,"vi. 妨碍, 冲突, 干涉, 抵触
[医] 干扰, 干涉, 阻碍, 碰腿(马)"
upset,上端局设备
fuss,"n. 大惊小怪, 小题大作, 忙乱
vi. 无事自扰, 焦急, 焦燥, 忙乱
vt. 使激动, 使烦燥"
aid,comb.form [多用以构成专有名词]表示“…的慈善机构”，“为…募捐”：Ferry-aid
assist,"n. 帮助, 协助
vt. 帮助, 促进
vi. 协助, 参加"
auxiliary,"n. 辅助者, 辅助物, 附属机构, 助动词
a. 辅助的, 备用的"
assemble,"vt. 集合, 收集, 装配
vi. 集合
[计] 汇编"
rally,"n. 重振旗鼓, 集合, 群众集会, 跌停回升
v. 重整旗鼓, 集合, 恢复精神, 团结, 挖苦, 嘲笑"
contact,[网络] 装饰用套子
isolate,"vt. 使隔离, 使孤立, 使绝缘
n. 隔离种群"
collect,"v. 收集, 聚集, 集中, 搜集
a. 由收到者付款的
adv. 由收到者付款地"
distribute,"vt. 分配, 散布, 分发
[经] 分配, 分发"
adapt,"vt. 使适应, 改编
vi. 适应"
adopt,"vt. 采用, 正式通过, 收养, 接受
[医] 采取"
beneath,"prep. 在...下方
adv. 在...下方"
underneath,"adv. 在下面
prep. 在...的下面"
affection,"n. 影响, 病, 喜爱, 情感, 倾向
[医] 疾患, 病变, 病; 感情"
beloved,"a. 心爱的
n. 心爱的人"
emotion,"n. 情绪, 激动, 强烈的情感
[医] 情绪, 情感"
enthusiasm,"n. 巨大的热情, 热心"
passion,"n. 激情, 酷爱, 热爱, 强烈感情, 耶稣受难(故事)"
flame,"n. 火焰, 火舌, 热情, 光辉
vt. 焚烧, 用火焰给...灭菌, 用火焰传送(信号), 点燃, 激动
vi. 燃烧, 爆发, 闪耀
[计] 无聊邮件, 无益邮件"
disgust,"n. 厌恶, 嫌恶
vi. 令人厌恶
vt. 使作呕"
hatred,"n. 憎恨, 仇恨, 憎恶
[法] 敌意, 憎恨, 憎恶"
resent,vt. 怨恨；愤恨；厌恶
exterior,"n. 外部, 表面, 外貌
a. 外部的, 外在的, 表面的"
interior,"n. 内部, 内政
a. 内部的, 心灵的, 内地的, 内政的"
inner,"a. 内部的, 内心的
n. 内部"
alternative,"n. 两者择一, 供替代的选择
a. 两者择一的, 供选择的
[计] 选择对象"
option,"n. 选择权, 挑选, 选项
[计] 选项"
suppose,"vt. 假设；认为；让（虚拟语气）；推想
vi. 猜想；料想
conj. 假使…结果会怎样"
provided,conj. 以…为条件；假如(常与that连用)；除非；若是
assume,"vt. 假定, 承担, 呈现
vi. 装腔作势, 僭越"
assumption,"n. 假定, 自负, 担任, 假装
[经] 假定, 承担"
define,"vt. 定义, 规定, 使明确
[计] 定义"
refine,"vt. 精炼, 净化, 使优雅, 使精炼
vi. 被精炼, 被净化"
compress,"vt. 压缩, 压紧
vi. 受压缩小
[计] 压缩程序"
condense,"vt. 使浓缩, 使压缩, 缩短
vi. 浓缩, 凝结"
contract,"n. 合约, 婚约, 契约
vt. 使皱缩, 使缩短, 感染, 订约, 缔结
vi. 皱缩, 订约, 收缩"
contract,"n. 合约, 婚约, 契约
vt. 使皱缩, 使缩短, 感染, 订约, 缔结
vi. 皱缩, 订约, 收缩"
compact,"a. 紧凑的, 紧密的, 简洁的
vt. 使紧密结合, 压缩
vi. 变坚实"
lengthy,"a. 冗长的, 漫长的"
beside,prep. 在旁边
contrast,"n. 差别, 对比, 对照物
vt. 使对比
vi. 成对照
[计] 反差; 对比度"
compare,"vt. 比较, 比喻, 对照
vi. 相比
n. 比较
[计] 比较"
comparison,"n. 比较, 对照, 比喻
[经] 比较, 对比"
clone,"n. 无性系
[计] 代用件"
fertile,"a. 可繁殖的, 肥沃的, 生产多的
[医] 能生育的"
fertilizer,"n. 肥料, 促进发展者, 受精媒介物
[化] 肥料"
operator,"n. 操作员, 行家, 经纪人, 算子, 运算符
[计] 运算符"
operational,"a. 操作的, 运作的
[法] 操作上的, 业务上的, 可起作用的"
ego,"n. 自我
[医] 自我"
selfish,"a. 自私的, 利己主义的, 自我中心的"
ticket,"n. 票, 券, 车票, 标签, 入场券, 证明书
vt. 加标签于, 为...购票"
platform,"n. 平台；月台, 站台；坛；讲台"
treasure,"n. 宝物, 财富
vt. 珍爱, 重视, 秘藏"
prize,"n. 奖赏, 奖金, 奖品, 战利品, 捕获
a. 得奖的
vt. 珍视, 估价, 捕获, 撬, 撬动"
idle,"a. 懒惰的, 闲散的, 停顿的, 空闲的, 无用的
vi. 无所事事, 闲散, 浪费, 空转
vt. 虚度, 使闲散, 使空转
n. 空转, 空闲时间
[计] 空闲时间"
leisure,"n. 空闲, 闲暇, 悠闲
a. 空闲的, 有闲的"
mankind,"n. 人类, 男性"
humanity,"n. 人性, 人类, 博爱"
grateful,"a. 感谢的, 感激的, 令人快意的, 受欢迎的"
precaution,"n. 预防, 留心, 警戒
vt. 预先警告"
breakthrough,"突围, 突破
[计] 断缺"
academy,"n. 学院, 院校, 学会"
institute,"vt. 开始（调查）；制定；创立；提起（诉讼）
n. 学会，协会；学院"
account,"n. 账户；解释；账目，账单；理由
vi. 解释；导致；报账
vt. 认为；把…视为"
discount,"n. 折扣, 贴现率
vt. 打折扣
vi. 贴现"
blast," 表示胚(芽),胚胎,胚层,细胞,原基：idioblast, splanchnoblast(内脏原基)"
burst,[网络] 突发；总线主控和线性突发
explosive,"n. 炸药, 爆破音
a. 易爆发的, 爆炸的, 暴躁的"
bleed,"vi. 流血, 悲痛, 渗出
vt. 使出血, 榨取"
bloodshed,n. 流血；杀戮
bloody,"adj. 血腥的；非常的；嗜杀的，残忍的；血色的
vt. 使流血
adv. 很"
blend,"vt. 混合
n. 混合"
stir,"n. 搅拌；轰动
vt. 搅拌；激起；惹起
vi. 搅动；传播；走动"
bold,"a. 大胆的
n. 粗体
[计] 粗体"
bolt,"n. 门闩, 螺钉, 筛子, 闪电, 意外事件
vt. 闩住, 发射, 脱口而出, 筛, 囫囵吞下
vi. 囫囵吞枣, 射箭, 脱缰, 退出党派
adv. 突然"
optical,[光] 光学的
visual,"a. 视觉的
[医] 视觉的, 视力的, 视觉性记忆优势者"
invisible,"a. 看不见的, 无形的
[经] 无形的, 表面上看不见的, 未列在公开帐目的"
stoop,"n. 佝偻, 屈从, 弯腰
vi. 弯下, 屈从, 弯腰, 堕落
vt. 使屈从, 使弯曲"
bow,[网络] 兵器；生化武器；生化兵器
bow,[网络] 兵器；生化武器；生化兵器
bulb,"n. 球茎, 电灯泡
[医] 球, 鳞茎, 球茎"
bubble,"n. 泡沫
vi. 冒泡, 沸腾
vt. 使冒泡, 滔滔不绝地说"
anchor,"n. 锚
vt. 抛锚停泊, 使固定
[计] 锚"
chair,[网络] 委员长
cash,"n. 现金
vt. 兑现"
currency,"n. 货币, 通货, 流通, 通用
[计] 货币, 货币型"
rush,"n. 匆促, 冲进, 急流, 灯心草
vi. 冲, 奔, 闯, 赶紧, 匆促行事, 涌现
vt. 使冲, 匆忙地做, 突袭, 飞跃, 用灯心草做
a. 紧急的"
dash,"n. 冲撞, 破折号, 短跑
vi. 猛冲, 冲撞
vt. 泼溅, 使猛撞, 搀和, 使破灭, 使沮丧"
forge,"n. 熔炉, 铁工厂
vt. 打制, 锻造, 伪造
vi. 锻造, 伪造"
cast,"vt. 投，抛；计算；浇铸；投射（光、影、视线等）
n. 投掷，抛；铸件，[古生] 铸型；演员阵容；脱落物
vi. 投，抛垂钓鱼钩；计算，把几个数字加起来
n. (Cast)人名；(法)卡斯特"
podcast,n. 播客
cigaret,"n. 纸烟, 卷烟, 香烟"
cigarette,n. 香烟；纸烟
tobacco,"n. 烟草, 香烟
[医] 烟草"
claw,"n. 爪, 螯, 抓伤
v. 用爪抓, 挖, 搜刮"
paw,"n. 爪
v. 以蹄扒地, 用爪子抓, 拼命抓, 向...乱抓, 笨拙地使用, 费力地前进"
palm,"n. 手掌, 棕榈, 胜利
vt. 与...握手, 藏...于掌中"
palm,"n. 手掌, 棕榈, 胜利
vt. 与...握手, 藏...于掌中"
cane,"n. 手杖, 细长的茎, 藤条
vt. 以杖击, 以藤编制"
crane,"n. 起重机；【机】吊车；升降机；类似起重机的装置
v. 伸长(脖子)以便看得更清楚；以起重机举(起)
[网络] 鹤；仙鹤；摄影升降机"
lane,[网络] 局域网仿真技术
coil,"n. 线圈, 盘绕, 骚动, 卷
vt. 盘绕, 卷"
curl,"n. 拳曲, 鬈发
vt. 弄卷
vi. 拳曲, 弯曲"
column,n. 纵队，列；专栏；圆柱，柱形物
pillar,"n. 柱子, 栋梁, 台柱, 重要的支持者
[医] 柱, 脚"
hay,"n. 干草
vt. 制干草, 供给干草
vi. 晒干草"
hey,interj. 嗨
amid,"prep. 在其间, 在其中
[经] 在...中"
compass,"n. 指南针, 范围, 音域
vt. 包围, 达到, 图谋, 理解"
siege,"n. 包围, 围攻, 再三的努力
vt. 包围, 围攻"
component,"n. 元件, 组件, 成分
a. 组成的, 构成的
[计] 组件"
composition,"n. 作文, 创作, 组成
[化] 成分; 组成"
competent,"a. 能干的, 胜任的, 有效的, 足够的
[经] 有权的, 授权的, 胜任的"
efficient,"comb.form 表示“效率高的”,“充分利用的”：cost-efficient,energy-efficient"
correspond,"vi. 符合, 通信, 相当
[法] 符合, 一致, 相当"
compound,"n. 混合物, 复合词, 化合物, 院子
a. 复合的, 混合的, 化合的
vi. 化合, 和解, 妥协
vt. 使复合, 使化合"
mixture,"n. 混合, 混淆, 混合物
[化] 混合物"
immune,"a. 免疫的, 免除的, 不受影响的
n. 免疫者"
contaminate,"vt. 弄污, 弄脏, 污染, 毒害
[化] 污染"
pollute,"vt. 污染, 弄脏, 玷污
[化] 污染"
infect,"vt. 传染, 感染
[医] 传染, 感染"
crossroads,"n. 十字街头
[网络] 十字路口；交叉路口；十字形交叉"
ringroad,n. 环行路
circuit,"n. 电路, 环(行)道, 巡回
[计] 线路; 电路"
taxfree,"adj. 免税的；上过税的
[网络] 退税；免税店；退税的免税购物标志"
microwave, [医]微波
torch,"n. 火把, 启发之物
[化] 火炬"
superb,超B
seaweed,海苔
telegraph,"n. 电报, 电报机
vi. 打电报
vt. 打电报给, 电汇, 流露, 显示出要...的样子"
dress,"n. 服装, 覆盖物
vi. 穿着
vt. 给...穿衣, 整理"
fill,"vt. 装满, 填充, 弥漫, 供给, 满足, 供应
vi. 充满, 变得沉重
n. 满足, 装满, 充分, 填方
vt. 填充
vi. 填充
[计] 填充"
introduce,"vt. 介绍, 引入, 采用, 输入
[法] 引进, 输入, 介绍"
jump,"n. 跳跃, 跳动, 暴涨, 惊跳
vt. 跳跃, 跃过, 突升, 使跳跃
vi. 跳跃, 跳, 跳动, 暴涨
[计] 转移, 跳转"
report,[网络] 所决定的；再搬运一次
service,"n. 服务, 服侍；服役；仪式
a. 服务性的；耐用的；服现役的
vt. 维修, 检修；保养
n. (Service)人名；(英)瑟维斯"
bible,n. 圣经
Confucian,"a. 孔子的, 儒家学说的, 儒家的, 孔夫子的, 孔丘的
n. 孔子的门徒, 儒家"
temple,"n. 圣堂, 庙宇, 教堂, 礼拜堂, 太阳穴, 鬓角
[医] 颞颥, 颞部"
religion,"n. 宗教, 信仰
[法] 宗教, 宗教信仰, 信仰"
religious,"a. 宗教性的, 虔诚的, 宗教上的, 严谨的
n. 修道士, 出家人"
payment,"n. 付款, 支付的款项(或实物), 偿还, 报应, 惩罚
[经] 支付, 缴纳, 支付款额"
supermarket,超级市场
grocery,"n. 食品杂货店, 食品杂货业"
grocer,n. 食品商
republican,"n. 共和主义者, 共和党员
a. 共和政体的, 共和国的, 共和主义的"
federal,"a. 联邦的, 联合的, 同盟的
[法] 联邦的, 联邦制的, 联盟的"
spokesman,n. 发言人；代言人
spokesperson,"n. 发言人, 代言人"
laser,"n. 激光
[计] 激光器"
radar,"n. 雷达, 无线电探测器
[计] 雷达图"
ethnic,"a. 人种的, 种族的
[医] 人种的"
racial,"a. 人种的, 种族的
[医] 种族的"
right-wing,无
right-handed,无
manual,"n. 手册, 指南
a. 手的, 手动的, 手工的, 体力的
[计] 人工的, 手动的"
handmade,"un. 手工制造
[网络] 手作；手工制作；手工制的"
easy-going,无
agreeable,"a. 令人愉快的, 同意的
[医] 佳适的"
alert,"a. 警觉的, 灵敏的, 留心的
n. 警报
vt. 使警觉, 通知, 使意识到"
alive,"a. 活着的, 活泼的, 敏感的, 热闹的"
participate,"vi. 参加, 分享, 参与, 带有
vt. 分享, 分担"
enter,"vt. 进入, 参加, 开始, 输入, 回车
vi. 进去, 参加
[计] 输入, 回车"
tactics,"n. 用兵学, 战术, 兵法
[经] 战术, 策略"
strategy,"n. 战略, 策略
[经] 战略, 策略"
social,"a. 社会的, 群居的, 社交的
n. 联欢会"
individual,"n. 人, 个人, 个体
a. 个别的, 个人的, 独特的"
private,"a. 私人的, 秘密的, 私立的, 隐蔽的
n. 士兵, 隐士, 阴部
[计] 私人的"
leather,"n. 皮革, 皮制品, 马镫的皮带
vt. 覆以皮革, 鞭苔, 抽打
a. 皮革的, 皮制的"
nylon,"n. 尼龙
[化] 尼龙; 聚酰胺纤维"
fibre,"n. 纤维, 构造, 纤维制品
[化] 纤维"
contemporary,"n. 同时代的人
a. 同时代的, 属于同一时期的"
modern,"n. 现代人, 有思想的人
a. 现代的, 时髦的"
alarm,"n. 惊恐, 警报, 警钟
vt. 使惊恐, 警告
[计] 报警信号"
warning,"n. 警告, 预告, 预兆, 通知
[法] 警告, 警戒, 预告; 警告的, 注意的"
backup,"na. 支持；堵塞；【棒球】抢救后方；【计算机】把(文件等备份)
[网络] 倒退；后退；援助"
prop,"n. 支柱, 支持者, 倚靠人, 道具, 螺旋桨
vt. 支撑, 维持"
contribute,"vt. 有助于, 捐助, 投稿
vi. 出力, 捐献, 投稿"
donate,v. 捐赠
donation,"n. 捐赠物, 捐款, 捐赠
[经] 赠品, 捐款, 捐赠"
crisis,危象
emergency,"n. 紧急状况, 紧急事件, 紧急需要
[化] 紧急情况"
dilemma,"n. 困境, (进退两难的)窘境"
plight,"n. 困境, 窘境
vt. 宣誓, 保证"
fluent,"a. 流利的, 流畅的"
stutter,"n. 口吃, 结结巴巴
v. 结结巴巴地说"
forum,"n. 论坛, 公开讨论的广场, 法庭, 讨论会
[法] 讨论会, 专题讨论, 公共论坛"
bulletin,"n. 公告, 布告, 公报
[电] 电子布告栏"
heroism,"n. 英勇, 勇敢事迹, 豪侠行为"
nerve,"n. 精神, 勇气, 叶脉, 神经
vt. 鼓起勇气"
coward,"n. 懦弱的人, 胆小的人"
profile,微机条形码
gender,"n. 性
vt. 产生"
sexual,[网络]  - 性别
female,"n. 女性, 女人, 雌性动物
a. 女性的, 女子的"
telescope,"n. 望远镜
vi. 叠缩, 嵌进, 缩短
vt. 使叠缩, 使缩短"
microscope,[网络] 显微镜
thermometer,"n. 温度计, 体温计
[化] 温度计"
thermostat,"n. 自动调温器, 温度自动启闭装置
[化] 恒温器; 恒温箱"
dusty,"a. 灰尘多的, 无聊的, 含糊的, 粉末状的"
stroke,"n. 笔划, 打, 中风, 抚, 摩, 冲程
vt. 划尾桨, 抚, 摩, 划去
[计] 笔划"
mere," [医]〔后缀〕意为指节, 体节或部分"
pop,[网络] 相纸，打印纸
consult,"vi. 商讨, 商量, 协商, 会诊
vt. 向...请教, 查阅, 考虑"
discipline,"n. 训练, 纪律
vt. 训练, 惩罚"
prescribe,"v. 规定, 指定, 嘱咐, 开处方"
miss,"n. 失误, 避免, 失败, 小姐
vt. 未得到, 未达到, 未听到, 未觉察, 逃脱, 遗漏, 错过, 思念
vi. 失败, 击不中"
hit,[网络] 异质结；打击访问人数；香港国际货柜码头公司
authority,"n. 权力, 当权者, 当局, 权威, 专家
[经] 代理权, 授权, 权威"
ridiculous,"a. 荒谬的, 可笑的"
route,"n. 路径, 途径, 路线
vt. 确定路线, 按规定路线发送
[计] 传递, 路由设定程序"
phenomenon,"n. 现象, 迹象, 表现, 奇迹, 奇才
[化] 现象"
planet,"n. 行星, 命运星辰, 杰出的人, 重大影响的事"
satellite,"n. 人造卫星
[医] 伴行静脉, 陪静脉, 陪病部, 随体, 卫星"
spacecraft,"[计] 宇宙飞船, 空间飞行器"
astronomer,n. 天文学家
sportsman,"n. 运动员, 冒险家"
gymnasium,"n. 健身房, 体育馆
[医] 体育馆, 健身室, 运动场"
ski,[网络] -滑雪
yoga,n. 瑜珈
stadium,"n. 露天大型运动场
[医] 期, 病期"
trial,"n. 审判, 试验, 艰苦, 麻烦事, 考验
a. 审讯的, 试验性的"
knot,"n. 结, 群, 难题
v. 打结, (使)纠缠"
court,"n. 法院, 庭院, 奉承
vt. 献殷勤, 追求, 招致
vi. 求爱"
crown,"n. 王冠, 王权, 顶点
vt. 使成王, 加冕, 居...之顶"
kingdom,"n. 王国, 领域
[医] 界(动物,植物,矿物)"
jury,"n. 陪审团, 评判委员会
a. 应急的"
princess,"n. 公主；王妃；女巨头
n. (Princess)人名；(英)普琳西丝；"
royal,"n. 王室, 皇族
a. 王室的, 皇家的, 盛大的, 庄严的"
dignity,"n. 尊严, 高贵
[法] 尊严, 高位, 高贵"
online,"[经] (与主机)联机, 在线, 机内"
disc,"n. 圆盘, 唱片
vt. 灌唱片"
impatient,"a. 不耐烦的, 着急的, 急切的"
tie,"tie
[tai]
vt.
(用绳、带、线等)系，拴，绑，扎：
系紧…的带子；束牢…的带子；捆：
打(结)；把(带等)打结：
把…扎制成：
【钓鱼】制作(假蝇)：
使结合；把…联系在一起：
[口语]使结为夫妻：
限制，约束，束缚：
与…打成平局，平分秋色，(在比赛中)与…得分相等；平…的记录：
【音乐】用连接符号连接(音符)
【铁路】铺设枕木；固定铁轨
vi.
系，扣：
打结；能打结：
(比赛中)打成平局；得分相同：
结合，连接
约束，限制
n.
(系结、拴物用的)带子；绳；索
领带；结饰；蝴蝶结领结
[复数]低帮系带鞋
关系；联系；纽带；友情；血缘关系
限制，束缚
(比赛等)得分相等，平局；(竞争对手)得票相等
【音乐】连结线
[美国英语] 【铁路】枕木 [尤英国英语亦作 sleeper ]
【航海学】 =tye
【建筑业】连系材
近义词:
bind
. attach
. fasten
反义词:
separate
. part
短语:
count (或hit) the ties
[美国俚语]沿铁轨徒步旅行
fit to be tied
[口语]十分恼火
four-in-hand tie
一种活结领带 [亦作 four-in-hand]
hit the ties
= count the ties
old school tie
(英国公学)校友戴的领带
同学情谊
play (或shoot,run) off a tie (或draw)
【体育】平局后再赛(或加赛)以决胜负
ride and tie
见 ride
the silken tie (或bond)
[诗歌用语]情爱的缱绻，情丝
tie one on
[美国俚语]喝醉；闹饮
变形：
vt.
tied
. tying"
restrict,"vt. 限制, 限定, 约束
[医] 限制"
restrain,[网络] 再紧张
confine,"vt. 限制, 使不外出, 禁闭
vi. 邻接, 交界
n. 边缘, 范围, 区域"
contain,"vt. 包含, 容纳, 控制
vi. 自制"
aware,"a. 知道的, 有觉悟的"
conscious,adj. 意识到的；故意的；神志清醒的
comprise,"vt. 包含, 构成"
compose,"vt. 组成, 写作, 作曲, 使平静
vi. 创作, 排字
[计] 编写"
constitute,"vt. 构成, 组成, 任命
[建] 构造, 组成"
consist,"vi. 组成, 存在于, 一致"
involve,"vt. 包括, 使陷于, 潜心于, 包围
[医] 累及, 牵涉, 包含"
deal,"n. 交易, 协定, 数量, 买卖, 松木板
vi. 处理, 应付, 做生意
vt. 分配, 发牌, 给予
[计] 发牌"
tackle,"n. 工具, 复滑车, 滑车, 装备, 扭倒
vt. 固定, 处理, 抓住
vi. 扭倒"
dispose,"vt. 处理, 排列, 布置
vi. 处置"
disposal,"n. 丢掉, 处理, 排列, 销毁, 布置
[医] 处理, 处置"
cope,"vi. 处理；对付；竞争
n. 长袍
n. (Cope)人名；(英)科普；(西)科佩"
crawl,"n. 爬行, 匍匐而行, 养鱼池
v. 爬行"
creep,"n. 爬, 徐行, 蠕动
vi. 爬, 蔓延, 潜行"
chart,"n. 图表, 海图
vt. 制成图表
[计] 图表"
diagram,n. 图表；图解
graph," 表示：书写器；描绘器；记录器：telegraph; (以某种方法)书写(或描绘、记录)的结果(或东西)：monograph, lithograph"
cheat,"n. 欺骗, 作弊, 骗子
v. 欺骗, 逃脱, 骗取"
deceive,"v. 欺骗, 行骗"
fraud,"n. 欺骗, 欺诈, 诡计, 骗子
[经] 欺诈, 舞弊, 骗子"
marry,"vt. 与...结婚, 娶, 嫁
vi. 结婚"
associate,"n. 同伴, 伙伴, 关联的事物
vt. 使联合, 使发生联系
vi. 交往
[计] 关联"
deputy,n. 副手，代理人
agency,"n. 代理机构, 经销商, 中介
[化] 办事处"
figure,"n. 数字；人物；图形；价格；（人的）体形；画像
vi. 计算；出现；扮演角色
vt. 计算；认为；描绘；象征"
image,"n. 图像；形象；影像；意象
v. 反映；想像；象征；使…成像
[网络] 图片；图象；映像"
portrait,"n. 肖像, 人像, 半身像, 描写, 竖排格式
[计] 纵向"
disorder,"n. 杂乱, 混乱
vt. 扰乱, 使失调"
chaos,"n. 大混乱, 混沌
[化] 混沌; 浑沌"
mess,"n. 食堂, 伙食, 用膳, 一份食品, 混乱, 乱七八糟, 困境
vt. 将...弄糟, 妨碍, 使紊乱, 使就餐
vi. 陷入困境, 搞乱, 用膳"
display,"n. 显示, 陈列, 炫耀, 显示器
vt. 陈列, 显示, 表现, 夸示
[计] 显示器; 显示"
exhibit,"n. 显示, 显现, 展览品, 陈列品, 展览
vt. 展现, 陈列, 展览
vi. 开展览会"
community,n. 社区；[生态] 群落；共同体；团体
region,"n. 区域, 地带, 地区, 领域, 范围, 区
[计] 区, 区域"
zone,"n. 地带, 带, 地区
vt. 环绕, 使分成地带
vi. 分成区
[计] 卡片顶部的三行区; 区; 区域"
district,"n. 区域, 地方
[医] 地区, 地段"
fluctuate,"vi. 变动, 起伏, 动摇
vt. 使波动, 使动摇"
steady,"a. 稳定的, 不动摇的, 沉着的, 稳固的, 坚定的, 经常的
vt. 使稳定, 使坚定
vi. 变为沉着, 稳固"
constant,"n. 常数, 恒量
a. 不变的, 一定的, 时常的
[计] 常量; 常数; 恒值"
variable,"n. 易变的事物, 变数, 可变物, 变量
a. 可变的, 不定的, 易变的, 变量的
[计] 变量"
multiply,"vt. 乘；使增加；使繁殖；使相乘
vi. 乘；繁殖；增加
adv. 多样地；复合地
adj. 多层的；多样的"
reproduce,"vt. 复制；再生；生殖；使…在脑海中重现
vi. 复制；繁殖"
cripple,"n. 跛者, 残废
vt. 使跛, 使成残废, 削弱
a. 跛的, 残废的"
limp,"n. 跛行
a. 柔软的, 无力的, 软弱的
vi. 跛行"
stagger,"n. 蹒跚, 踌躇
vi. 蹒跚, 犹豫
vt. 使摇摆, 使踌躇, 交错, 错开
a. 交错的, 错开的"
edition,"n. 版本, 版, 翻版"
version,"n. 一种描述, 版本, 译文
[计] 版本"
issue,"n. 发行, 问题, 后果, 流出, 出口, 争端
vi. 发行, 流出, 造成...结果, 传下
vt. 使流出, 放出, 发行, 发布, 发给"
tissue,"n. 薄的织物, 薄纱, 棉纸, 组织, 一套
[化] 组织"
launch,"n. 下水, 汽艇, 发射
vt. 使下水, 发射, 发动
vi. 起飞, 下水, 投入, 开始"
publicity,"n. 名声, 宣传, 公开场合
[经] 宣传, 广告"
edit,[网络] 中点编辑
editorial,"n. 社论, 评论
a. 编辑的, 主笔的, 社论的"
publish,"vt. 出版, 发行, 公开, 发表, 宣传, 公布
vi. 出版, 发行"
release,"vt. 释放；发射；让与；允许发表
n. 释放；发布；让与"
enormous,"a. 巨大的, 庞大的"
tremendous,"a. 巨大的, 非常的, 可怕的"
immense,"a. 极广大的, 无边的, 非常好的"
eternal,"a. 永恒的, 永远的, 不灭的"
permanent,"a. 永久的, 不变的, 固定的, 持久的
n. 烫发
[计] 永久的"
temporary,"a. 暂时的, 临时的
n. 临时工, 临时雇员
[计] 临时"
short-term,无
odd,"adj. 奇数的；古怪的；剩余的；临时的；零散的
n. 奇数；怪人；奇特的事物
n. (Odd)人名；(英、西、挪、瑞典)奥德"
found,"vt. 建立, 创立, 铸造
find的过去式和过去分词"
establish,"vt. 建立, 确立, 制定
vi. 移植生长"
exclaim,"vi. 呼喊，惊叫；大声叫嚷
vt. 大声说出"
yell,[网络] 叫喊
scream,"n. 尖叫声
vi. 尖叫, 大笑, 尖啸, 令人震惊
vt. 尖叫着说, 大叫大嚷着要求"
tragedy,"n. 悲剧, 惨案, 悲剧作品
[法] 惨事, 灾难, 不辛"
drama,"n. 戏剧, 戏剧艺术"
dramatic,"a. 戏剧性的, 生动的"
script,"n. 手迹, 手稿, 正本, 手写体
vt. 改编为演出本
[计] 手写体, 小型程序"
drift,"n. 漂流物, 漂流, 动向
v. (使)漂流"
float,"n. 漂流物, 浮舟, 漂浮, 浮萍, 彩车
vi. 浮动, 飘动, 散播, 摇摆, 动摇, 浮动
vt. 使漂浮, 容纳, 淹没, 发行, 实行
[计] 浮动"
dwarf,"n. 矮子, 侏儒
v. (使)变矮小"
giant,"n. 巨人, 大力士, 巨大怪物
a. 庞大的, 巨大的"
tower,"n. 塔, 高楼, 堡垒
vi. 高耸, 翱翔"
educate,"vt. 教育, 培养, 训练"
instruct,"vt. 教, 教育, 命令, 通知
[法] 托办, 指导, 指示"
guidance,"n. 指导, 领导
[医] 导"
index,"n. 索引, 指针, 指数, 指标
vt. 编入索引中, 指出
vi. 做索引
[计] 下标; 附标; 变址; 索引; 编索引"
mislead,vt. 误导
misunderstand,"vt. 误解, 误会"
procedure,"n. 程序, 过程, 手续
[计] 规程; 过程"
affect,"vt. 影响, 感动, 假装, 模仿, 爱好, 倾向于
n. 自觉感情"
effect,"n. 结果, 影响, 效果, 印象
vt. 实行, 引起, 完成
[计] 效果"
influence,"n. 影响力, 权力, 势力
vt. 影响, 改变"
function,"n. 官能, 职务, 功能, 函数
vi. 活动, 运行, 行使职责
[计] 功能, 函数"
elect,"adj. 选出的；当选的；卓越的
n. 被选的人；特殊阶层；上帝的选民
vt. 选举；选择；推选
vi. 作出选择；进行选举"
select,"a. 挑选出来的, 极好的
v. 选择, 挑选
n. 被挑选者, 精萃
[计] 选定"
elegant,"a. 优雅的, 端庄的, 高雅的"
grace,"n. 优雅, 风度, 慈悲, 恩惠, 体面, 赦免, 恩典, 谢恩祷告
vt. 使优美"
nasty,表示u201c感性u201d：hyponasty
lick,"n. 舔, 少许, 打
vt. 舔, 卷过, 鞭打
vi. 轻轻拍打"
sip,[网络] 肯定命题；矽智财
suck,"vt. 吸, 吮, 吸入, 吮吸, 吸收
vi. 吸, 吸奶
n. 吸, 吸入, 吮吸"
challenge,"n. 挑战, 盘问
vt. 向...挑战, 要求, 怀疑
vi. 挑战, 对(证据等)表示异议"
dare,[网络] 滥用药物机构
confront,"vt. 使面对, 对抗, 遭遇, 使对质, 比较
[法] 对证, 使对质, 比较"
avoid,"vt. 避免, 防止, 撤消
[法] 避免, 回避, 躲开"
flee,"vt. 逃避, 逃跑, 逃走
vi. 逃, 消失"
encounter,"vt. 遭遇, 邂逅；遇到
n. 遭遇, 偶然碰见
vi. 遭遇；偶然相遇"
undergo,"vt. 遭受, 经历, 忍受
[法] 经受, 经历, 忍受"
ending,"n. 终止, 终了, 收场
[医] 末梢"
end,[网络] -结束
endure,"vt. 忍受, 忍耐, 容忍, 耐
vi. (正式)持久, 持续
[计] 仍能工作, 继续工作"
withstand,"vt. 抵住, 顶住, 经得起"
compel,"vt. 强迫, 迫使"
execute,"vt. 执行, 实行, 完成, 处死, 制成
[计] 执行"
enforce,"vt. 强迫, 执行, 坚持
[经] 予以强制执行"
oblige,"vt. 强制, 施恩惠于, 使感激
vi. 施恩惠, 帮忙"
impose,"vt. 征(税), 把...强加于, 以...欺骗
vi. 利用, 欺骗, 施加影响"
enlighten,"vt. 教育, 启发, 启蒙, 开导, 教导"
motivate,"vt. 给与动机, 刺激, 提高...的学习欲望, 促动
[经] 促动, 激发, 激励"
inspire,"vt. 使感动, 激发, 启示, 吸入, 鼓舞, 产生, 使生灵感
vi. 吸入, 赋予灵感"
spark,"n. 火花, 火星, 闪光, 无线电报务员, 瞬间放电, 活力, 朝气, 花花公子, 情郎
vi. 闪光, 发火花, 求婚
vt. 发动, 鼓舞, 使有朝气, 求婚"
discourage,"vt. 使气馁, 阻碍"
frustrate,"vt. 挫败, 击败, 破坏
a. 无益的, 挫败的, 挫折的"
register,"n. 寄存器, 记录, 登记簿, 注册
vt. 记录, 注册, 提示, 表达, 把...挂号
vi. 登记, 注册, 挂号
[计] 寄存器"
enrol,"vt. 登记, 使加入
vi. 参军, 注册"
enroll,"vt. 登记, 使加入
vi. 参军, 注册"
company,[网络] 同伴；公司；公司化
corporation,"n. 公司, 合作, 法人团体
[法] 法人团体, 社团, 法人"
enterprise,"n. 企业, 事业心, 进取心, 干事业
[计] 企业"
envious,"a. 嫉妒的, 羡慕的"
jealous,"a. 嫉妒的, 羡慕的, 留心的, 戒备的"
anticipate,"vt. 预期, 占先, 加速, 提前使用
[医] 提前出现, 先期发生"
predict,"v. 预知, 预言, 预报"
forecast,"n. 预想, 预测, 预报
vt. 预想, 预测, 预报
[计] 趋势预测"
foresee,"vt. 预见, 预知"
speculate,"vi. 深思, 推测, 投机
[经] 投机"
eventually,"adv. 最后, 终于"
proof,suff. 表示“耐
evidence,[网络] 证据；大量运用事例证据
witness,"n. 证人, 目击者, 证据, 证词
vt. 目击, 作证, 证明, 表明
vi. 作证人, 作为证据"
lodge,"n. 小屋, 门房, 支部, 旅舍, 分会
vi. 临时住宿, 倒伏, 寄宿, 投宿
vt. 安顿, 容纳, 提出, 把...射入, 存放"
stop,[网络] 中国医师戒烟项目；停止服务
punctual,"a. 准时的, 守时的, 点状的, 中肯的
[经] 准时的, 不误期的, 准时"
craft,na. 术；行业
technology,"n. 技术, 工业技术, 术语
[医] 技术学, 工艺学"
trick,"n. 诡计, 欺诈, 谋略, 恶作剧, 习惯, 决窍
vt. 愚弄, 欺骗, 装饰
vi. 哄骗, 戏弄
a. 有决窍的, 特技的, 欺诈的, 漂亮的, 靠不住的"
orbit,"n. 轨道, 常轨, 眼眶
vt. 绕...轨道而行
vi. 进入轨道, 盘旋"
rail,"n. 横杆, 围栏, 栏杆, 铁轨, 扶手, 秧鸡
vt. 以横木围栏, 给...铺铁轨
vi. 责骂, 抱怨"
rail,"n. 横杆, 围栏, 栏杆, 铁轨, 扶手, 秧鸡
vt. 以横木围栏, 给...铺铁轨
vi. 责骂, 抱怨"
layout,"n. 布局；设计；规划；安排
[网络] 布置；摆开；花费"
arrange,"v. 安排, 排列, 达成协议
[计] 重排"
rank,"n. 等级, 排, 横列, 队伍, 阶级
a. 茂密丛生的, 恶臭的, 十足的, 粗俗的
vt. 排列, 归类于, 把...分等
vi. 列为, 列队
n. 秩
[计] 秩"
invade,"vt. 侵入, 拥入, 侵略, 侵袭
[法] 强入, 侵犯, 侵略"
raid,"n. 袭击, 突袭, 搜捕
v. 奇袭, 搜捕
[计] 廉价磁盘冗余阵列"
sow,"n. 母猪, 懒胖女人
vt. 播种, 散布, 使密布
vi. 播种"
reap,"vt. 收割, 收获, 获得
vi. 收割, 得到报应"
rebel,"n. 叛徒, 反叛者
vi. 造反, 反抗, 抵抗, 反感
a. 造反的, 反抗的"
revolt,"n. 叛乱, 反抗, 反感
vi. 叛乱, 反抗, 起义, 厌恶, 反感
vt. 使反感, 使恶心"
riot,"n. 暴动, 喧闹, 放纵
vi. 发动, 暴动, 纵情, 放荡
vt. 浪费, 挥霍"
recruit,"n. 新兵, 新手, 新会员, 补给品
vt. 恢复, 补充, 充实, 征募
vi. 征募新兵, 复原, 得到补充"
veteran,"n. 老手, 退伍军人, 老兵, 老树
a. 老兵的, 老练的, 经验丰富的"
recycle, [电影]鬼域; 异域
cycle,[网络] -周期
cycle,[网络] -周期
reference,"n. 参考, 索引, 参照
vt. 给...加上参考资料
vt. 引用
vi. 引用
[计] 引用"
preference,"n. 偏爱, 优先, 喜爱物
[计] 首选项"
improvement,"n. 进步, 改善, 利用
[医] 改善, 好转, 进步"
reform,"v. 再作；改编(军队等)；(飞机在攻击后)重新编队
[网络] 扣帐"
substitute,"n. 代理, 代理人, 代用品, 代替者, 代替物
vt. 代替
vi. 替代, 取代, 代用
a. 代替的, 代用的, 代用品的
[计] 置换; 替代"
replace,"vt. 取代, 代替；替换, 更换；归还, 偿还；把…放回原处"
equivalent,"n. 同等物, 等价物, 相等物
a. 相等的, 相当的, 同意义的
[计] 等价的"
react,"vt. 重做, 重演"
interact,"vi. 互相影响, 交互作用
n. 幕间剧, 幕间休息"
respond,"vt. 以...回答
vi. 回答, 响应, 回报, 有反应, 承担责任"
response,"n. 反应, 回答, 响应
[计] 应答"
feedback," 反作用, 反馈"
uneasy,"a. 心神不安的, 不自在的, 不稳定的, 不舒服的"
restless,"a. 不安静的, 慌张的, 休息不充分的
[医] 不安静的, 不宁的"
restore,[网络] 再储藏；恢复
renew,"vt. 使更新, 使恢复, 复兴, 修补, 补充, 继续, 重订, 重申, 续借
vi. 更新, 重新开始"
retail,"n. 零售
a. 零售的
vt. 零售, 详述, 传播
vi. 零售"
purchase,"n. 购买, 购买品, 紧握, 绞辘
vt. 购买, 赢得, 努力取得, 用滑轮起(锚等)"
bark,"n. 树皮, 吠声
vi. 吠, 叫骂
vt. 喊出, 剥树皮"
roar,"n. 吼, 咆哮, 轰鸣
vi. 吼, 大声说出, 叫喊, 喧闹
vt. 呼喊, 使轰鸣"
thunder,"n. 雷, 雷声
vi. 打雷, 轰隆地响, 怒喝
vt. 大声喊出, 轰隆地发出"
roast,"n. 烤肉, 烘烤, 嘲笑
a. 烘烤的, 烤过的
vt. 烤, 炙, 烘焙, 嘲笑
vi. 烤, 炙, 烘焙"
toast,"n. 吐司, 烤面包, 干杯
vt. 敬酒, 烤, 使暖和
vi. 烤, 烘"
bake,"vt. 烘焙, 烤
vi. 烤面包
n. 烘焙, 烤"
kettle,"n. 茶壶, 罐
[化] 釜体釜; 锅"
boiler,"n. 煮器, 汽锅, 锅炉
[化] 锅炉"
erode,"vt. 腐蚀, 侵蚀
vi. 受腐蚀"
rust,"n. 锈, 生锈, 衰退
vi. 生锈, 衰退
vt. 使生锈, 腐蚀"
dismiss,"vt. 解散, 开除, 解职
vi. 解散
[计] 解散"
sack,"n. 麻布袋, 洗劫
vt. 把...装入袋, 洗劫"
fire,"n. 火, 炉火, 电炉, 火灾, 闪光体, 炮火, 热情
vt. 点燃, 烧制, 使发光, 激动, 放枪, 解雇
vi. 着火, 烧火, 开枪, 射击, 激动"
deposit,"n. 存款, 定金, 堆积物
vt. 存放, 堆积
vi. 沉淀"
saving,comb.form 表示“节约的”：energy-saving
scale,"n. 刻度, 衡量, 比例, 比例尺, 数值范围, 等级, 规模, 天平, 秤, 鳞, 积垢
vt. 依比例决定, 攀登, 测量, 绘制, 刮鳞, 使生垢, 过秤
vi. 剥落, 生水垢, 重量为, 攀登, 衡量
[计] 刻度"
scope,"comb.form 表示“观测仪”,“观察镜”;“(观测)显示器”;“被观测物”：telescope, kaleidoscope [参较-scopy]"
horizon,"n. 地平线, 眼界, (天)视地平"
parallel,"n. 平行, 对比, 相匹敌之物
a. 平行的, 相似的
vt. 与...平行, 与...相似, 相比, 使平行
[计] 并联; 并行"
delicate,"a. 细致优雅的, 微妙的, 美味的
[医] 柔弱的"
subtle,"a. 敏锐的, 精细的, 狡猾的, 稀薄的, 灵巧的, 微妙的
[医] 锐敏的; 精细的"
scatter,"n. 消散, 分散, 散播, 散射, 散布, 酒馆
vi. 散布, 散播, 消散
vt. 使消散, 使分散, 撒, 散布, 散播, 散射
[计] 散点图"
gather,"n. 集合, 聚集
vi. 聚集, 集合, 渐增
vt. 使聚集, 搜集, 积聚"
sensible,"a. 有感觉的, 敏感的, 明智的
[医] 可感觉的"
sensitive,adj. 敏感的；[仪] 灵敏的；感光的；易受伤害的
shelter,"n. 庇护所, 避难所, 庇护, 隐蔽处, 掩蔽
vt. 庇护, 保护, 隐匿
vi. 躲避"
shield,"n. 盾, 防卫物, 保护者, 屏蔽
vt. 保护, 遮蔽, 屏蔽, 庇护, 挡开, 避开
vi. 起保护作用"
conceal,"vt. 隐藏, 掩盖, 隐瞒
[法] 隐瞒, 隐匿, 保守秘密"
pavement,"n. 路面, 人行道, 铺面路, 铺路材料"
sidewalk,人行道
pave,"vt. 铺设, 安排, 铺满, 为...铺路
[化] 铺设"
significance,"n. 重要性, 意义, 意味
[计] 有效; 有效性"
proficiency,"n. 精通, 熟练, 精练"
skilled,"a. 熟练的
[经] 熟练的, 有技能的"
dye,[网络] 染料
incline,"n. 倾斜, 斜坡, 斜面
vt. 使倾向于, 使倾斜
vi. 倾向, 倾斜, 爱好, 易于"
lean,"n. 瘦肉, 倾斜, 倾斜度
a. 瘦的, 贫乏的, 歉收的
vi. 倚靠, 倾斜, 依赖
vt. 使倾斜"
lean,"n. 瘦肉, 倾斜, 倾斜度
a. 瘦的, 贫乏的, 歉收的
vi. 倚靠, 倾斜, 依赖
vt. 使倾斜"
devise,"vt. 设计, 发明, 图谋, 遗赠给
n. 遗赠"
revise,"n. 校订, 修正, 改样
vt. 校订, 修正, 校正"
faulty,"a. 有过失的, 有缺点的, 不完美的, 应受责备的
[经] 缺点多的"
defect,"n. 缺点
[医] 缺损, 缺陷"
shortcoming,n. 缺点；短处
excellence,"n. 优秀, 卓越, 优点"
detect,"vt. 发现, 察觉, 探测
[法] 发现, 查明, 探测"
spy,"n. 间谍, 侦探, 侦察
vt. 侦察, 找出, 发现
vi. 做密探, 侦查"
definite,"a. 明确的, 一定的
[法] 明确的, 确切的, 一定的"
infinite,"n. 无限, 神
a. 无穷的, 无限的, 极大的"
rotate,"a. 辐状的
vt. 使旋转, 使转动, 使轮流
vi. 旋转, 循环
[计] 旋转"
revolve,"v. (使)旋转, 反复考虑, 循环出现"
evolve,"vi. 进展, 进化, 展开
vt. 使发展, 使推断出, 使进化"
resolve,"vi. 决定, 分解, 决心
vt. 使分解, 解析, 解决, 消除, 决心
n. 决定之事, 决心, 坚决"
expand,"vt. 使膨胀, 详述, 扩张
vi. 张开, 发展
vt. 展开
vi. 展开
[计] 展开; DOS外部命令:将原始DOS磁盘上的压缩文件解压缩并拷贝到硬盘上"
extend,"v. 扩充, 延伸, 伸展, 扩大
[计] 扩展"
stretch,"vt. 伸展,张开
vi. 伸展
adj. 可伸缩的
n. 伸展，延伸
n. (Stretch)人名；(英)斯特雷奇"
plot,"n. 小块土地, 地区图, 图, 阴谋, 情节
vt. 划分, 绘图, 密谋
vi. 密谋, 策划
[计] 绘制"
intend,"vt. 计划, 打算, 意思是
[法] 想要, 打算, 意旨"
intention,"n. 意图, 目的, 含义
[医] 愈合, 意向"
rob,[网络] 船上所有
rub,"n. 摩擦, 困难, 障碍, 磨损处
vt. 擦, 搓, 摩擦, 惹怒
vi. 摩擦, 擦破"
thrust,"n. 插, 戳, 刺, 猛推, 口头攻击, 推力
vt. 插入, 猛推, 刺, 戳, 强加, 延伸
vi. 插, 刺, 戳, 延伸, (用力)推"
shove,"n. 推, 挤
vt. 推挤, 猛推, 强使
vi. 推"
sufficient,"a. 充分的, 足够的
[法] 充分的, 足够的"
adequate,"a. 适当的, 足够的
[法] 胜任的, 适当的, 充分的"
appropriate,"adj. 适当的
vt. 占用；拨出"
famine,"n. 饥荒, 缺乏, 饥饿"
deficiency,"n. 缺乏, 不足
[医] 缺乏, 不足"
shortage,"n. 不足, 缺乏
[化] 缺额"
scarce,"a. 难得的, 稀罕的, 缺乏的"
rare,"a. 稀罕的, 罕有的, 珍奇的, 稀薄的, 半熟的, 非常好的
adv. 非常"
want,[网络] 没有区别欲望
scare,"n. 惊吓, 恐慌
vt. 惊吓, 使恐慌
vi. 受惊"
panic,"n. 恐慌, 惊慌
a. 惊慌的, 没有理由的, 恐慌的
vt. 使惊慌, 使狂热
vi. 惊慌"
vary,"vt. 改变, 使多样化
vi. 变化, 有不同, 违反"
alter,v. 改变
bound,comb. 因某种情况而受阻的；开往…的，往…去的
bound,comb. 因某种情况而受阻的；开往…的，往…去的
bounce,"n. 跳, 跳跃, 弹力, 撞击
vi. 反跳, 弹跳
vt. 使跳回, 撞击
[计] 打回"
leap,"n. 跳跃, 剧增, 急变, 被越过之物
vi. 跳跃, 突然经过
vt. 跃过, 使跃过"
margin,"n. 页边的空白, 边缘, 界限, 余裕, 差数, 差额, 保证金
vt. 加边于, 加旁注于
[计] 页边距"
boundary,"n. 边界, 分界线
[计] 边界"
border,"n. 边缘, 边境, 边界, 花坛
vt. 在...上镶边, 接近
vi. 接界, 近似
[计] 边框"
frontier,"n. 边界, 边境
[法] 国境, 边境, 边界"
bunch,"n. 串, 束
[医] 骨肿块(马)"
bundle,"n. 捆, 束
vt. 包扎, 胡乱塞进
vi. 匆忙离开"
attribute,"n. 属性, 标志, 定语
vt. 把...归于, 认为...属于
[计] 属性"
character,"n. 个性, 字符, 人物, 性质, 品格, 资格
[计] 字符"
characteristic,"n. 特性, 特征, 特色
a. 特性的, 特有的, 有特色的
[计] 阶; 指数"
personality,"n. 个性, 人格, (团体、地方、国家)特有特性, 名人
[医] 人格; 个性"
feature,"n. 面孔的一部分(如眼、口等), 特征, 容貌, 特色, 特写
vt. 是...的特色, 特写, 放映
vi. 起重要作用
[计] 特性"
trait,"n. 特征, 特性, 一笔, 少许"
combine,"v. (使)联合, (使)结合
n. (企业的)联合, 联合收割机"
unite,"vi. 联合, 接合, 混合
vt. 使联合, 统一, 使粘合, 使结合"
link,"n. 环, 连结物, 链接, 火把
vt. 连结, 联合, 挽住
vi. 连接起来
[计] 连接, 链路"
await,"vt. 等候
vi. 等待着"
watch,comb.form [通常作复合词的第二部分]表示“研究”，“监视”，“观察”，“观望”；“观赏”
concentrate,"n. 浓缩, 精选
v. 集中, 专心"
focus,"n. 焦点, 焦距
vi. 聚焦, 注视
vt. 使聚焦, 调焦, 集中
[计] 焦点"
clay,"n. 泥土, 肉体, 黏土
[化] 粘土"
cement,"n. 水泥, 胶结剂
vt. 胶合, 用水泥涂
vi. 黏牢"
strengthen,"vt. 加强, 变坚固
vi. 变强, 股票上涨"
workshop,"[计] 专题讨论会, 学术会议"
seminar,"n. 研究班, 专题讨论会
[经] 讨论会, 专家讨论会"
conference,"n. 会议
[经] 会议, 讨论会, 协商会"
congress,"n. 国会, 会议, 讨论会
[医] 会议, 会合"
parliament,"n. 国会, 议会
[法] 会议, 国会, 议院"
senate,"n. 参议院, 立法机构, 评议会"
convention,"n. 大会, 协定, 惯例, 约定
[计] 约定"
tradition,"n. 传说, 传统, 交付
[法] 传统, 惯例, 移交"
transplant,"vt. 使移居, 移植, 使迁移
vi. 移居, 耐移植
n. 移居者, 移植"
capital,"n. 首都, 大写字母, 资本
a. 首都的, 重要的"
fund,"n. 基金, 资金, 存款, 财源, 贮藏
vt. 提供资金, 积累"
finance,"n. 财政, 财务
vt. 供给...经费, 负担经费
vi. 筹措资金"
bet,abbr. Black Entertainment Television(美国对黑人播放的)闭路电视网络
gamble,"n. 赌博, 冒险
v. 赌博, 孤注一掷"
stake,"n. 桩, 炮烙刑, 木柱, 赌注, 奖金
vt. 打桩, 用桩撑, 下赌注, 资助
vi. 打赌"
glance,"n. 一瞥, 闪光, 掠过, 辉矿类
vi. 扫视, 闪光, 掠过, 提到, 略说
vt. 扫视, 反射, 使掠过"
gaze,[网络] -凝视
glimpse,"n. 一瞥, 一闪
vi. 投以一瞥, 闪烁不定
vt. 瞥见"
adjust,"vt. 调整, 使适应于, 校准
vi. 适应于, 被调节, 相互熟悉而适应"
coordinate,"[经] 协调, 调节"
gear,"n. 齿轮, 工具
vt. 以齿轮连起, 开动, 使适应, 安排
vi. 连接上, 适合"
modify,"vt. 修正, 变更, 修饰, 缓和, 减轻
vi. 被修改
[计] 修改"
regulate,"vt. 管理, 控制, 调节, 调整, 校准
[经] 控制, 管理"
tune,"n. 歌曲, 主旋律, 心情, 声调, 和谐, 一致, 语调, 程度
vt. 为...调音, 调整, 调谐, 使一致
vi. 协调, 调谐"
glue,"n. 胶, 粘性物
vt. 粘合, 胶合"
paste,"n. 面团, 面食, 浆糊, 糊状物, 粘贴, 用拳重击
vt. 用浆糊粘, 张贴, 狠狠地打
[计] 粘贴"
sticky,"a. 粘的, 有粘性的, 顽固的"
costume,"n. 装束, 服装"
gown,"n. 睡衣, 法衣, 大学全体师生
vt. 使穿睡衣"
grab,"n. 抓握, 掠夺, 强占, 东方沿岸帆船
vi. 抓取, 抢去
vt. 攫取, 捕获, 霸占"
seize,"vt. 抓住, 逮捕, 俘获, 没收, 扣押, 掌握
vi. 突然抓住, 利用"
grave,[网络] -坟
grave,[网络] -坟
severe,"a. 严格的, 尖锐的, 严肃的, 严重的, 严厉的, 朴素的
[法] 严厉的, 苛刻的, 严重的"
solemn,"a. 严肃的, 郑重的, 庄严的"
guarantee,"n. 担保, 抵押品, 保证书
vt. 保证, 担保"
promise,"n. 诺言, 约定的事情, 有指望
vt. 允诺, 约定, 预示
vi. 允诺, 有前途, 有指望"
pledge,"n. 诺言, 保证, 誓言, 抵押, 信物, 保人, 祝愿
vt. 许诺, 保证, 使发誓, 抵押, 典当, 举杯祝...健康"
swear,"vt. 发誓；咒骂
vi. 发誓，宣誓；诅咒
n. 宣誓；诅咒"
thereby,[网络] 因此；从而
consequently,adv. 所以
hence,"adv. 因此, 从此"
therefore,adv. 因此；所以
heir,"n. 继承人, 嗣子, 后嗣
[法] 继承人, 后嗣"
ancestor,"n. 祖先, 祖宗"
hinder,"a. 后面的
v. 阻碍, 打扰"
prevent,"v. 预防, 防止, 阻止, 妨碍"
glorious,a. 光荣的
honorable,"a. 值得尊敬的, 荣耀的, 高贵的"
honourable,"a. 值得尊敬的, 荣耀的, 高贵的
[法] 荣誉的, 正直的, 体面的"
aggressive,"a. 侵略的, 挑畔的, 进取的
[法] 侵略的, 爱挑衅的, 行为过火的"
hostile,"a. 敌人的, 怀敌意的, 敌对的
n. 敌对分子"
ideal,"n. 理想, 典范, 观念, 思想, 最后目标
a. 理想的, 完美的, 空想的, 观念的, 唯心论的"
realistic,"a. 现实的, 逼真的, 现实主义的, 实在论的"
alike,[网络] 相等的
likewise,"adv. 同样地, 也"
similarly,"adv. 相像地, 类似于"
unlike,"a. 不像的, 不同的
prep. 不像, 和...不同"
identical,"a. 同一的, 恒等的, 完全相同的
[医] 同一的, 同等的"
ignorant,"a. 无知识的, 不知道的, 由无知产生的
[法] 无知的, 愚昧的, 不知情的"
green,"n. 绿色；草坪；绿色蔬菜；草绿色
v. 绿化；使增强环境保护意识；使善待环境
adj. 绿色的；草绿色的；长满青草的；绿油油的
[网络] 格林；果岭；绿的"
learned,"a. 有学问的, 学术上的
learn的过去式和过去分词"
generate,"vt. 产生, 发生, 导致
[电] 产生"
induce,"vt. 引诱, 招致, 归纳出, 感应
[医] 诱导, 感应"
inquire,未装订
inquiry,"n. 质询, 探索, 调查, 询盘
[计] 询问; 查询"
inspect,"vt. 检查, 检阅, 检验
vi. 检查"
prospect,"n. 景色, 展望
vt. 勘探, 勘察
vi. 勘探, 有前途"
scene,"n. 场, 情景, 镜头, 发生地点, 道具, 布景, 景色
[化] 现场"
outlook,"n. 观点, 景色, 前途, 了望
[经] 展望"
humiliate,"vt. 使丢脸, 使蒙羞, 屈辱"
embarrass,"vt. 使困窘, 使局促不安, 阻碍"
abuse,"n. 滥用, 虐待, 恶习, 辱骂
vt. 滥用, 辱骂, 虐待"
insult,"n. 侮辱, 无礼, 损害
vt. 损害, 侮辱, 攻击"
interview,"n. 接见, 采访；面试, 面谈
vt. 采访；接见；对…进行面谈；对某人进行面试"
reception,"n. 接待, 接受, 招待会
[医] 接受, 感受"
receipt,"n. 收据, 收入, 收到
vt. 开...的收据"
intimidate,"vt. 威胁, 恐吓
[法] 恐吓, 威胁, 使恐惧"
threaten,"vt. 恐吓, 威胁, 预示...的凶兆
vi. 威胁, 恫吓, 可能来临"
explore,"v. 探险, 探测, 探究"
investigate,"v. 调查, 审查"
survey,"n. 纵览, 视察, 测量, 俯瞰, 调查
vt. 审视, 视察, 俯瞰, 通盘考虑
vi. 测量土地"
scout,"n. 守候, 侦察, 搜索, 侦察员, 侦察机
vi. 守候, 侦察, 巡视, 嘲笑
vt. 侦察, 跟踪, 发现, 监视, 嘲弄"
probe,"n. 探索, 调查, 探针, 探测器
v. 用探针探测, 调查, 探索"
quest,[网络] 寻求
provoke,"vt. 激怒, 惹起, 诱导
[法] 刺激, 煽动, 激怒"
irritate,"vt. 激怒, 使发怒, 使兴奋, 使发炎
vi. 引起不快"
irrigate,"vt. 灌溉, 冲洗伤口, 使清新
vi. 灌溉"
bang,"n. 重击, 突然巨响, 刘海
v. 发巨响, 重击
adv. 砰然地, 突然巨响地, 直接地
[计] 撞击符"
slam,"n. 砰然声, 猛然, 猛烈的抨击
vt. 猛然关上, 砰地关上, 猛烈抨击
vi. 砰地关上, 猛攻"
slender,"a. 苗条的, 纤弱的, 微少的, 微薄的
[机] 细的, 纤细的"
slight,"adj. 轻微的；略微的；细小的；纤细的
n. 侮慢；冷落；轻视
v. 侮慢；冷落；轻视
[网络] 微小的；少量的；细长的"
slim,"a. 瘦的, 苗条的, 微小的, 稀少的, 微薄的
vi. 变苗条
vt. 使苗条"
fatty,"a. 肥胖的, 脂肪的, 含脂肪的
[医] 脂肪的"
territory,"n. 领土, 领地, 版图, 地区, 活动范围
[经] (推销员等的)推销区域"
realm,"n. 王国, 领土, 领域
[计] 领域"
sphere," 表示：u201c球体的u201d,u201c似球的u201d：planisphere; u201c地球(或其他星球)诸层气体的u201d：ionosphere"
mate,abbr. Materials Engineer 材料工程师
spouse,n. 配偶
stimulate,"vt. 刺激, 激励, 鼓舞
vi. 起刺激作用"
spur,"n. 马刺, 刺激物, 鼓舞
vt. 刺激, 激励, 用马刺策(马)前进
vi. 用马刺驱马, 疾驰"
up-to-date,无
antique,"n. 古董, 古物
a. 古老的, 古风的, 旧式的, 过时的"
stale,[网络] 鲸的故事
stereotype,[网络] 刻板印象；定型；强硬派看待中国的流行做法
routine,"n. 常规, 日常工作, 惯例, 例行公事
a. 日常的, 常规的
[计] 例程"
bite,"n. 咬, 一口
v. 咬, 刺痛, 穿透"
sting,"n. 叮, 刺痛, 刺激, 讽刺
vt. 叮, 刺痛, 刺激, 使苦恼
vi. 叮, 刺痛"
strip,"n. 长条, 条状, 带, 脱衣舞
vt. 脱衣, 被剥去, 剥夺, 拆卸
vi. 脱衣服"
stripe,"n. 斑纹, 条纹
[医] 纹, 条纹"
subdivide,"vi. 细分, 再分
vt. 把……再分, 把……细分"
integrate,"vt. 综合, 使完整, 使成整体
vi. 成一体
a. 完整的, 完全的"
integrity,"n. 正直, 廉正, 完整
[计] 完整性"
overwhelm,"vt. 淹没, 受打击, 制服, 压倒, 使不知所措
[法] 打翻, 倾覆, 覆盖"
submerge,"vt. 使浸水, 使陷入, 淹没
vi. 潜入水中"
commit,"vt. 委托(托付), 犯罪, 指派...作战, 使承担义务
[法] 犯, 做, 把...交托给"
commit,"vt. 委托(托付), 犯罪, 指派...作战, 使承担义务
[法] 犯, 做, 把...交托给"
emit,"vt. 发出, 放射, 发表(意见等), 散发, 发行
[化] 放射"
transmit,"vt. 传输, 传染, 传达, 遗传, 发射, 传播
vi. 发射信号, 留传下来
[计] 传送"
transmission,"n. 传输, 传送, 变速器
[计] 传输"
matter,[网络] 解决问题
substance,"n. 物质, 实质, 主旨, 资产, 本质, 牢固
[化] 物质"
inherit,"vt. 继承, 遗传
vi. 接受遗产"
succession,"n. 连续, 继承权, 继位, 演替, 地层次序
[法] 继承, 继承权, 继位"
chief,"n. 领袖, 酋长, 长官, 主要部分
a. 主要的, 首位的"
supreme,"n. 至高, 霸权
a. 至高的, 终极的, 极端的, 最大的"
submit,"vt. 使服从, 使受到, 委托, 提交, 认为
vi. 屈服, 服从"
surrender,"vt. 交出, 放弃, 使投降, 让与
vi. 投降, 自首
n. 交出, 放弃, 投降"
bend,"vi. 变弯曲, 屈服
vt. 使弯曲, 使屈服
n. 弯曲"
embrace,"n. 拥抱
vt. 拥抱, 互相拥抱, 包含, 收买
vi. 拥抱"
surround,"vt. 包围, 环绕, 围绕
n. 围绕物"
wrap,"n. 外套, 围巾, 包裹物, 限制, 约束, 秘密, 换行
vt. 包装, 卷, 缠绕, 包, 裹, 覆盖, 遮蔽, 隐藏, 掩护
vi. 缠绕, 穿外衣, 包起来
[计] 换行"
institution,[网络] 刚刚开始研究中国制度；新制度经济学把制度
organ,"n. 风琴, 器官, 元件, 机构, 机关
[电] 风琴"
perspiration,"n. 汗, 流汗, 努力
[医] 出汗; 汗"
sweat,"n. 汗, 汗水, 水珠, 焦急
vi. 出汗, 渗出, 冒出水气, 结水珠, 烦恼, 懊恼
vt. 使出汗, 流出, 榨出, 使汗流浃背"
tame,"a. 驯服的, 柔顺的, 被开垦的, 顺从的, 乏味的, 平淡的
vt. 驯养, 驯服, 制服, 失去锋芒
vi. 变得驯服"
mild,"a. 温和的, 温柔的, 淡味的, 适度的, 轻微的, (肥皂等)软性的
[医] 轻的, 缓和的"
tender,"a. 嫩的, 柔软的, 脆弱的, 温柔的, 亲切的, 未成熟的, 微妙的, 棘手的, 审慎的
vt. 使变嫩, 提供, 偿还
vi. 变柔软, 投标
n. 照料, 看管人, 供应船, 小船, 提出, 偿付, 投标"
violent,"a. 暴力的, 猛烈的, 激烈的, 极端的, 凶暴的"
cruelty,"n. 残酷, 野蛮, 残酷行为
[法] 残酷, 残忍, 虐待"
delightful,"a. 令人愉快的, 可爱的"
enjoyable,"a. 可从中得到乐趣的, 令人愉快的"
thrill,"n. 震颤, 激动, 刺激性, 一阵激动
vi. 震颤, 颤抖, 激动
vt. 使激动, 使颤动"
excitement,[网络] 激动人心
gloomy,"a. 抑沉的, 忧闷的, 黑暗的, 悲观的"
depress,"vt. 使沮丧, 压低, 降低, 使萧条
[化] 推下"
blue,"n. 蓝色
a. 蓝色的, 下流的, 忧郁的
vt. 染成蓝色
vi. 变蓝"
tedious,"a. 沉闷的, 冗长乏味的"
pistol,"n. 手枪, 信号枪
vt. 以手枪杀死(或伤害)"
rifle,"n. 来复枪, 步枪
vt. 用步枪射击, 抢夺
vi. (抱有不良意图)迅速翻查"
initial,"n. 字首, 首字母
a. 开始的, 最初的, 字首的
vt. 用姓名的首字母签名"
destination,"n. 目的地, 目标, 目的
[计] 目的文件, 目的单元"
terminal,"n. 终端机, 终点, 末端, 极限, 终点站
a. 终点的, 定期的, 致死的, 结尾的, 末端的, 晚期的
[计] 终端; 终端设备"
ultimate,"n. 终极, 根本, 顶点, 基本原则
a. 终极的, 根本的, 极限的, 最远的, 最后的, 最大的"
shrug,"n. 耸肩
v. 耸肩"
spit,"n. 唾液, 唾吐, 小雨, 炙叉, 一铲的深度
vt. 唾吐, 吐出, 降小雨, 用炙叉穿过
vi. 吐唾沫, 吐痰, 唾弃, 飘霏霏细雨"
sponge,"n. 海绵, 海绵状的东西
vt. 用海绵擦拭, 吸收掉, 抹掉
vi. 采集海绵, 海绵般吸收"
sponsor,"n. 保证人, 赞助者, 发起者, 倡议者, 教父
vt. 发起, 赞助, 倡议"
stream,"n. 水流, 小河, 流出, 趋势, 人潮
vt. 流出, 流动, 展开
vi. 流, 涌, 飘扬
[计] 流"
whatsoever,pron. 无论什么
whistle,"n. 口哨, 汽笛, 啸啸声, 口哨声
vi. 吹口哨, 鸣汽笛, 发嘘嘘声
vt. 用口哨或吹哨传意, 用口哨演奏"
yawn,"n. 哈欠
vi. 打哈欠, 裂开
vt. 打着哈欠说"
cliff,"n. 悬崖, 绝壁"
powerful,"a. 有力的, 有权力的, 强大的
[机] 强力的"
sociology,"n. 社会学
[医] 社会学"
slavery,"n. 奴隶的身分, 奴隶状态, 奴隶制度
[法] 奴隶制度, 奴役, 苦役"
hobby,"n. 嗜好, 癖好, 爱好"
iceberg,冰山
dragon,"n. 龙；凶暴的人，凶恶的人；严厉而有警觉性的女人
n. (Dragon)人名；(匈)德劳贡；(英、法、芬、罗、匈)德拉贡"
lid,"n. 盖子, 限制, 眼睑
vt. 给...盖盖子"
instinct,"n. 本能, 直觉
a. 充满着的"
juicy,"a. 多汁液的, 生动的, 多水分的"
laundry,"n. 洗衣店, 洗好的衣服, 洗涤
[机] 洗衣作, 洗衣店, 洗衣房"
lawn,"n. 草地, 草坪, 上等细麻布
[机] 细筛"
dormitory,n. 宿舍
neutral,"adj. 中立的，中性的；中立国的；非彩色的
n. 中立国；中立者；非彩色；齿轮的空档"
protest,普罗试验
resist,"vi. 抵抗，抗拒；忍耐
vt. 抵抗；忍耐，忍住
n. [助剂] 抗蚀剂；防染剂"
counter,"n. 计算器, 计算者, 柜台, 筹码
a. 反方向的, 相反的
adv. 反方向地, 相反地
[计] 计数器; 计数字"
counter,"n. 计算器, 计算者, 柜台, 筹码
a. 反方向的, 相反的
adv. 反方向地, 相反地
[计] 计数器; 计数字"
allowance,"n. 津贴, 零用钱, 限额, 折扣, 允许
vt. 定量供应"
bonus,"n. 奖金, 红利
[经] 奖金, 红利, 额外补贴"
welfare,"n. 福利, 安宁, 幸福, 福利事业
a. 福利的"
pension,"n. 养老金, 退休金, 津贴, 年金, 抚恤金, 膳宿学校, 膳宿费
vt. 发给退休金, 用津贴拉拢"
altitude,"n. 高度, 海拔, 高处
[电] 高度"
attitude,"n. 态度, 看法, 姿势
[医] 体态, 姿势, 态度"
wage,"n. 工资, 报应, 报偿
vt. 开展, 进行
vi. 进行"
salary,"n. 薪水
vt. 给...加薪"
expense,"n. 费用, 代价, 开支, 损失
[经] 费用, 开支, 将支出转为费用"
overhead,[网络] 制造费用；顶置空间；过顶球
specialist,"n. 专门医师, 专家
a. 专业的, 专家的"
expert,"n. 专家, 行家
a. 老练的, 内行的, 专门的
[计] 高级"
amateur,"n. 业余爱好者, 外行, 爱好者
[电] 业余家"
amaze,vt. 使吃惊
startle,"n. 惊愕, 惊恐
vt. 吃惊, 使惊愕
vi. 惊起"
amount,"n. 总数, 总额
vi. 总计, 等同"
gross,"n. 总数, 总量
a. 总共的, 未打折扣的, 恶劣的, 粗野的
vt. 总共收入"
sum,"n. 总数, 总和, 金额, 概要, 顶点
vt. 总计, 概括
vi. 合计
[计] 系统实用程序和维护"
amuse,"vt. 消遣, 娱乐, 使发笑"
entertain,"vt. 娱乐, 招待, 怀抱
vi. 款待"
recreation,"n. 再创造；重新创造；再创造的事物
[网络] 二度创造"
ankle,"n. 踝
[医] 踝, 踝关节"
wrist,"n. 手腕, 腕关节
[医] 腕"
detail,"n. 细节，详情
vt. 详述；选派
vi. 画详图"
summary,"n. 摘要, 概要
a. 摘要的, 简略的
[计] 摘要; 概要"
summarize,"v. 概述, 总结"
frame,"n. 框, 结构, 体格
vt. 构成, 设计, 制定, 使适合, 陷害
[计] 框架, 图文框, 帧"
resume,[网络] 恢复
resume,[网络] 恢复
aspect,"n. 外观, 方面, 面貌, 方向
[医] 方面, 局面; 外观"
perspective,"n. 远景, 透视感, (观察问题的)视角, 透视法, 看法, 透视图
a. 透视的, 透视法的
[计] 透视"
angle,[网络] -角度
angle,[网络] -角度
hook,"n. 钩, 钩状, 镰刀, 陷阱
vt. 挂...于钩上, 钩住, 引上钩, 偷窃
vi. 弯成钩状, 钩紧
[计] 钩"
apart, 一份；一部分
depart,"vi. 离开, 出发, 背离, 违反, 去世"
farewell,进展顺利
reunite,"vt. 使重聚；使再结合；使再联合
vi. 重聚；再结合；再联合"
reunion,n. 重聚
flat,"a. 平坦的, 单调的, 无力的, 浅的, 萧条的, 干脆的, 无聊的
adv. 平直地, 断然地
n. 扁平物, 平面, 平地, 平原, 平板车
v. (使)变平"
flat,"a. 平坦的, 单调的, 无力的, 浅的, 萧条的, 干脆的, 无聊的
adv. 平直地, 断然地
n. 扁平物, 平面, 平地, 平原, 平板车
v. (使)变平"
apartment,n. 公寓；房间
apparent,"a. 清晰可见的, 显然的, 表面上的
[电] 外在的"
transparent,"a. 透明的, 显然的, 清晰的
[计] 透明"
noticeable,"a. 显而易见的, 显著的, 值得注意的"
shallow,"n. 水浅的地方, 浅滩
a. 浅的, 肤浅的
v. (使)变浅"
superficial,"n. 表面, 外表
a. 表面的, 肤浅的, 面积的"
assess,"vt. 估定, 对...征税, 评定
[经] 估计, 估价, 确定(税款罚款等)的金额"
appreciate,"vt. 赏识, 鉴别, 为...而感激, 领会, 欣赏
vi. 增值, 涨价"
measure,"n. 尺寸, 量度器, 量度标准, 测量, 量具, 程度, 范围, 限度, 分寸, 措施, 方法
vt. 测量, 测度, 估量, 权衡, 调节, 拿(自己或自己的力量等)作较量
vi. 度量"
weigh,"vt. 称...重量, 衡量, 把...压弯, 考虑, 权衡, 起锚
vi. 称分量, 有意义, 重压, 起锚
n. 过秤, 称分量"
weight,"n. 重, 重量, 体重, 砝码, 重大, 影响, 力量
vt. 加重量于, 压迫, 使加权, 称重量
[计] 粗细"
access,"n. 通路, 入口, 接近, 进入, 使用权, 发作
vt. 访问, 存取, 接近, 使用
[计] 访问, 存取"
approach,"n. 接近, 入门
vt. 接近, 近似, 找...商量
vi. 靠近"
means,"n. 方法, 手段, 工具, 财产, 收入
[经] 方法, 手段, 工具; 意谓"
card,"n. 卡片, 纸牌, 节目单, 明信片, 梳棉机
vt. 备置卡片, 记于卡片上, 梳理
[计] 卡片, 卡"
approve,"vt. 赞同, 核准, 为...提供证据
vi. 赞许"
acceptance,"n. 接受, 接纳, 承认, 同意, 赞同, 容忍, 相信
[经] 承兑, 认付, (工程)验收"
sanction,"n. 核准, 制裁, 处罚, 约束力
vt. 制定制裁规则, 认可, 核准, 同意"
refusal,"n. 拒绝, 推却, 优先决定权
[法] 拒绝, 谢绝, 取舍权"
disapprove,v. 不赞成
differ,"vi. 不一致, 不同
[机] 差异, 不同"
resemble,"vt. 相似, 类似"
contrary,"a. 相反的, 矛盾的, 对立的
n. 相反, 对立面
adv. 相反地"
defy,"vt. 藐视, 挑衅, 使落空
n. 挑战"
oppose,"vt. 反对, 以...对抗, 抗争
vi. 反对"
opposition,"n. 反对, 敌对, 相反, 在野党
[医] 对生, 对向, 反抗, 反对症"
comment,"n. 注解, 批评, 评论, 备注
vi. 评论, 注解
[计] 备注"
remark,[网络] 重新标记
lemon,"n. 柠檬, 柠檬树, 柠檬色
[医] 柠檬"
peach,"n. 桃子, 桃树, 桃色, 美人儿, 极好的事物
vt. 告发
vi. 告密, 检举"
watermelon,西瓜
colleague,"n. 同事, 同僚"
workmate,n. 同事；工友
workplace,"[经] 工作场所, 车间, 工厂"
workforce,"劳动力
[经] 劳动力"
porcelain,"n. 瓷器, 瓷
a. 瓷制的"
brass,"n. 黄铜, 黄铜制品
a. 黄铜的, 铜管乐器的
v. 镀以黄铜, 支付"
copper,"n. 铜, 警察
[化] 铜Cu"
cop,[化] 冷冻系数
brilliant,"a. 光辉的, 灿烂的, 有才气的
[机] 亮的"
intelligent,"a. 聪明的, 智能的, 了解的"
curse,"n. 咒骂, 诅咒
vt. 诅咒, 咒骂"
damn,"n. 一点, 诅咒, 丝毫
interj. 该死, 该死的
vt. 诅咒, 罚...下地狱
vi. 指责, 谴责, 骂...该死, 证明...有罪"
dirt,"n. 污垢, 泥土
[化] 污垢"
dumb,"a. 哑的, 不说话的, 无声音的
[医] 哑的"
dump,"n. 垃圾场
vt. 倾倒, 倾销
vi. 倒垃圾, 倾销商品
[计] 转出; 转储; 倾卸; 切断电源"
thumb,"n. 拇指
vt. 以拇指拨弄, 笨拙地摆弄, 用拇指翻旧, 迅速翻阅, 作搭车手势"
daylight, 日光
dawn,"n. 破晓, 黎明
vi. 破晓"
sunrise,日出
dusk,"n. 薄暮, 傍晚, 黄昏
a. 微暗的
v. (使)微暗"
energetic,"a. 精力充沛的, 积极的"
vigorous,"a. 精力充沛的, 元气旺盛的, 茁壮的, 有力的"
hydrogen,"n. 氢
[化] 氢H-2"
oxygen,"n. 氧
[化] 氧O-2"
nitrogen,"n. 氮
[化] 氮N-2"
canal,"n. 运河, 水道, 管, 沟渠
vt. 开运河"
channel,"n. 海峡, 航道, 频道
vt. 引导, 在...上挖沟, 形成河道
[计] 信道, 通道"
tunnel,"n. 隧道, 地下道
vi. 挖隧道
vt. 掘隧道于"
yummy,"a. 美味的, 可口的, 赏心悦目的, 愉快的"
tasty,"a. 好吃的, 可口的"
insect,"n. 昆虫, 卑鄙的人
[医] 昆虫"
worm,"n. 虫, 蠕虫, 小人物, 螺纹, 蜗杆
vi. 蠕行, 慢慢前进
vt. 使蠕行, 慢慢地走, 除虫
[计] 蠕虫病毒"
norm,"n. 基准, 模范, 标准, 准则, 平均数
[化] 定额"
abnormal,"a. 反常的, 不规则的, 变态的, 畸形的
n. 畸形的人"
weird,"a. 怪异的, 超自然的, 不可思议的
n. 命运, 预言, 符咒"
abundant,"a. 丰富的, 充分的, 大量的"
wealthy,"a. 富有的, 丰裕的, 充分的"
earthquake,地震
storm,"n. 暴风雨, 骚动, 风波, 风暴, 猛攻
vi. 起风, 猛冲, 怒吼
vt. 猛攻"
sandstorm,[化] 沙暴
universal,"a. 全世界的, 普遍的, 宇宙的, 通用的
n. 一般概念"
widespread,"adj. 广布的；蔓延的；普遍的
[网络] 普及的；广泛流传的"
global,"a. 通用的, 全球的, 球形的, 综合的, 普遍的
[计] 共用"
drum,"n. 鼓, 鼓声
vi. 击鼓, 作鼓声
vt. 打鼓奏出
[计] 磁鼓"
horn,"n. 角, 角质, 喇叭, 号角
a. 角制的
vt. 用角触, 长角于"
trumpet,"n. 喇叭, 小号, 喇叭声
vi. 吹喇叭
vt. 用喇叭吹出, 吹嘘"
entertainment,"n. 娱乐, 款待, 娱乐表演"
treat,"n. 宴请, 款待
vt. 视为, 对待, 论述, 治疗, 款待
vi. 讨论, 谈判, 作东"
trainee,"n. 实习生, 新兵, 受培训者
[经] 学徒工, 培训人员"
tutor,"n. 家庭教师, 导师, 助教, 监护人
vt. 当...的教师, 教, 指导, 约束, 克制
vi. 当家庭教师, 受家庭教师的指导"
theme,[计] Windows桌面主题文件
topic,"n. 主题, 论题, 话题"
subject,[网络] 主体；对象；主题
tray,[网络] 太赫兹；射线；太赫兹技术
saucer,[地名] 绍塞河 ( 阿根 )
sincere,"a. 诚实的, 正直的, 真挚的, 纯净的"
earnest,"n. 定金, 诚挚, 认真
a. 认真的, 热心的, 重要的"
frank,"a. 坦白的, 率直的, 老实的
vt. 免费邮寄
n. 免费邮寄特权"
purple,"n. 紫色, 帝位
a. 紫色的, 帝王的, 华而不实的
v. (使)成紫色"
violet,"n. 堇菜, 紫罗兰
a. 堇菜科的, 紫罗兰色的"
corps,"corps
[kɔ:]
n.
【军事】(特殊兵种的)部队；军团
(共同工作者)团体，队，团
[废语]尸体
变形：
n.
corps"
troop,"n. 军队, 一群, 一队
vi. 群集, 结队, 成群而行"
military,"n. 军队
a. 军事的, 军人的, 适于战争的"
force,"n. 力量, 武力, 势力, 影响力, 军队, 力, 效力
vt. 强迫, 强夺, 推动, 提高
[计] 人工转移; 强制"
baseball,[网络] 棒球；香港求棒球；基球
snowball,"起毬(织疵), 雪球"
softball,容易处理的事情
tennis,n. 网球
weapon,"n. 武器, 兵器
vt. 武装"
arms,[网络] 武器
briefcase,n. 公文包
wallet,"n. 皮夹
[法] 皮包, 皮夹, 钱袋"
purse,"n. 钱包, 小钱袋, 金钱, 募捐款, 囊状物
v. 缩拢, 皱起"
cereal,"n. 谷类食品, 谷类植物
a. 谷类的"
grain,"n. 谷粒, 颗粒, 谷类, 纹理, 本质
v. (使)成谷粒"
privilege,"n. 特权, 特别恩典, 基本权利, 特免
vt. 给与...特权, 特免"
right,[网络] -对
birthright,"[法] 长子继承权, 生来就有的权利"
copyright,版权；复制权
piracy,"n. 海盗行为, 海上劫掠, 剽窃, 著作权侵害, 非法翻印
[法] 海盗行为, 海上掠夺, 海盗罪"
booklet,n. 小册子
bookmark,[计] 书签
concrete,"n. 凝结物, 混凝土
a. 具体的, 实在的, 混凝土的
v. (使)凝结, 用混凝土浇筑"
abstract,"a. 抽象的, 深奥的
n. 摘要, 抽象概念
vt. 摘要, 提炼, 使抽象化
[计] 摘录; 摘要; 抽象"
abroad,"adv. 在国外；到海外
adj. 往国外的
n. 海外；异国"
aboard,"un. A台
[网络] 木板；钻木板；上有一块板"
board,"n. 木板, 甲板, 膳食, 会议桌
vt. 乘船, 供膳食, 用板覆盖
vi. 搭伙
[计] 板"
panel,"n. 嵌板, 仪表板, 专题讨论小组, 全体陪审员
vt. 嵌镶板"
popularity,"n. 名声, 受大众欢迎, 流行"
protein,"n. 蛋白质
a. 蛋白质的"
queue,"n. 辫子, 一队人, 队列
vt. 使排队, 将...梳成辫子
vi. 排队
[计] 队列"
resource,"n. 资源, 财力, 办法, 策略, 急智, 消遣
[计] 资源"
microphone,"n. 扩音器, 麦克风
[医] 扩音器, 传声器"
scissors,"pl. 剪刀
[医] 剪"
semiconductor,n. 半导体
sleeve,"n. 袖子, 套管
vt. 缝上袖子"
slogan,"n. 呐喊声, 标语, 口号"
oral,"n. 口试
a. 口头的, 口述的, 口部的"
aural,"a. 耳的, 听觉的, 气氛的, 气味的, 光环的
[医] 耳的; 先兆的"
moral,"n. 道德, 品行, 寓意
a. 道德的, 品性端正的, 精神上的"
conscience,"n. 良心
[法] 良心, 道德感, 正义感"
loan,"n. 贷款, 借出
v. 借, 供应货款, 借给"
lend,"vt. 借, 贷款给, 增添, 提供, 出租
vi. 贷款"
moan,"n. 呻吟, 悲叹
vi. 呻吟, 抱怨, 悲叹
vt. 呻吟着说"
complain,"v. 抱怨, 抗议, 控诉"
complaint,"n. 诉苦, 抱怨, 控诉
[医] 陈诉; 病"
assignment,"n. 分配, 功课, 任务, 转让, 归因, 陈述
[计] 赋值"
mission,"n. 任务, 代表团, 使命, 传教团
vt. 派遣, 向...传教"
dissolve,"v. 溶解, 解散"
melt,"n. 熔化, 熔化物, 溶解
v. (使)熔化, (使)溶解, (使)消散, (使)变软"
march,abbr. Master of Architecture 建筑学硕士
parade,"n. 游行, 炫耀, 阅兵
v. 游行, 炫耀, (使)列队行进"
bureau,"n. 局, 办公处
[经] 局, 司, 处"
ministry,"n. 部, 内阁, 服务
[经] 部"
headquarters, （机构， 企业等的）总部; 总店（head-quarter的名词复数）
lobby,"n. 大厅, 休息室, 游说议员者
vi. 游说议员, 游说
vt. 游说"
corridor,"n. 走廊, 回廊, 人口密集地带"
balcony,"n. 阳台, 戏院楼厅"
limited,"a. 有限制的, 有限的, 有限责任的
n. 特别快车"
limitless,"a. 无限的, 无界限的"
generous,"具,有"
handsome,[网络] 手一些；手多；竹兰在国际刑警英俊
liberal,"adj. 自由主义的；慷慨的；不拘泥的；宽大的
n. 自由主义者
n. (Liberal)人名；(葡)利贝拉尔"
greedy,"a. 贪婪的, 贪得的, 贪吃的"
lest,[网络] 东方；东部
nest,[网络] 巢
lease,"n. 租约, 租期, 租
vt. 出租, 租出, 租得"
charter,"n. 特许状, 执照, 宪章
vt. 特许, 发给特许执照"
landlord,"n. 房东, 地主
[经] 业主, 地主, 房东"
host,"n. 主人, 旅馆老板, 节目主持人
vt. 当主人招待, 作...节目主持人
[计] 主机, 宿主机"
host,"n. 主人, 旅馆老板, 节目主持人
vt. 当主人招待, 作...节目主持人
[计] 主机, 宿主机"
forestry,"n. 林学, 森林地
[法] 林地, 林学, 林业"
jungle,"n. 丛林, 杂乱的一堆, 弱肉强食的地方"
timber,"n. 木材, 木料
vt. 用木材建造"
intact,[网络] 完好无缺
incomplete,[网络] 未完成学业
exemplify,"vt. 例证, 例示
[法] 制作经公章证明的誊本, 例证"
instance,"n. 建议, 情况, 例子, 场合
vt. 引以为例, 举例说明"
pulse,"n. 脉冲, 脉搏, 情绪, 意向, 拍子, 豆类
vi. 跳动, 脉跳
vt. 使跳动, 用脉冲调制
[计] 脉冲"
impulse,"n. 冲动, 驱使, 刺激, 推动, 冲力, 建议, 脉冲
vt. 推动"
modest,"a. 谦逊的, 羞怯的, 端庄的, 适度的
[经] 适当的"
humble,"a. 低下的, 谦逊的, 粗陋的
vt. 使...卑下, 降低...地位, 贬抑"
worship,"n. 崇拜, 礼拜, 尊敬
vi. 参加礼拜
vt. 崇拜, 尊敬"
elbow,"n. 手肘, 弯头, 扶手
v. 用手肘推开, 推挤"
heel,"n. 脚后跟, 踵, 后部, 倾侧
vt. 尾随, 装以鞋跟, 倾侧, 追赶
vi. 紧随, 用脚后跟传球"
kneel,[地名] 尼湖 ( 加 )
jaw,"n. 颚, 颌
v. 闲谈, 教训, 唠叨"
hedge,"n. 树篱, 障碍, 套头交易
vt. 用树篱围, 套期保值, 妨碍, 两面下注以防...的损失
vi. 筑树篱, 躲闪, 两面下注以防损失
a. 树篱的, 偷偷摸摸的"
fence,"n. 围墙, 栅栏, 买卖赃物的人, 剑术
vt. 用篱笆围住, 练习剑术, 防护
vi. 击剑, 搪塞"
harbor,"n. 港, 避难所
v. 庇护, 藏匿, (使)入港停泊"
harbour,[地理] 港湾
dock,"n. 码头, 船坞, 被告席, 尾巴的骨肉部分
vt. 使靠码头, 使(船)进港, 剪短
vi. 进港"
port,"n. 港口, 埠, 舱门, 避风港, 左舷, 炮眼, 姿势, 意义
vt. 左转舵, 持(枪)
vi. 左转舵
[计] 端口, 移植"
guilty,"a. 犯罪的, 有过失的, 自觉有错的, 心虚的
[法] 有罪的, 犯罪的, 自觉有罪的"
innocent,"a. 无罪的, 不懂事的, 无知的
n. 天真的人, 笨蛋"
beam,"n. 横梁, 杆, 光线, 容光焕发
vi. 用梁支承, 微笑, 射出光线
vt. 照耀, 感到欣喜
[计] 束"
glow,"n. 赤热, 光辉, 热情, 热烈, 红光
vi. 发红光, 红光焕发, 发热, 洋溢, 激动"
genius,"n. 天才, 天赋, 精神, 神魔
[医] 特征"
talent,"n. 天才, 才能, 有才干的人, 天资"
gift,[网络] 礼物婴儿
project,"n. 计划, 设计, 事业
vt. 计划, 设计, 投掷, 发射, 使凸出, 放映
vi. 凸出"
agenda,"pl. 议程, 日常工作事项
[计] 待议事件"
schedule,"n. 时间表, 一览表, 计划表, 议事日程
vt. 预定, 编制目录, 制...表, 安排"
scheme,"n. 方案, 计划, 组合, 系统, 图解, 诡计, 阴谋
v. 计划, 设计, 图谋, 策划
[计] Scheme 程序设计语言"
ambassador,"n. 大使
[法] 大使, 使节, 代理"
diplomat,"n. 外交官, 有外交手腕的人
[法] 外交家, 外交官, 有权谋的人"
banquet,n. 宴会
luncheon,"n. 午宴, 午餐会"
brunch,n. 早午餐
bucket,"n. 桶
[计] 存储桶; 桶"
barrel,"n. 桶；枪管；一桶（的量）
v. 飞驰
[网络] 琵琶桶；圆筒；滚筒"
bat,"n. 蝙蝠；球拍；球棒；球板
v. 用球板击球；拍打（空中飞舞的小东西）
abbr. (=Bachelor of Arts in Teaching)教学法学士
[网络] 批处理文件；批次档；英美烟草公司(British American Tobacco)"
racket,"n. 球拍, 喧闹, 杂乱无章
vi. 喧闹
vt. 用球拍打"
sword,[网络] 英语常用同义词辨析；熟人就出声
arrow,"n. 箭, 箭状物, 箭头记号"
blade,"n. 叶片, 刀锋, 刀口, 剑
[医] 页[片], 叶片, 刀片, 刀刃, 刀口"
nightclub,n. 夜总会
paperwork,日常文书工作
snowman,[网络] 雪人；小雪人；雪人於
waterproof,[电] 防水
schooling,"n. 学校教育, 学费"
scholar,"n. 学者, 奖学金获得者, 有文化者, 学习者"
advisable,"a. 适当的, 明智的"
available,adj. 有效的，可得的；可利用的；空闲的
headmistress,[网络] 女校长
dean,"n. 院长, 主持牧师
[法] 外交团长, 学院院长, 教务长"
semester,n. 学期
textbook,课本
acre,n. 英亩
euro,n. 欧元（欧盟的统一货币单位）
gallon,"n. 加仑
[医] 加仑"
ounce,"n. 盎司, 少量, 雪豹
[医] 英两, Г"
pint,"n. 品脱(干量或液量的单位)
[医] 量磅, 品脱"
volt,"n. 伏特
[化] 伏特"
eliminate,"vt. 除去, 排除, 剔除, 消除"
exclude,"vt. 除外, 排除, 排斥
[医] 除外(诊断)"
removal,"n. 移动, 移居, 迁移, 排除, 切除
[医] 切除, 除去"
rid,[网络] 康威世界；示差折光检测器；琼脂扩散
expel,"vt. 驱逐, 逐出, 排出, 开除
[医] 排除, 迫出"
exile,"n. 放逐, 流放, 被放逐者
vt. 放逐, 流放, 使背井离乡"
entry,"n. 记录；词条；登录；录入
[网络] 进入；条目；入口"
exit,"n. 出口, 退场, 离去, 去世
vi. 退出, 脱离, 去世
[计] 退出; DOS内部命令:本命令用于退出当前的命令处理器(COMMAND.COM)
恢复前一个命令处理器"
outlet,[网络] 电机功率；出口；找到出路
export,"n. 输出品, 输出
vt. 输出, 出口
vi. 输出物资
[计] 导出"
import,"n. 进口货, 进口, 输入, 含义, 重要性
vt. 输入, 引入, 进口, 含...的意思, 重要
vi. 有关系
[计] 引入"
extensive,"a. 广的, 广泛的, 多方面的
[经] 广大的, 扩大的"
intensive,"adj. 加强的；集中的；透彻的；加强语气的
n. 加强器"
intense,[网络] 紧张
suicide,"n. 自杀, 自杀者
v. 自杀
a. 自杀的"
survive,"vt. 比...活得长, 生存, 生还, 幸免于
vi. 活下来, 幸存"
external,"n. 外部, 外面
a. 外部的, 客观的, 表面的"
internal,"a. 内在的, 国内的
[医] 内的, 内部的"
charge,"n. 指控, 费用, 冲锋, 电荷, 炸药, 主管, 被托管人, 命令
vt. 控诉, 加罪于, 使充满, 使充电, 使承担
vi. 冲锋, 要价, 收费"
fare,"vi. 经营；进展；遭遇；过活
n. 票价；费用；旅客；食物
n. (Fare)人名；(瑞典)法勒；(法、意)法尔"
toll,"n. 通行费, 代价, 钟声
vt. 征收, 敲钟, 鸣钟, 勾引, 引诱
vi. 征税, 鸣钟"
fee,"n. 费用, 小费, 封地, 所有权
vt. 付费给"
decent,"a. 有分寸的, 得体的, 大方的"
fine,"n. 罚款, 罚金, 晴天, 精细
a. 好的, 晴朗的, 健康的, 细小的, 精细的
vt. 罚款, 精炼, 澄清
vi. 变清, 变细
adv. 很好
[计] 精细"
fine,"n. 罚款, 罚金, 晴天, 精细
a. 好的, 晴朗的, 健康的, 细小的, 精细的
vt. 罚款, 精炼, 澄清
vi. 变清, 变细
adv. 很好
[计] 精细"
penalty,"n. 处罚, 刑罚, 罚款, 罚球, 报应, 不利结果, 妨碍
[经] 罚金(款), 违约金"
guard,"n. 守卫者, 警戒, 护卫队, 防护装置
vt. 保卫, 看守, 当心
vi. 防止, 警惕, 警卫, 看守"
ward, 向…的
secure,"a. 无虑的, 安心的, 安全的, 可靠的, 保险的
vt. 固定, 获得, 保证, 使安全, 掩护, 招致
vi. 停止操作, 船抛锚"
flexible,"a. 易曲的, 灵活的, 柔顺的, 能变形的, 可通融的
[医] 能屈的"
clumsy,"a. 笨拙的, 不雅观的, 粗陋的"
rigid,"a. 坚硬的, 刚性的, 严格的, 精密的, 刻板的"
stiff,"a. 坚硬的, 严厉的, 呆板的, 生硬的, 刚强的, 强烈的, 粘的, 稠的, 艰难的
n. 死尸, 醉鬼, 钞票
vt. 不肯付...小费"
awkward,"a. 笨拙的, 棘手的"
frost,"n. 霜, 冰冻, 冷漠
vt. 覆着霜, 冻结, 结霜
vi. 受冻, 起霜"
hail,"n. 冰雹, 致敬, 欢呼, 招呼
vt. 向...欢呼, 致敬, 招呼, 使象下雹样落下
vi. 招呼, 下雹
interj. 万岁, 欢迎"
hail,"n. 冰雹, 致敬, 欢呼, 招呼
vt. 向...欢呼, 致敬, 招呼, 使象下雹样落下
vi. 招呼, 下雹
interj. 万岁, 欢迎"
headline,[经] 标题
entitle,"vt. 给...权利, 取名为, 给予名称, 叫做
[法] 给...权利, 使有资格, 称呼"
accumulate,"v. 积聚, 堆积"
stack,"n. 堆叠, 堆, 大量, 书库, 枪架, 烟囱, 堆积, 存贮栈
vt. 堆积, 堆满, 暗中对...做手脚
vi. 堆起
[计] 堆积, 堆栈"
heap,"n. 堆, 许多, 累积
vt. 堆积, 装满
[计] 堆"
flock,"n. 兽群, 鸟群, 一群人, 大量, 棉束
vi. 成群而行, 聚集
vt. 用棉束填满"
herd,"n. 兽群, 人群, 牧人
vt. 群集, 使成群, 放牧
vi. 聚在一起"
lap,[网络] 大腿；亮氨酸氨肽酶；左房压
lap,[网络] 大腿；亮氨酸氨肽酶；左房压
lap,[网络] 大腿；亮氨酸氨肽酶；左房压
limb,"n. 四肢, 枝干, 翼, 边缘
vt. 切断...之手足"
trunk,"n. 树干, 干线, 躯干, 主干, 象鼻, 箱子
vt. 把...放入旅行箱内
a. 树干的, 躯干的, 干线的, 箱形的
[计] 中继线; 母线"
stem,"n. 茎, 干, 柄, 船首, 血统, 堵塞物
vt. 摘掉茎, 装柄于, 阻止, 堵住, 逆行
vi. 堵住, 逆行"
handle,"n. 柄, 把手, 把柄, 柄状物, 手感
vt. 触摸, 运用, 买卖, 处理, 操作
vi. 搬运, 易于操纵
n. 句柄
[计] 句柄"
manipulate,"vt. 操纵, 利用, 操作, 巧妙地处理, 假造"
steer,"vt. 引导, 驾驶, 航行, 控制
vi. 驾驶, 掌舵, 行驶
n. 驾驶指示, 劝告"
mature,"a. 成熟的, 到期的, 充分考虑的
vt. 使成熟
vi. 成熟, 到期"
ripe,"a. 成熟的, 熟练的, 成年的
[医] 成熟的"
bare,"a. 赤裸的, 缺少的, 无遮蔽的, 坦率的
vt. 使赤裸, 露出"
naked,"a. 裸体的, 无装饰的, 无保护的, 赤贫的
[医] 裸露的"
passive,"a. 消极的, 被动的, 冷漠的, 顺从的, 无源的
[医] 被动的"
negative,"n. 否定, 否定语, 负数, 底片
a. 否定的, 消极的, 负的, 阴性的
n. 负数, 负值
[计] 负数, 负值"
positive,"a. 肯定的, 积极的, 有把握的
[医] 正的, 阳性的"
affirmative,"a. 肯定的, 赞成的, 积极的
n. 肯定语"
denial,"n. 否认
[法] 否定, 否认, 拒绝接受"
ignore,"vt. 不理睬, 忽视, 驳回, 忽略
[计] 忽略"
neglect,"n. 疏忽, 忽略, 漏做
vt. 疏忽, 忽视, 不顾"
overlook,"vt. 忽略；俯瞰；远眺；检查；高耸于…之上
n. 忽视；眺望"
inform,"身体好,竞技状态好"
notify,"vt. 通知, 通告, 报告
[计] 通知"
onion,"n. 洋葱
vt. 因洋葱使掉泪"
union,"n. 联盟, 联合, 结合, 工会
[化] 联合; 联管节; 活接头"
optimistic,"a. 乐观的, 乐观主义的, 乐天的"
pessimistic,"a. 悲观的, 厌世的, 悲观主义的"
decorate,v. 装饰
ornament,"n. 装饰, 点缀品, 教堂用品
vt. 装饰, 修饰"
furnish,"vt. 供给, 提供, 装设
[化] 供应; 供给; 配料"
curiosity,"n. 好奇心, 新奇的事物, 珍品"
handful,"n. 少数, 一把, 棘手事"
erect,"a. 直立的, 竖立的, 笔直的
vt. 使竖立, 使直立, 树立, 建立
vi. 勃起"
upright,"a. 正直的, 诚实的, 公正的, 垂直的, 竖式的
[化] 立杆"
vertical,"a. 垂直的, 直立的
[医] 垂直的, 顶的, 头顶的"
slope,"n. 倾斜, 斜坡, 斜率, 扛枪姿势
vt. 使倾斜, 弄斜, 扛
vi. 倾斜, 走, 逃走"
italic,"a. 斜体的
n. 斜体字, 斜体
[计] 斜体"
extraordinary,[网络] 寻常領域；超凡；非常规
extreme,"adj. 极端的；极度的；偏激的；尽头的
n. 极端；末端；最大程度；极端的事物"
utmost,"n. 极限, 最大限度, 极度
a. 极度的, 最远的"
vain,"a. 无价值的, 徒然的, 空虚的, 自负的, 愚蠢的"
valid,"a. 有确实根据的, 有法律效力的, 正当的, 正确的
[经] 有效的"
tube,"n. 管, 软管, 隧道
vt. 把...装管, 使通过管子
[计] 管子"
vessel,"n. 船, 容器, 脉管
[医] 管, 脉管, (容)器"
via,"prep. 取道，通过；经由
n. (Via)人名；(意、孟)维亚"
passport,n. 护照，通行证；手段
visa,"n. 签证
vt. 签发签证
n. (Visa)人名；(塞、芬)维萨"
sacrifice,"n. 牺牲, 供奉, 祭品
vt. 牺牲, 祭祀, 贱卖
vi. 献祭"
victim,"n. 受害人, 牺牲者, 牺牲品
[法] 受害人, 被害人, 遭难者"
reluctant,"a. 不情愿的, 勉强的
[法] 不愿的, 勉强的, 难以处理的"
voluntary,"a. 自动的, 自愿的, 故意的, 志愿的, 自发的
n. 自愿行动, 志愿者, 自由调"
volunteer,"n. 志愿者
a. 志愿的
v. 自愿"
sideways,[网络] 杯酒人生；向一边的；发球得分制
wayside,n. 路边
weed,"vt. 除草；铲除
n. 杂草，野草；菸草
vi. 除草
n. (Weed)人名；(英)威德"
weep,"n. 哭, 哭泣
vi. 哭泣, 流泪, 哀悼, 滴落
vt. 哭着使..., 悲叹, 滴下"
sweep,"n. 扫除, 打扫, 肃清, 视野, 范围, 全胜
vt. 扫除, 掸去, 猛拉, 扫荡, 肃清, 冲走, 刮起, 环视, 掠过, 扫射
vi. 扫, 打扫, 袭击, 席卷, 扫视, 掠过"
intelligence,[网络] 智力；理解力；智能
wit,"n. 机智, 智力, 头脑, 理智, 妙语, 机智的人"
wisdom,"n. 智慧, 明智行为, 学识, 名言, 贤人"
brain,"n. 脑
vt. 打碎脑部"
network,[机] 净功
web,[网络] 蜘蛛网；换为
webcast,n. 网路广播；网络广播；网络直播
ease,"n. 安乐, 安逸, 悠闲
vt. 使安乐, 使安心, 减轻, 放松
vi. 减轻, 放松, 灵活地移动"
anxiety,"n. 焦虑, 忧虑, 令人焦虑的事
[医] 焦虑"
democracy,"n. 民主政治, 民主主义
[法] 民主, 民主政治, 民主政体"
arbitrary,"a. 任意的, 武断的, 专治的, 霸道的"
vehicle,"n. 交通工具, 车辆, 传播媒介
[化] 载体; 运载体; 漆料"
automobile,n. 汽车
cab,"n. 出租车；计程车；的士；（公共汽车、火车、卡车的）驾驶室
abbr. 〈美(=Civil Aeronautics Board)民用航空局
v. 作弊
[网络] 醋酸丁酸纤维素(cellulose acetate butyrate)；出租汽车；出租马车"
van,"n. 货车, 篷车, 先锋, 前驱, 前卫
vt. 用货车搬运
[计] 增值网"
carriage,"n. 马车, 客车, 举止, 运输
[经] 搬运费, 运费"
wagon,"n. 四轮马车, 货车
[法] 囚车, 马车, 运货车"
waggon,"n. 运货车, 四轮运货马车, (英)铁路货车, 流动服务车, 小型客车, 囚车, 童车"
automate,"vt.vi. (使)自动化
[计] 自动化"
automatic,"n. 自动手枪, 自动机械
a. 自动的, 机械的, 必然的, 无意识的"
spontaneous,"a. 自然的, 自发的, 未经琢磨的
[医] 自发的, 特发的, 自生的"
awake,"a. 醒着的
vt. 唤醒, 唤起, 使意识到
vi. 醒来, 被唤起, 意识到"
waken,"vt. 唤醒, 使觉醒, 激发
vi. 觉醒, 醒来"
fearful,"a. 可怕的, 恐怕的, 担心的"
awful,"a. 可怕的, 庄严的, 虔敬的"
terror,"n. 恐怖, 可怕的人
[医] 惊吓, 惊悸"
bacteria,"pl. 细菌
[医] 细菌, [无芽胞]杆菌"
germ,"n. 细菌, 种子, 生殖细胞, 根源
[医] 芽胞, 胚, 胚芽, 病菌"
virus,"n. 病毒, 滤过性病毒, 毒害
[化] 病毒"
plague,"n. 瘟疫, 天罚, 麻烦, 灾祸
vt. 折磨, 使苦恼, 使得灾祸"
AIDS,"n. 爱滋病(获得性免疫缺陷综合征)
[计] 高级综合数据系统, 先进交互调试系统, 自动图解文档编制系统
美国决策学学会, 信息自动显示系统, 自动综合调试系统"
HIV,[网络] 电压
balance,[网络] 平衡；达到平衡
excess,"n. 过度, 剩于, 超过, 超额
a. 过量的, 额外的"
surplus,"n. 剩余, 过剩, 盈余
a. 过剩的, 剩余的"
shed,abbr. she had 她已经; she would 她可以
shed,abbr. she had 她已经; she would 她可以
barn,"n. 谷仓
[化] 靶(恩)(核反应截面单位)"
bay,"n. 海湾, 狗吠声, 月桂
vt. 吠, 使走投无路
vi. 吠"
gulf,"n. 海湾, 深渊, 漩涡, 隔阂
vt. 吞没"
exceed,"vt. 超过, 超越, 胜过
vi. 超过其他"
beyond,"prep. 超过, 在那一边, 迟于
adv. 在远处
n. 更远处"
overtake,"vt. 赶上；压倒；突然来袭
vi. 超车"
bribe,"n. 贿赂
vt. 贿赂, 收买
vi. 行贿"
bride,n. 新娘
mass,"n. 块, 大多数, 质量, 大量, 群众, 弥撒
a. 群众的, 大规模的, 整个的
vt. 使集合, 集中
vi. 聚集"
folk,"n. 人们, 家人, 亲属, 民族
a. 民间的"
resident,"n. 居民, 常驻程序, 居住者, 留鸟
a. 居留的, 定居的"
citizen,"n. 市民, 公民
[法] 公民, 国民, 市民"
citizenship,公民资格
inhabitant,"n. 居民, 居住者
[医] 居民"
code,"n. 代码, 密码, 法规, 法典
vt. 把...编码
[计] 代码"
password,"na. 【军】口令
[网络] 密码；重复密码；密码了"
mayor,[地名] 马约河 ( 阿根、秘 )
short-wave,无
missile,"n. 发射物, 导弹, 飞弹, 火箭
a. 可发射的"
rocket,"n. 火箭, 烟火
vi. 急升, 猛涨, 飞驰
vt. 用火箭运载"
eggplant, 茄
lavatory,"n. 洗脸盆, 厕所"
metric,"a. 公制的；米制的；公尺的
n. 度量标准"
nightmare,梦魇
breadth,"n. 宽度
[法] 违背, 违犯, 未遵守"
pine,"n. 松树, 松木
vi. 消瘦, 憔悴, 痛苦, 怀念, 渴望
[计] 邮件程序"
DVD,abbr. 数字化视频光盘（Digital Video Disk）
CD-ROM,无
VCD,[电] 可变电容二极体的简写
modem,"n. 调制解调器
[计] 调制解调器"
session,"n. 期间, 开庭期, 会议, 学期
[计] 会话, 对话, 会晤, 通用任务程序"
Internet,[网络] 互联网；因特网；网际网路
storage,"n. 存储器, 储藏, 保管, 库存, 仓库
[计] 存放处; 存储"
usage,[网络] 美国年龄
depict,"vt. 描述, 描写"
description,[网络] 描写；摹状词
descend,"vi. 下降, 世代相传, 屈尊, 袭击
vt. 下降"
ascend,"vi. 上升, 追溯, 登高
vt. 攀登"
current,"n. 涌流, 趋势, 流
a. 流通的, 现在的, 当前的, 流行的
[计] 当前的"
epidemic,"n. 传染病, 流行病
a. 流行的, 传染性的"
mutual,"a. 相互的, 共有的
[经] 相互的"
exclusive,"a. 排外的, 独占的, 唯一的
[计] 独占的"
diverse,"a. 不同的, 变化多的"
numerous,"a. 很多的, 数目众多的, 多数的
[机] 多数的, 甚多的"
fashion,na. comb. F. 加在名词之后
climate,"n. 气候, 社会趋势, 气候区
[医] 气候"
festival,"a. 节日的, 喜庆的, 快乐的
n. 节日, 庆祝, 欢宴"
weekday, 工作日
wander,"vi. 游荡, 漫步, 徘徊, 迷路, 离题, 蜿蜒
vt. 在...漫游"
roam,"v. 漫游, 闲逛, 徜徉
n. 漫步, 漫游"
harm,(T 接头之)H平面臂
injure,"[法] 在法律上, 依照法律"
injury,"n. 伤害, 侮辱
[医] 伤, 损伤"
worth,"adj. 值…的
n. 价值；财产
n. (Worth)人名；(英)沃思；(德)沃特"
worthwhile,"na. 有…的价值；有利益的
[网络] 值得；值得的；值得去做"
worthy,"suf. [构成形容词]表示：“值得…的”,“该…的”：praiseworthy,“适于…的”,“易于…的”：roadworthy"
tough,"n. 恶棍
a. 强硬的, 艰苦的, 坚固的, 坚韧的, 粗暴的, 咬不动的"
troublesome,"a. 麻烦的, 令人讨厌的"
impossible,"a. 不可能的, 难以置信的, 令人无法忍受的"
tick,"n. 滴答声, 一瞬间, 壁虱, 褥套, 信用, 赊欠
vi. 滴答响, 活动
vt. 滴答地记录, 标记号于"
click,"n. 咔哒声, 啪嗒声
vi. 作咔哒声
vt. 使发咔哒声
[计] 单击"
respective,"a. 分别的, 各自的"
solitary,"adj. 独自的；单独的；喜欢（或惯于）独处的；单个的
n. 独居者
[网络] 孤独的；唯一的；独居的"
solar,"a. 太阳的, 日光的, 源自太阳的
[医] 太阳的; 腹腔丛的"
lunar,[地名] 卢纳河 ( 巴西 )
seal,[网络] 那太简单了
seal,[网络] 那太简单了
signature,"n. 签字, 识别标志, 调号
[计] 签名附件"
impress,"n. 印象, 特征, 印记
vt. 使有印象, 印, 铭刻, 传送, 影响, 强征
vi. 给人印象"
appeal,"n. 恳求, 诉请, 上诉, 吸引力
vi. 呼吁, 诉请, 要求, 上诉, 有吸引力
vt. 将...上诉"
resort,vt. 使再分类
grant,"n. 授予, 授予物, 允许
vt. 允许, 承认, 授与
[计] 授权命令"
render,"vt. 回报, 给于, 付给, 汇报, 提出, 舍弃, 反映, 表示, 表演, 致使, 执行, 实施
vi. 给予补偿
n. 交纳, 打底"
remote,"a. 遥远的, 偏僻的, 疏远的, 微少的
[计] 远程, 远程访问实用程序"
nearby,"在…附近,接近,靠近"
relieve,"vt. 减轻, 救济, 解除, 使免除, 换...的班, 使得到调剂, 使不单调, 衬托, 使显著
vi. 救济, 当替补投手, 呈鲜明突出"
relief,"n. 减轻, 解除, 救济, 安慰, 调剂, 浮雕, 换班, (地势的)起伏
[医] 缓减, 减轻, 浮雕(绘画中)"
relevant,"a. 有关联的, 有关系的, 适当的, 相应的
[法] 有关的, 相关的"
relativity,"n. 有关系, 相关性, 相对性
[化] 相对性"
fatigue,"n. 疲乏, 疲劳
vt. 使疲劳, 使心智衰弱
vi. 疲劳
a. 疲劳的"
exhaust,"n. 排气, 排气装置, 废气
vt. 抽完, 用尽, 耗尽, 使精疲力尽
vi. 排气"
refresh,"vt. 使清新, 使恢复, 使生气蓬勃
vi. 提起精神, 恢复精神, 吃点心, 喝饮料
vt. 刷新, 重新整理
vi. 刷新, 重新整理
[计] 刷新, 重新整理"
fury,"n. 愤怒, 狂暴, 狂怒的人
[医] 狂乱, 狂暴, 狂怒"
rage,"n. 愤怒；狂暴，肆虐；情绪激动
vi. 大怒，发怒；流行，风行
n. (Rage)人名；(丹)拉厄"
pregnant,"a. 怀孕的, 充满的, 思想丰富的, 成果丰硕的
[医] 妊娠的, 有孕的"
conceive,"vt. 构思, 认为
vi. 怀孕"
lag,[网络] 有负荷代理
postpone,"vt. 延迟, 使延期, 缓办, 搁延
vi. 延缓, 延缓发作"
poll,"n. 投票, 民意测验, 选举投票, 投票数, 一组人中的一个, 头颈和后脑部, 鹦鹉
vt. 对...进行民意测验, 获得...票, 剪树枝, 轮询
vi. 投票
a. 剪过毛的, 修过枝的
[计] 轮询"
vote,"n. 投票, 选举, 选票, 表决, 选举权, 得票数
vi. 投票, 选举
vt. 投票选举, 投票决定, 公认, 使投票"
opportunity,"n. 机会, 时机"
odds,"n. 可能性, 几率, 机会, 胜算, 不平等"
necessarily,"adv. 必然地, 必须地, 必要地"
necessity,"n. 需要, 必需品, 必然
[法] 必要性, 必然性, 必要"
mushroom,"n. 蘑菇形物, 蘑菇, 暴发户
vi. 迅速生长, 迅速增加, 采蘑菇
a. 蘑菇形的, 迅速生长的"
smooth,"adj. 平整的；平坦的；平滑的；光滑的
n. 抚平；〈美〉平地；草原；一角银币
v. 使平整；使平坦；使平滑；使光滑
adv. 同“smoothly. a smooth skin”
[网络] 流畅；平顺；平静的"
message,"n. 消息, 通讯, 讯息, 教训, 预言, 广告词
vt. 通知
vi. 通报, 报告, 报信
[计] 报文; 消息; 信息"
cargo,"n. 货物
[经] 货柜"
checkpoint,[电] 核对点
cowboy,n. 牛仔；牧童；莽撞的人
countdown,"倒读数, 用倒数方式计算
[经] 倒数, 递减计算"
dropout,"掉出, 退出, 离队
[机] 落砂"
greenhouse, 温室，陶瓷生坯存放室
horsepower,"[计] 马力
[经] 马力"
household,"n. 家眷, 家务, 王室
a. 家务的, 家常的"
motorbike,n. 摩托车
feasible,"a. 能实行的, 可行的, 适宜的
[法] 可行的, 可执行的, 可完成的"
indispensable,"n. 不可缺少之物
a. 不可缺少的, 责无旁贷的, 绝对必要的"
portable,"a. 可携带的, 可搬运的, 可移动的
[计] 可移植的"
preferable,"a. 更可取的, 更好的, 更合意的"
sample,"n. 样品, 范例, 样本
vt. 抽样, 尝试
[计] 示例, 字样"
specimen,"n. 样品, 标本, 试料
[化] 试样"
fossil,"n. 化石, 古物
a. 化石的, 陈腐的, 守旧的"
grind,"n. 磨, 碾, 苦差, 摩擦声, 用功的学生
vt. 磨擦, 磨碎, 磨光, 折磨, 压榨
vi. 磨, 磨碎, 苦干"
press,"vt. 压；按；逼迫；紧抱
vi. 压；逼；重压
n. 压；按；新闻；出版社；[印刷] 印刷机
n. (Press)人名；(英、德、俄、西、瑞典)普雷斯"
squeeze,"n. 紧握, 挤, 榨, 榨取, 佣金
vt. 紧握, 挤, 榨取
vi. 压榨, 榨"
pinch,"n. 捏, 拧, 撮, 少量, 收缩, 挤压, 夹痛, 苦恼, 逮捕, 指控, 匮乏, 紧急关头
vt. 捏, 拧, 掐, 挤压, 修剪, 使困苦, 使萎缩, 节制, 少量加入, 逮捕, 勒索
vi. 收缩, 节省, 挤压, 引起苦恼"
mobile,[网络] -移动
dynamic,"a. 动态的, 有活力的, 有力的, 动力的, 不断变化的
n. 动力, 动态
[计] 动态的"
static,"a. 静态的；静电的；静力的
n. 静电；静电干扰"
stable,"n. 马房, 牛棚
a. 稳定的, 安定的, 坚固的, 坚定的
vt. 赶入马房
vi. 被关在马厩"
stable,"n. 马房, 牛棚
a. 稳定的, 安定的, 坚固的, 坚定的
vt. 赶入马房
vi. 被关在马厩"
stress,"suf. [用于表示阴性] =-ster:seamstress,songstress"
emphasize,"vt. 强调, 加强语气, 着重"
emphasis,"n. 强调, 加强, 重点, 强语气"
highlight, 图像最亮部分，高度光泽，高亮度
ridge,"n. 脊, 山脊, 山脉
[医] 嵴, 脊, 棱线"
mount,"n. 乘骑用马, 框, 衬纸, 山
vi. 乘马, 爬上, 增长
vt. 爬上, 使上马, 装上, 装裱, 安放, 制作...的标本, 设置, 上演
[计] 安装"
peak,"n. 山峰, 巅, 山顶, 顶点, 尖峰, 帽舌
a. 最高的, 最大值的
vi. 到达最高点, 消瘦, 变憔悴, 逐渐缩小
vt. 使竖起, 使达到最高点"
summit,"n. 顶点, 最高阶层, 最高级会议
a. 政府首脑的, 最高级的"
height,"n. 高度, 海拔, 高地, 顶点
[化] 高度"
inferior,"a. 次等的, 较差的, 下方的, 下级的
n. 部下, 次品, 下标(符号)"
superior,"n. 长者, 占优势的人, 上级
a. 上级的, 出众的, 高傲的"
minus,"n. 负号, 不足
a. 减的, 负的, 阴性的
prep. 减, 缺
[计] 负差"
deduct,[网络] 扣除
subtract,"vt. 减去, 扣掉, 减少
vi. 做减法
[计] 减"
plus,"prep. 加上, 加, 外加
a. 正的, 附加的
n. 正号, 加号, 附加额, 正数, 增益
[计] 正差"
supplement,"vt. 增补，补充
n. 增补，补充；补充物；增刊，副刊"
convince,"vt. 说服, 使相信
[法] 使确信, 使信服, 使人认识错误"
persuade,"vt. 劝, 使相信, 恳求, 敦促, 说服
vi. 劝服, 被说服"
suspect,"n. 被怀疑者, 嫌疑犯
a. 令人怀疑的, 不可信的, 可疑的
v. 怀疑, 猜想"
doubt,"n. 怀疑, 疑惑
v. 怀疑, 不信"
certainty,"n. 确定, 确实的事情
[法] 确定, 肯定, 必然的事"
proceed,"vi. 继续进行, 进行, 开始, 发出, 起诉
[法] 所得, 收入, 收益"
continuous,"a. 连续的, 继续的, 连续不断的
[计] 连续的"
suspend,"vt. 悬, 吊, 使悬浮, 暂停, 中止, 推迟
vi. 暂停, 中止, 悬浮, 停止偿付债务
[计] 暂停"
swell,"n. 增大, 隆起的部分, 巨浪, 肿胀
a. 优秀的, 一流的
vi. 增大, 膨胀, 肿胀, 增强, 骄傲
vt. 使膨胀, 使增大, 使上涨, 使骄傲"
filter,"n. 滤波器, 过滤器, 滤光器, 过滤嘴, 去尘器
vt. 过滤, 渗透, 走漏
vi. 滤过, 渗入
[计] 过滤器, 筛选"
strain,"n. 紧张, 拉紧, 张力, 过劳, 扭伤, 血缘, 种, 族, 气质, 曲调, 旋律, 口吻
vt. 使劳累, 拉紧, 过分使用, 扭伤, 滥用, 曲解, 滤
vi. 尽力, 努力, 紧拉, 弯曲, 被滤出"
tension,"n. 紧张, 不安, 拉紧, 张力, 压力, 电压
vt. 拉紧, 使紧张"
relax,"vi. 放松, 松懈, 松弛, 变从容, 休息, 休养
vt. 使松弛, 缓和, 使松懈, 使休息"
absolute,"a. 绝对的, 专制的, 完全的, 独立的
n. 绝对事物"
utter,"a. 全然的, 绝对的, 完全的
vt. 发出声音, 做声, 发表, 发射, 流通"
thorough,"a. 十分的, 彻底的"
sheer,"a. 绝对的, 全然的, 纯粹的, 透明的, 峻峭的
vi. 偏转, 偏航
vt. 使急转向, 使偏航
adv. 完全, 全然, 峻峭
n. 偏航"
string,"n. 线, 细绳, 一串, 字符串
vt. 串起, 成串, 收紧, 缚, 扎
vi. 成一串
[计] 字符串, 串"
thread,"n. 线, 丝, 纤维, 线索
vt. 穿线于, 穿过, 通过, 用线穿成
vi. 穿过
[计] 线索, 线程"
tolerate,"vt. 宽容, 容许, 有耐力"
suffer,"vt. 遭受, 经历, 忍受
vi. 受痛苦, 受损害"
torture,"n. 拷问, 苦闷
vt. 拷问, 曲解, 折磨, 使弯曲"
rack,"n. 架, 行李架, 饲草架, 搁物架, 痛苦, 折磨, 齿条, 行云团
vt. 把...放在架上, 在架上制作, 折磨, 使痛苦, 压榨, 榨取, 猛烈撕拉, 拷问
vi. 变形, 倾斜, (云)随风飘, (马)小步跑
[计] 机架"
dialect,"n. 方言, 同源语"
accent,味精(商品名)
volume,"n. 册, 卷, 体积, 容量, 大量, 许多, 份量, 音量
vi. 成团卷起
vt. 把...收集成卷
a. 大量的
[计] 卷"
tone,"n. 音调, 音质, 语调, 语气, 色调, 气氛, 状况, 思想状态
vt. 给...定色调, 增强, 使...的声调和谐, 定音调
vi. 颜色调和
[计] 双音频"
rhythm,"n. 旋律, 节奏, 韵律, 匀称, 张弛节律
[医] 节律"
commerce,"n. 商业, 商务, 贸易
[经] 商业, 贸易, 商务"
trade,"n. 贸易, 商业, 交易, 生意, 职业, 顾客, 信风
vi. 进行交易, 做买卖, 经商, 对换, 购物
vt. 用...进行交换"
trace,"n. 痕迹, 踪迹, 微量, 迹线, 缰绳
vt. 追踪, 回溯, 描绘
vi. 追溯, 沿路走"
track,"n. 轨迹, 足迹, 径迹, 小道, 轨道, 磁轨, 途径
vt. 循路而行, 追踪, 通过, 用纤拉
vi. 追踪, 留下足迹, 沿轨道运行
[计] 跟踪"
trail,"n. T形钢轨
[网络] 骨牵引用"
shift,"n. 变化, 移动, 轮班, 手段, 应急办法, 移位
vt. 替换, 转移, 改变, 推卸, 变速
vi. 转换, 移动, 转变, 推托, 变速
[计] DOS内部命令:该命令可将批处理参数向左移动一个位置"
transfer,"n. 迁移, 移动, 传递, 转让, 转移, 过户, 汇兑, 换车
vt. 使转移, 调转, 调任, 改变, 传递, 转让
vi. 转移, 转学, 转职, 换车
[计] 传送"
nonsense,"n. 胡说；废话
a. 荒谬的
int. 胡说！"
garbage,"n. 垃圾, 废物
[计] 无用信息"
trash,"n. 垃圾, 废物
vt. 丢弃"
dustbin,垃圾箱
accord,"n. 一致, 调和, 协定
vt. 给与, 使一致
vi. 相符合"
concert,"n. 音乐会, 和声, 一致
vt. 协力, 协调
vi. 协力
[计] 美国北卡罗来纳州Internet网"
agreement,"n. 同意, 合约, 协议
[经] 契约, 协议, 协定"
treaty,"n. 条约, 谈判
[经] 协议, 协定, 协商"
nursery,"n. 托儿所, 苗圃, 温床
[医] 婴儿室, 托儿所"
flash,"n. 闪光, 闪现, 一瞬间
vi. 闪光, 闪现, 反射
vt. 使闪光, 反射"
miracle,"n. 奇迹, 奇事"
reverse,"n. 相反, 背面, 倒退, 挫折, 失败
a. 反面的, 相反的, 反向的, 颠倒的
vt. 使颠倒, 使逆转, 使倒退, 使反向
vi. 倒退, 反向, 倒转, 反转
[计] 反转"
screw,"n. 螺旋, 螺杆, 螺钉, 螺旋桨, 吝啬鬼
vt. 调节, 扭紧, 旋, 拧, 加强, 压榨, 勒索
vi. 转动, 旋, 拧"
chamber,"n. 室, 房间, 枪膛
vt. 装(弹药), 把...关在室内
a. 室内的"
candidate,n. 候选人，候补者；应试者
applicant,"n. 申请者
[经] 申请人, 请求人, 谋事人"
apply,"vt. 涂, 应用
vi. 申请, 适用"
employ,"n. 雇用
vt. 雇用, 使用, 使从事于"
loop,"n. 环, 圈, 弯曲部分, 循环
vt. 使成环, 以圈结, 以环连结
vi. 打环, 翻筋斗
[计] 循环"
circular,"a. 圆形的, 循环的, 间接的
[医] 环状的, 循环的"
oval,"n. 椭圆形
a. 卵形的, 椭圆形的"
client,"n. 客户, 顾客, 委托人
[计] 客户, 客户机, 客户机程序"
customer,"n. 消费者
[化] 顾客"
fancy,"n. 想象力, 幻想, 喜好
a. 想象的, 精美的, 新奇的, 奇特的, 高价的, 特级的
vt. 想象, 设想, 相信, 喜爱
vi. 想象, 幻想"
fantasy,"n. 幻想, 想象的产物
[医] 幻想"
clockwise,"顺时针向；顺时钟[方]向, 顺时针方向"
anticlockwise,反时针的；逆时针方向旋转
confident,"a. 有信心的, 有把握的"
confidence,[网络] 有自信
despair,"n. 绝望, 失望
vi. 绝望"
determine,"v. 决定, 决心"
hesitate,"vi. 犹豫, 迟疑, 踌躇, 支吾, 停顿"
practice,"n. 实践, 练习, 实行, 惯例, 习惯, 开业
v. 实践, 实行, 练习, 实习, 业务"
theory,"n. 理论, 学说, 原理, 意见, 推测
[化] 理论"
dip,"v. 浸, 降下, 把(手、勺等)伸入, 舀取
n. 浸, 涉猎
[计] 双列直插式组件, 分布式输入输出系统, 双排直插封装"
soak,"vt. 吸收，吸入；沉浸在（工作或学习中）；使……上下湿透
vi. 浸泡；渗透
n. 浸；湿透；大雨"
episode,"n. 插曲, 插话, 有趣的事件, 一段情节
[医] 插话, 插曲, 发作"
series,"n. 串联, 序列, 连续, 系列, 丛书, 套, 级数, 组
[计] 系列"
train,"n. 火车, 列车, 行列, 长队, 一连串的后果, 顺序
vt. 训练, 教育, 对准
vi. 受训练, 锻炼"
burden,"n. 负担, 重载, 担子, 责任
vt. 装货于, 烦扰, 使负担"
exert,"vt. 发挥, 运用, 施以影响
[法] 施加, 产生, 行使"
tax,"n. 税, 税款, 重负, 会费
vt. 课以税, 使负重荷, 斥责"
clip,"n. 修剪, 夹子, 回形针, 剪下来的东西
vt. 修剪, 痛打, 夹牢, 剪报
vi. 剪报"
pin,[网络] 销
curriculum,"n. 课程
[医] 课程, 学程"
course,"adv. 〈口〉当然
n. 过程；航向；球场；【教】课程
v. (某种液体)流下；(某种感觉)突然变得很强烈；(带着猎犬)打猎
[网络] 一道菜；路线；经过"
chill,"n. 寒冷, 寒意, 失意
a. 寒冷的, 冷漠的
vt. 使寒心, 冷冻
vi. 变冷"
fever,"n. 发烧, 发热, 热病
[医] 发热, 热"
tropical,"a. 热带的, 热情的
[医] 热带的"
fax,[计] 传真类型图像
fix,[网络] -固定
familiar,"a. 熟悉的, 常见的, 亲密的
n. 熟友, 常客"
intimate,"a. 亲密的, 私人的, 秘密的
vt. 暗示, 通知, 告诉
n. 至交"
intimate,"a. 亲密的, 私人的, 秘密的
vt. 暗示, 通知, 告诉
n. 至交"
county,"n. 县, 郡"
province,"n. 省, 地方, 职权, 领域
[法] 省, 地方, 领域"
heave,"n. 举, 抛, 起伏, 鼓起
vt. 用力举起, 使举起, 使鼓起
vi. 抛出, 起伏, 喘息, 凸起"
raise,"n. 上升, 高地, 增高
vt. 升起, 举起, 唤起, 提高, 使出现, 使复活, 提出, 筹集, 饲养"
narrative,"n. 叙述, 故事
a. 叙述的, 叙事的, 故事体的"
relate,"vt. 讲, 叙述, 使互相关联
vi. 有关, 符合, 相处得好"
compensate,"v. 偿还, 补偿, 付报酬"
damage,"n. 损害, 伤害
v. 损害"
ruin,"n. 毁灭, 推翻, 废墟
vi. 毁灭, 衰败, 破坏, 破产, 堕落
vt. 使毁灭, 毁坏, 使破产"
spoil,"n. 战利品, 赃物, 奖品, 变质, 次品
vt. 损坏, 破坏, 溺爱
vi. 腐坏, 掠夺"
wreck,"n. 失事, 残骸, 破坏
vt. 使失事, 拆毁, 破坏
vi. (船)失事, 营救失事船只"
repair,"vi. 修理；修复
vt. 修理；恢复；补救, 纠正
n. 修理, 修补；修补部位"
patch,"n. 片, 补缀, 碎片, 斑, 傻瓜
vt. 补缀, 掩饰, 拼凑, 平息
[计] 修补; 拼凑"
piece,"comb.  表示""...件数的""； adj. 块的；与数词连用形成形容词指某物由特定数量的品目组成"
flavor,"n. 滋味, 调味品
vt. 加味于"
flavour,"香料,香味"
taste,"n. 味道, 品味, 味觉, 感受, 体验, 爱好, 审美, 少量
vt. 尝, 察觉...的味道, 体会
vi. 品尝, 察觉味道, 有某种味道"
interpret,"vt. 解释, 演出, 翻译, 理解
vi. 翻译, 解释"
translate,[网络] 翻译
concern,[网络] 关心；关系
indifferent,"a. 漠不关心的, 无重要性的, 中立的
[医] 中性的, 无作用的, 无亲和力的, 淡漠的"
format,"n. 开本, 版式, 形式, 格式
vt. 格式化
[计] 格式; DOS外部命令:对磁盘进行格式化"
mold,"n. 模子, 模型, 霉
v. 形成, 塑造, 发霉"
mould,"霉菌，模具, 霉菌；模型"
mode,"n. 模态, 调式, 样式, 文体, 状态, 方式, 风尚
[计] 方式; DOS外部命令:设定各种设备命令"
pattern,[网络] 实地调查和抽样
pond,"n. 池塘
v. 筑成池塘"
pool,"n. 池, 水塘, 石油层, 联营
vt. 合伙经营, 共享, 采掘, 汇聚成
vi. 汇合成塘, 淤积, 联营"
reservoir,"n. 贮水池, 贮藏处, 贮备, 水库
vt. 储藏"
appetite,"n. 食欲, 欲望, 爱好
[医] 食欲"
diet,"n. 日常饮食, 议会
vt. 照规定饮食
vi. 忌食"
thirst,"n. 口渴, 渴望
vi. 口渴, 渴望"
gradual,"a. 逐渐的, 渐增的
n. 弥撒升阶圣歌"
haste,"n. 匆忙, 急忙"
accompany,"vt. 陪伴, 伴随, 补充, 为...伴奏
vi. 伴奏, 伴唱"
follow,"vt. 跟随；遵循；追求；密切注意，注视；注意；倾听
vi. 跟随；接着
n. 跟随；追随"
hollow,"n. 洞, 窟窿, 山谷
a. 空的, 虚伪的, 空腹的, 凹的
vi. 形成空洞
vt. 挖空"
tuberculosis,"n. 肺结核
[医] 顿挫性结核"
ambulance,"n. 救护车
[医] 救护车"
healthcare, 卫生保健
dose,"n. 剂量, 服用量
vt. 给药, (用药)医治
vi. 服药"
poison,"n. 毒药, 毒, 毒物, 有毒害的事物
vt. 毒害, 毒杀, 使中毒
vi. 放毒, 下毒"
butterfly,"n. 蝴蝶
[医] 蝶式棉块, 翼形皮癣, 纸蝶"
dolphin,n. 海豚
giraffe,"n. 长颈鹿, 鹿豹座"
mosquito,"n. 蚊子
[医] 蚊"
pigeon,"n. 【鸟】鸽子；〈非正式〉易受骗的人；〈非正式〉责任
[网络] 贝亲；野鸽；白鸽"
rabbit,"n. 兔子
vi. 猎兔
vt. 让...见鬼去"
rat,[网络] 抽油杆和油管；冲压空气涡轮；大老鼠
sparrow,n. 麻雀
spider,"n. 蜘蛛, 设圈套者
[化] 星形轮"
wildlife,n.  野生动物<br />a.  野生动植物的
evil,"n. 邪恶, 不幸, 罪恶
a. 邪恶的, 不幸的, 有害的, 讨厌的"
wicked,"a. 坏的, 邪恶的, 缺德的, 刻毒的, 恶劣的, 淘气的"
goodness,"n. 仁慈, 善良"
charity,"n. 慈悲, 博爱, 慈善团体, 施舍
[法] 宽大, 宽恕, 慈善机关"
mercy,"n. 仁慈, 宽恕, 慈悲, 怜悯, 幸运
[法] 权宜处置权, 决定权, 宽恕"
boast,"n. 吹牛
vi. 吹牛, 自夸
vt. 夸口说, 自恃有"
exaggerate,"v. 夸大, 夸张"
exchange,"n. 交换, (电话)交换局, 交换机, 汇兑, 交易所
v. 交换, 交易, 兑换
[计] 交换; 电话局"
switch,"n. 开关, 电闸, 转换, 软枝, 鞭子, 道岔
vt. 转变, 切换, 摆动, 转换, 使转轨
vi. 转换, 变换, 摆动
[计] 交换机；开关; 翻转; 转移"
explicit,"a. 详述的, 清楚的, 直言的"
implicit,"a. 暗示的, 含蓄的, 固有的, 绝对的
[经] 不讲明的, 含蓄的"
vague,"a. 含糊的, 不清楚的, 茫然的"
extent,"n. 范围, 程度, 区域
[计] 范围"
range,"n. 排, 行, 山脉, 范围, 行列, 射程
vt. 排列, 归类于, 使并列, 放牧
vi. 平行, 延伸, 漫游
[计] 量程; 范围; 域; 距离"
span,[=starch-polyacrylonitrile]淀粉-聚丙烯腈
distinguish,"v. 区别, 辨别"
extinguish,"vt. 熄灭, 使消亡, 压制, 使减色
[医] 消灭"
particular,"n. 一项(或条、点), 个别项目, 详细说明
a. 特别的, 独有的, 挑剔的, 详尽的"
specific,"a. 特殊的, 特定的；明确的；详细的；[药] 具有特效的
n. 特性；细节；特效药"
facilitate,"vt. 使容易, 促进, 帮助
[法] 使容易, 使便利, 推进"
promote,"vt. 促进, 晋升, 创办, 推销
[经] 促进, 推广, 推销"
urge,"n. 冲动, 推动力, 迫切的要求
vt. 驱策, 力劝, 竭力主张, 推动
vi. 强烈要求"
lightning,"n. 闪电
vi. 闪电
a. 闪电的"
swift,"swift
[swift]
adj.
迅速的，快速的，快速进行的
突然发生的；立刻的
敏捷的，反应快的
立即作出的，到来(或作出)得快的；短暂的
机警的；动辄…的(与 to 连用)
adv.
[多用以构成复合词]快，迅速地；敏捷地
n.
【鸟类】雨燕科(Apodidae)鸟类
[亦作 swift moth,ghost moth]【昆虫】蝙蝠蛾[蝙蝠蛾科(Hepialidae)蛾]
【动物】(爬行迅速的)小蜥蜴( = spiny lizard)
【纺织业】
绷架；纱框；箴子
(梳棉机等的)大滚筒；大锡林
变形：
adj.
swifter
. swiftest"
prompt,"n. 激励, 提示, 提醒物, 提词, 付款期限
a. 迅速的, 敏捷的, 立刻的, 提词员的
vt. 激励, 鼓动, 提示
adv. 准时地
[计] 提示符; DOS内部命令:设定DOS命令行的提示符"
instant,"n. 立即, 瞬间
a. 紧急的, 立即的, 即时的"
facility,"n. 容易, 灵巧, 设备
[计] 设施; 设备; 装备"
convenience,"n. 方便, 便利的事物, 方便的时候"
device,"n. 装置, 设计, 策略, 发明物, 设备
[计] 设备; DOS内部命令:该命令要求DOS安装一个设备驱动程序"
equip,"vt. 装备, 配备
[机] 设备, 装置"
machinery,"n. 机器, 机械装置, 机构
[化] 机械"
instrument,"n. 工具, 手段, 仪器
[化] 仪器"
appliance,"n. 器械, 用具, 应用
[医] 矫正器; 器"
implement,"n. 工具, 器具, 手段
vt. 实现, 使生效, 执行"
kit,"n. 装备, 工具箱, 成套工具
[计] 成套部件; 成套零件"
factor,"n. 因素, 因数, 系数, 基因, 代理人
[计] 因式"
element,"n. 元件, 元素, 要素
[计] 部分; 成分; 单元; 码元; 元件; 元素; 单元"
ingredient,"n. 成分, 因素
[化] 配合剂; 拼料; 成分; 组分"
faithful,"a. 忠实的, 详确的, 可靠的
n. 信徒"
loyal,"a. 忠诚的, 忠实的, 忠贞的"
betray,"vt. 出卖, 背叛, 辜负, 暴露
[法] 出卖, 背叛, 泄漏"
fantastic,[网络] 电扇探密
peculiar,"a. 奇特的, 罕见的, 特殊的, 特别的
n. 特有财产, 特权"
marvelous,"a. 令人惊异的, 了不起的, 不平常的"
marvellous,"a. 奇异的, 神奇的, 奇迹般的, 惊人的, 不可思议的, 绝妙的, 妙极的"
coarse,"a. 粗糙的, 下等的, 粗俗的
[计] 粗略的"
harsh,"a. 粗糙的, 刺耳的, 严厉的
[法] 粗糙的, 严厉的, 苛刻的"
economics,"n. 经济学
[经] 经济学"
economic,"a. 经济上的, 实用的, 节省的
[经] 经济的"
economical,济的，节省的
grasp,"v. 理解；领会；抓紧；明白
n. 领会；紧握；控制；紧抓
[网络] 抓住；掌握；抓牢"
grip,"n. 紧握, 柄, 握力, 握手方式, 手提包, 掌握, 支配, 控制
vt. 抓紧, 抱住, 吸住, 掌握
vi. 握牢, 有吸引力"
reckon,"vt. 计算, 总计, 估计, 认为, 猜想
vi. 数, 计算, 估计, 依赖, 料想"
credit,"n. 信用, 信任, 荣誉, 贷款, 学分
vt. 归功于, 赞颂, 信任, 相信
[计] 信用量"
trust,"n. 信任, 信赖, 相信, 受托, 职责, 信心, 托拉斯
a. 信托的, 托拉斯的
vt. 信赖, 信任, 相信, 盼望, 赊卖给
vi. 相信, 信赖, 依靠
[计] 委托, 信任"
incredible,a. 难以置信的
rely,"vi. 信赖, 依赖, 信任"
depend,"vi. 靠, 视...而定, 信赖"
reliable,"a. 可靠的, 可信赖的
[法] 可靠的, 可信赖的, 确实的"
responsible,"a. 有责任的, 负责的, 责任重大的
[法] 应负责任的, 有责任的, 能履行责任的"
estimate,"n. 估计, 判断
vt. 估计, 评价, 判断
vi. 估计"
evaluate,"vt. 评估, 评价, 赋值"
equation,"n. 相等, 等式, 平衡
[化] 方程式; 等式; 反应式; 公式"
formula,"n. 客套语, 公式, 准则
[计] 公式"
fulfil,"vt. 实践, 履行, 实行, 完成, 结束, 满足
[经] 履行(契约), 满期"
fulfill,"vt. 实践, 履行, 实行, 完成, 结束, 满足
[法] 履行, 完成, 达到"
satisfy,"vt. 使满意, 满足, 符合, 使确信, 赔偿
vi. 令人满意, 替人赎罪"
satisfactory,"a. 满意的, 赎罪的
[法] 令人满意的, 令当事人满意的, 充分的"
wrinkle,"n. 皱纹, 妙计, 方法, 技巧
vi. 起皱
vt. 使起皱纹"
frown,"n. 皱眉
vi. 皱眉头
vt. 皱眉表示"
asset,"n. 资产, 有益的东西"
estate,"n. 不动产, (人生的)阶段, 阶层, 财产
[经] 房地产, 遗产, 财产"
belongings,"n. 财产, 所有物, 相关事物
[经] 财产, 所有物, 附属物"
property,"n. 财产, 所有权, 性质, 属性
[计] 属性"
tendency,"n. 趋向, 倾向
[医] 趋向, 趋势"
trend,"n. 趋势, 倾向, 走向
vi. 倾向, 转向
[计] 趋势"
tide,[网络] -浪潮
liable,"a. 有义务的, 应负责的, 有...倾向的
[法] 有责任的, 可受处理的, 应受罚的"
failure,[化] 事故; 失效
triumph,"n. 凯旋, 胜利, 欢欣
vi. 得胜, 成功"
succeed,"vi. 成功, 继承, 继续
vt. 继承, 接替"
wind,"n. 风, 气息, 气味, 呼吸, 风声, 趋势, 空谈, 卷绕, 弯曲
vt. 使通风, 嗅出, 使喘气, 吹号角, 上发条, 缠绕, 包, 绞起, 吊起, 使弯曲, 使迂回
vi. 嗅出猎物, 吹响号角, 卷曲, 蜿蜒, 迂回, 缠绕"
wind,"n. 风, 气息, 气味, 呼吸, 风声, 趋势, 空谈, 卷绕, 弯曲
vt. 使通风, 嗅出, 使喘气, 吹号角, 上发条, 缠绕, 包, 绞起, 吊起, 使弯曲, 使迂回
vi. 嗅出猎物, 吹响号角, 卷曲, 蜿蜒, 迂回, 缠绕"
twist,"n. 一扭, 扭曲, 曲折, 歪曲, 螺旋状, 新手法
vt. 拧, 扭, 捻, 编织, 使扭转, 缠绕, 盘绕, 歪曲, 使转动, 使苦恼, 使混乱, 使旋转
vi. 转向, 弯曲, 缠绕, 扭动, 呈螺旋形"
curve,"n. 曲线, 弯曲, 曲线球
vt. 弯, 使弯曲
vi. 成曲形"
leak,"n. 漏洞, 漏处, 漏出, 泄漏
vi. 漏, 泄漏
vt. 使渗漏"
reveal,"vt. 露出, 显示, 透露, 揭露, 泄露, (神)启示
n. 窗侧, 门侧"
emerge,"vi. 浮现, 形成, 出现, (事实)显露"
reflect,"vt. 反射, 反映, 招致, 深思
vi. 被反射, 映出, 深思, 考虑, 指责"
represent,"vt. 代表；表现；描绘；回忆；再赠送
vi. 代表；提出异议"
indicate,"vt. 显示, 象征, 指示, 指出
[医] 指示"
signal,"n. 信号, 暗号, 近因, 导火线
vt. 向...作信号, 标志, 用信号通知
vi. 发信号
a. 作为信号的, 显著的
[计] 信号"
expose,"vt. 使暴露, 使曝光, 揭穿, 陈列
[医] 暴露, 露置"
exposure,"n. 暴露, 揭发, 揭露
[化] 曝光量; 照射; 照射量"
develop,"vt. 发展, 使发达, 进步, 洗印, 显影
vi. 发展, 生长"
uncover,"vt. 揭露, 揭开, 暴露, 脱帽致敬
vi. 脱帽致敬, 揭去盖子"
veil,"n. 面纱, 面罩, 借口, 幕, 帐, 遮蔽物
vt. 戴面纱, 隐藏, 遮蔽, 掩饰
vi. 蒙上面纱"
screen,"n. 幕, 银幕, 屏风, 掩蔽物, 屏蔽, 筛子
vt. 掩蔽, 放映, 拍摄, 掩护, 筛, 甄别
vi. 拍电影
[计] 筛选; 屏幕"
shade,"n. 荫, 阴暗, 遮光物, 灯罩, 帘, 浓淡, 微量, 底纹
vi. 渐变
vt. 使阴暗, 使渐变, 遮蔽, 微减
[计] 底纹"
demonstrate,"vt. 示范, 证明
vi. 示威"
illustrate,"vt. 举例说明, 作图解, 阐明
vi. 举例说明"
rural,"a. 乡下的, 田园的, 乡村风味的
[法] 农村的, 乡村的, 有关农业的"
urban,"a. 都市的, 住在都市的, 习惯于都市的
[法] 城市的, 都市的, 市区的"
suburb,"n. 市郊住宅区, 郊区, 边缘"
fade,"vi. 褪色, 消失, 凋谢
vt. 使褪色
n. 淡入, 淡出
a. 平淡的"
vanish,"vi. 消失, 不见, 成为零"
hazard,"n. 冒险, 危险, 机会
vt. 冒...的危险, 赌运气, 使冒危险
[计] 相关危险; 冒险"
risk,"n. 冒险, 危险, 保险额
vt. 冒...的危险, 冒险干"
venture,"n. 冒险, 风险
vt. 敢于, 冒...的危险
vi. 冒险"
chance,"n. 机会, 意外, 可能性
vi. 偶然发生
vt. 冒险"
confirm,"vt. 证实, 确定, 批准, 使巩固
[计] 确认"
verify,"vt. 证明, 查证, 证实, 检验, 校验
[计] 校验, 检验; DOS内部命令:设定写入磁盘时是否验证写入的正确性"
justify,"vt. 替...辩护, 证明
vi. 证明合法
[计] 段落重排, 两端对齐"
possess,"vt. 持有, 占有, 拥有, 克制, 支配, 迷住
[法] 持有, 占有, 具有"
occupy,"vt. 占领, 占(时间、空间等), 住进, 担任, 使从事, 使全神贯注
[法] 占领, 占据, 占有"
vacant,"a. 空的, 空白的, 空虚的, 空闲的, 茫然的, 空缺的
[法] 空的, 空虚的, 闲暇的"
blank,"n. 空格, 空白
a. 空白的, 空虚的, 完全的, 无色的
vi. 消失, 成为空白
vt. 使无效, 取消, 封锁
[计] 空白"
opening,"n. 开始, 口子, 穴, 揭幕
a. 开始的"
merit,"n. 优点, 功绩, 价值, 功过, 真相
vt. 值得
vi. 应受"
virtue,"n. 德行, 美德, 优点, 功效, 效力
[法] 美德, 贞操, 优点"
knit,"v. 编织, 结合"
weave,"n. 编法, 织法, 编织式样
vt. 编织, 组合, 编排, 使迂回前进
vi. 纺织, 迂回行进"
spin,"spin
[spin]
vt.
纺(纱等)：
使成线；使成纱：
(蜘蛛)结网；(蚕)吐(丝)，做(茧)：
使旋转：
(汽车等在冰上或沙地上使车轮)空转
把(球)扔(或投、踢打)得在空中旋转
= spin-dry
用旋式钓铒钓(鱼)；在…中用旋式铒钓鱼
使(金属)铸模成形
把(玻璃、黄金等)抽拉成丝
[口语]放(唱片)：
编造；撰写：
[美国俚语]欺骗，哄(人)
[英国英语]给…不及格分数
使拖延时间，使多维持时日(out)：
[美国英语]对…做出倾向性解释：
【火箭学】使(火箭、导弹)盘绕飞行
vi.
旋转：
(蜘蛛)结网；(蚕)吐丝，做茧
纺线；纺纱：
疾驰，飞跑：
眩晕：
用旋式饵钓鱼
(车轮)空转
[美国俚语]跳舞
[英国英语]考试不及格
[美国英语]作舆论导向，造假舆论
【火箭学】(火箭、导弹)盘旋飞行
n.
旋转
自转，回转
(用洗衣机等的)脱水
疾驰，飞奔
(车轮的)空转
【商业】(价格等的)暴跌
【航空学】旋冲，螺旋下降
【物理学】旋转动量
情绪低落；惊惶失措
[美国英语]定调，导向，倾向性意见，导向性解释
[口语]放唱片；放唱片的时间
(不真实的)溢美之辞，润色之辞
观点；影响；偏见
[澳大利亚口语]运气
[900年前，1992]
短语:
put a positive (或 negative) spin on
对…作正面(或负面)倾向性解释；对…持积极(或消极等)观点；对…起积极(或消极等)的影响
变形：
vt.
spun或 span
. spun
. spinning"
punch,"n. 冲压机；打洞器；钻孔机
vt. 开洞；以拳重击
vi. 用拳猛击
n. (Punch)人名；(马来)蓬芝；(英)庞奇"
slap,"n. 掴, 掌击, 侮辱, 拍击声
v. 拍击, 惩罚
adv. 正面地, 直接地, 突然地"
whip,"n. 鞭子, 抽打, 车夫, 搅拌器
vt. 鞭打, 搅拌, 煽动, 召集, 仓促制成
vi. 拍击, 急走, 抽打"
pose,"n. 姿势, 姿态, 装模作样, 伪装
vi. 摆姿势, 装模作样, 假装
vt. 使摆好姿势, 提出, 造成"
gesture,"n. 手势, 姿态
vi. 作手势, 作姿态"
nationwide,a. 全国的
worldwide, 全球的
primitive,"n. 原始人, 早期艺术家
a. 原始的, 上古的
[计] 图元; 原语; 基元"
elementary,"a. 初步的, 基本的
[医] 元素的, 基础的, 初级的"
preliminary,"n. 初步做法, 初步措施, 预试, 预选赛
a. 初步的, 开始的, 预备的"
fundamental,"n. 基本原理, 原则, 基波
a. 基本的, 重要的, 原音的"
primary,"n. 最主要者, 原色
a. 主要的, 初期的, 根本的, 原始的, 首要的, 基本的
[计] 初等量; 主要的; 一次的"
intermediate,"n. 中间物, 调停者, 中级
a. 中间的, 中级的
vi. 起媒介作用
[计] 中级"
moderate,"a. 适度的, 稳健的, 中等的, 节制的
vt. 节制, 减轻, 使缓和
vi. 变缓和, 主持会议"
secondary,"a. 中级的, 中等的, 次要的, 第二的, 从属的, 辅助的
[化] 仲(指CH-3...CH(CH-3)-型支链烃基或指二元胺及R-2CHOH型的醇); 第二"
advanced,"a. 在前的, 高级的, 先进的, 年老的
[法] 预付的, 预支的, 垫付的"
advocate,"n. 提倡者, 拥护者
vt. 主张, 提倡"
propose,"vt. 计划, 打算, 建议, 提议, 求(婚)
vi. 打算, 求婚"
advance,"n. 前进, 进展, 行过的路程
vi. 前进, 进展, 提高, 上涨
vt. 使前进, 促进, 提出, 提高, 使提前, 预付
a. 前面的, 预先的"
forth,"adv. 往前, 以后, 向外"
hacker,"[计] 计算机窃贼, 计算机新技术挑战者, 黑客"
spade,"n. 铲子, 锄, 铲刀, 黑桃
vt. 以锄掘, 把...弄实抹平
vi. 铲"
seagull,n. 海鸥
straw,"n. 稻草, 麦管, 吸管, 一文不值的东西, 草帽
a. 稻草的, 稻草色的, 琐碎的, 无价值的"
strap,"n. S型存水弯
[网络] 地排污；排污中心离墙；抗酒石酸酸性磷酸酶"
ribbon,"n. 缎带, 色带, 带状物
vt. 用丝带装饰, 把...撕成条状
vi. 形成带状
[计] 带状条, 格式栏"
cord,"n. 绳索, 束缚
[医] 索, 带"
cable,"n. 电缆, 海底电报, 缆, 索
vi. 打海底电报
vt. 发海底电报, 缚住
[计] 电缆"
rope,"n. 绳, 索, 粗绳, 绞索, 决窍
vt. 捆, 缚, 绑, 圈起, 以绳将...系住
vi. 拧成绳状"
arithmetic,"n. 算术, 算术知识
[机] 算术; 算术的"
calculate,"v. 计算, 预测, 计划, 打算"
compute,"v. 计算, 估算
n. 计算, 估算"
budget,adj. 预算的；与形容词；像'low'和'big'连用形成形容词指花费多少钱的尤指拍电影的预算；comb
ability,"suf. [用于构成名词, 意义相当于-able]表示“能力”, “可能性”, “倾向性”, “适宜性”"
capacity,"n. 容量, 能力, 才能, 资格
[计] 容量"
arrest,"n. 逮捕, 监禁
vt. 拘捕, 抑制, 吸引, 阻止"
capture,[网络] 利益集团捕获
trap,"n. 圈套, 陷阱, 诡计, 存水弯
vi. 设圈套, 设陷阱
vt. 诱捕, 诱骗, 抓住, 使受限制
[计] 俘获; 陷井"
casual,"a. 偶然的, 不经意的, 便装的
n. 临时工, 待命士兵"
formal,"a. 正式的, 形式的, 礼仪的, 拘于礼节的, 拘谨的
n. 正式的社交活动"
content,"n. 内容, 满足, 意义, 要旨
a. 满足的, 满意的
vt. 使...满足, 使...安心
[计] 内容"
content,"n. 内容, 满足, 意义, 要旨
a. 满足的, 满意的
vt. 使...满足, 使...安心
[计] 内容"
catalog,"n. 目录, 大学概况手册
vt. 编目录
[计] 目录; 编目"
catalogue,型绿
category,"n. 种类, 类项
[计] 分类"
species,"n. 种, 类, 外形
[医] 茶剂; 种"
sort,"n. 种类, 方式, 品质, 态度, 举止
vt. 分类, 排序, 挑选
vi. 交往, 协调
[计] 排序; DOS外部命令:从标准输入设备接收数据, 整个数据输入完后
对它以行为单位进行排序, 然后在标准输出设备上输出"
classify,"vt. 分类, 归类, 分等
[建] 分类, 分级, 分粒"
choke,"vt. 窒息, 阻塞, 噎, 抑制
vi. 窒息, 阻塞, 噎
n. 窒息, 噎, 阻气门"
plug,"n. 塞子, 栓, 插头
vt. 插入, 塞住, 接插头
vi. 被塞住"
cause,"n. 原因；事业；病因；理由
v. 导致；使；引起；产生"
sake,"n. 目的, 缘故, 理由"
consequence,"n. 结果, 重要性
[法] 结果, 后果, 推断"
sequence,"n. 序列, 续发事件, 顺序, 连续
vt. 按顺序排好
[计] 顺序"
subsequent,adj. 后来的，随后的
cease,"n. 停止
v. 停止, 终了"
halt,"n. 停止, 立定, 休息
vt. 使停止, 使立定
vi. 立定, 停止, 蹒跚, 踌躇, 有缺点
[计] 停止"
pause,[网络] -暂停
interval,"n. 间隔, 距离, 间歇, 间隙
[计] 时间间隔"
chase,"n. 追求, 狩猎, 追逐
vt. 追捕, 追逐, 雕刻, 在...上镶嵌宝石
vi. 追赶, 奔跑"
pursue,"vt. 追赶, 追踪, 追随, 追求, 实行, 继续, 从事
vi. 追赶, 继续"
hunt,"n. 狩猎, 追捕, 搜寻, 猎区
vt. 狩猎, 打猎, 搜索
vi. 打猎, 猎食, 搜寻"
childish,"a. 天真的, 孩子气的"
childlike,[网络] 像小孩似的；孩子般
campaign,"n. 战役, 运动, 竞选运动
vi. 参加运动, 作战"
champion,"n. 冠军, 拥护者, 战士
vt. 保卫, 拥护
a. 优胜的"
cite,"vt. 引用, 引证, 表彰
[建] 引证, 指引"
quote,"n. 引用
vt. 引述, 举证, 报(价)
vi. 引用"
resign,"v. 重新签署
[网络] 续签；再签名；再签署"
quit,"vi. 离开, 辞职, 停止
vt. 离开, 放弃, 使解除, 停止
n. 离开
[计] 结束, 退出"
retire,"n. 隐居
vi. 引退, 退役, 退休, 退去, 撤退, 退却
vt. 使...撤退, 辞退"
certificate,"n. 证书, 证明书
vt. 发给证明书, 用证书批准, 用证书证明"
license,"n. 执照, 许可证, 特许
vt. 许可, 特许"
chip,[网络] 新电脑；中游晶粒切割；金属切削加工过程中切屑
chop,"n. 肋条肉, 排骨, 砍, 戳记, 商标
vt. 剁碎, 砍, 切击, 割断
vi. 砍, 突然转向"
slice,"n. 薄的切片, 一部分, 菜刀
vt. 切成薄片, 切下
vi. 切
[计] 片"
civil,"adj. 公民的；民间的；文职的；有礼貌的；根据民法的
n. (Civil)人名；(土)吉维尔；(法)西维尔"
criminal,"n. 罪犯, 犯人, 刑事
a. 犯了罪的, 刑事的, 有罪的"
clap,"n. 拍手, 拍手声, 霹雳声, 花柳病
v. 鼓掌, (使)啪地关上"
applaud,"v. 拍手喝彩, 称赞, 赞同"
collapse,"n. 崩溃, 倒塌, 虚脱
vi. 倒塌, 崩溃, 瓦解
vt. 使倒塌, 折叠
[计] 折叠"
collision,"n. 碰撞, 冲突, 抵触
[计] 冲突"
crash,"n. 哗啦声, 猛撞, 崩溃, 粗布
v. 撞碎, 破碎, (使)...坠毁
a. 速成的
[计] 崩溃"
clash,"n. 冲突, 撞击声, 抵触
vi. 冲突, 抵触
vt. 使发出撞击声
[计] 对撞"
crush,"n. 压碎, 粉碎, 群众, 迷恋
vt. 压破, 征服, 塞, 弄皱, 榨出
vi. 被压碎, 起皱, 挤"
impact,"n. 冲击, 冲突, 影响, 效果
vt. 挤入, 撞击, 压紧, 对...发生影响"
smash,"n. 打碎, 粉碎, 打碎时哗啦声, 猛击, 扣球, 杀球, 经营失败, 破产, 硬币, 假硬币
a. 非常轰动的, 了不起的
vt. 打碎, 粉碎, 击溃, 使破产, 使裂变, 使用假硬币
vi. 碎裂, 猛撞, 破产, 扣球, 杀球
adv. 轰隆一声, 哗啦一声"
belief,"n. 信念, 相信, 信仰"
conviction,"n. 定罪, 信服, 坚信
[法] 定罪, 证明有罪, 判罪"
committee,n. 委员会
council,"n. 会议, 委员会
[经] 委员会"
recommend,"vt. 推荐, 介绍；劝告；使受欢迎；托付
vi. 推荐；建议"
counsel,"n. 商议, 忠告, 法律顾问
v. 商议, 劝告"
snap,"vt. 使突然中断, 猛咬, 争夺, 拉断, 使有啪啪声, 厉声说, 突然射击, 用快照拍摄
vi. 咬, 扑, 抓, 折断, 劈啪地响, 厉声说, 砰然关上
n. 猛咬, 猛扑, 劈啪声, 申斥, 快照, 活力, 一般时期的寒冷天气, 揿钮
a. 突然的, 装搭扣的
adv. 猛地
[计] 子网访问协议"
crack,"n. 裂缝, 爆裂声
v. (使)爆裂, (使)裂开, (使)发出爆裂声
a. 第一流的
adv. 啪地一声"
broken,"a. 坏掉的, 打破的, 断掉的
break的过去分词"
split,"n. 劈开, 裂片, 裂缝, 分裂, 派系, 派别, 柳条
a. 劈开的
vi. 分离, 分开, 裂开, 被劈开
vt. 劈开, 切开, 使分裂, 使分离
[计] 拆分"
surgeon,"n. 外科医生, 军医, 船医
[医] 外科医师"
clinical,"a. 临床的, 门诊部的
[医] 临床的, 临证的"
cancer,康斯河
stomachache,n. 胃痛；肚子痛
muscle,"n. 肌肉, 臂力
[医] 肌"
skeleton,"n. 骨骼, 骨瘦如柴的人, 梗概, 骨干, 残骸
a. 骨骼的, 概略的, 基层的, 骨干的
[计] 骨架"
rib,"n. 肋骨, 肋状物, 笑话
vt. 装肋状物于, 戏弄"
spine,"n. 背骨, 脊柱, 尖刺
[医] 脊柱; 棘, 刺; 马蹄嵴"
fable,"n. 寓言, 神话, 谎言
vi. 虚构, 作寓言"
fiction,"n. 小说, 虚构故事
[法] 虚构的事实, 捏造, 拟制"
myth,"n. 神话, 虚构的事, 虚构的人"
folklore,民间文学
neighbor,"n. 邻居
vt. 邻接
vi. 毗邻而居, 友好
a. 邻近的"
neighbour,[数] 邻近的
neighborhood,n. 附近；街坊；接近
neighbourhood,[地理] 邻里
objective,"n. 目的, 目标, 宗旨, 宾格, 实物
a. 客观的, 如实的, 无偏见的, 宾格的"
subjective,"a. 主观的, 个人的
[医] 主观的, 自觉的"
trifle,"n. 琐事, 少量
vt. 浪费
vi. 开玩笑, 翻弄, 虚度光阴"
incident,"n. 事件, 事变, 小事
a. 附带的, 易于发生的, 外来的, 入射的"
occurrence,"n. 发生, 事件, 出现
[医] 发生"
retreat,"n. 重新处理
[网络] 重新治疗；重新提出了"
shrink,"n. 收缩, 萎缩, 回避
vi. 收缩, 退缩, 萎缩, 缩小, 回避
vt. 使收缩, 使缩小"
withdraw,"vt. 撤退；收回；撤消；拉开
vi. 撤退；离开"
violate,"vt. 违犯, 亵渎, 违反, 侵犯, 妨碍
[经] 违犯, 违反"
offend,"v. 犯罪, 冒犯, 违反, 进攻"
offensive,"a. 令人不快的, 侮辱的, 攻击性的
[法] 攻击的, 进攻的, 冒犯的"
delete,"vt. 删除
[计] 删除"
omit,"vt. 省略, 删除, 疏忽, 遗漏
[化] 省略"
opponent,"n. 对手, 敌手, 反对者
a. 敌对的, 反对的, 对面的"
rival,"n. 对手, 竞争者
a. 竞争的"
alliance,"n. 联盟, 联合
[法] 同盟, 联盟, 联姻"
ally, 以-al结尾的形容词加ly构成副词)
orderly,"a. 有秩序的, 整齐的, 值班的
n. 护理员, 清道夫, 传令兵, 勤务兵
adv. 依次地, 顺序地"
trim,[网络] 太安科技；降雨指数
original,"a. 最初的, 原始的, 有创意的
n. 原物, 原作"
novel,"n. 小说, 长篇故事
a. 新奇的, 异常的"
novel,"n. 小说, 长篇故事
a. 新奇的, 异常的"
produce,"n. 生产品, 物产, 后代
vt. 产生, 生产, 提出, 出示
vi. 生产, 制造"
product,[网络] 产品；产品创新
output, [林]出材率
yield,"n. 生产量, 投资收益
vt. 出产, 给予, 让出, 放弃, 使屈服
vi. 出产, 屈服, 投降, 倒塌"
harvest,"n. 收获, 成果, 收获物, 收获期
v. 收割, 收获"
outstanding,"adj. 杰出的；显著的；未解决的；未偿付的
n. 未偿贷款"
prominent,"a. 卓越的, 显著的, 突出的, 凸出的"
striking,"a. 醒目的, 惊人的, 打击的, 罢工的
[法] 罢工的, 罢市的, 罢课的"
package,"n. 包裹, 套装软件, 包, 包装用物, 程序包
vt. 包装, 打包
a. 一揽子的
[计] 包, 软件包, 包装"
parcel,"n. 包裹, 部分, 片
vt. 分配, 打包
a. 部分的
adv. 局部地"
overall,遍及
partial,"a. 部分的, 偏袒的, 偏爱的
n. 分音"
molecule,"n. 分子, 些微
[化] 分子"
electron,"n. 电子
[化] 电子"
particle,"n. 颗粒, 粒子, 质点, 极小量
[化] 粒子; 质点"
pad,"n. 填补, 衬垫, 印色盒, 路
vt. 填补, 走, 夸大
vi. 步行
[计] 焊接点; 包装配/拆卸"
pat,"n. 轻拍
v. 轻拍
adv. 适时, 正好, 恰好, 毫不迟疑, 熟记地
a. 恰好的, 合适的, 熟练的, 坚定的, 人为的"
peer,"n. 同等的人, 匹敌, 贵族
vi. 凝视, 窥视, 费力地看, 隐现
vt. 与...同等, 封为贵族"
peer,"n. 同等的人, 匹敌, 贵族
vi. 凝视, 窥视, 费力地看, 隐现
vt. 与...同等, 封为贵族"
stare,"vi. 注视, 凝视, 瞪视, 显眼
vt. 盯
n. 凝视"
penetrate,"vt. 穿透, 刺穿, 渗透, 看穿, 洞察, 了解, 使充溢
vi. 刺入, 看穿, 渗透, 打进"
pierce,"vt. 刺穿, 穿透, 打眼于, 洞悉, (声音)响彻, (亮光)照进, 深深地打动
vi. 刺入, 穿入, 透入, 进入"
observe,"vt. 觉察到, 遵守, 注意到, 庆祝
vi. 注意, 评论"
perceive,"v. 感觉; 认识, 理解; 察觉到, 意识到, 注意到"
insist,"v. 坚持, 坚决主张, 强调"
persist,"vi. 坚持, 固执, 持续, 坚称
[经] 持续"
personnel,"n. 人员, 人事部门, 人事科(处)
[经] 人事, 全体人员, 职工"
staff,"n. 全体人员, 工作班子, 棍棒, 杆, 拐杖, 支柱, 权杖
a. 职员的, 雇员的, 参谋的
vt. 为...配备人员"
faculty,"n. 才能, 能力, 全体教员, (大学的)系
[医] 能力, [大学]院系"
stuff,"n. 原料, 要素, 东西, 材料, 素质, 织品, 废物, 废话
vt. 装填
vi. 狼吞虎咽"
physical,"a. 身体的, 物质的, 自然的, 物理学的, 好色的
n. 体格检查"
spiritual,"a. 精神上的, 神圣的, 崇高的, 高尚的, 鬼的, 招魂术的
n. 有关教会的事"
chemical,"n. 化学药品
a. 化学的, 化学上用的"
mathematical,[数] 数学的
geometry,"n. 几何学
[机] 几何学"
fling,"n. 投掷, 急冲, 嘲弄
vt. 投, 丢下, 抛弃, 使陷入, 挥动, 嘲笑, 扫视
vi. 猛冲"
pitch,"n. 程度, 坡度, 顶点, 前倾, 倾斜, 投掷, 音高, 螺距, 节距, 摊位, 树脂, 沥青
vt. 投, 掷, 向前倾跌, 扎营, 竭力推销, 为...定调, 定位于, 用沥青涂
vi. 搭帐篷, 投掷, 向前跌, 猛然摔倒, 坠落, 倾斜
[计] 孔距"
pitch,"n. 程度, 坡度, 顶点, 前倾, 倾斜, 投掷, 音高, 螺距, 节距, 摊位, 树脂, 沥青
vt. 投, 掷, 向前倾跌, 扎营, 竭力推销, 为...定调, 定位于, 用沥青涂
vi. 搭帐篷, 投掷, 向前跌, 猛然摔倒, 坠落, 倾斜
[计] 孔距"
plausible,"a. 貌似真实的, 貌似合理的, 说得煞有其事的
[法] 花言巧语的, 似乎有理的"
reasonable,adj. 合理的，公道的；通情达理的
polish,"a. 波兰的
n. 波兰人, 上光剂, 光泽, 优雅
vt. 擦亮, 擦去, 使完美
vi. 擦亮, 变得光亮"
wax,"n. 蜡, 蜡状物, 一阵发怒, 增加, (月亮)渐盈
vi. 变大, 增大, 月亮渐满
vt. 上蜡于"
potential,"n. 潜在性, 可能性, 潜力, 潜能, 势, 位
a. 有潜力的, 可能的, 潜在的"
possibility,"n. 可能性, 可能的事
[法] 可能性, 可能发生的事, 不确定权"
superiority,"n. 优越, 高傲
[化] 优越性"
priority,"n. 优先权, 优先
[计] 优先级"
career,"n. 事业, 生涯, 成功
[法] 职业, 专业, 履历"
profession,"n. 职业, 表白, 声明
[化] 工种; 职业"
prohibit,"vt. 禁止, 阻止
[经] 禁止"
forbid,"vt. 禁止, 不准, 妨碍
[法] 不许, 禁止, 阻止"
prospective,"a. 预期的, 将来的
[经] 预期的, 未来的"
promising,"a. 有希望的, 前途有望的
[经] 有希望的"
criticize,"v. 批评, 吹毛求疵, 非难"
critical,"a. 批评的, 决定性的, 危险的, 临界的
[医] 危象的; 临界的, 极期的"
criticism,"n. 批评, 评论, 非难
[法] 批判, 批评, 评论"
desperate,"a. 不顾一切的, 危急的, 令人绝望的, 极渴望的"
target,"n. 目标, 靶子, 指标
vt. 对准, 订指标"
goal,"n. 目标, 终点, 得分, 球门, 守门员
vi. 攻门, 射门得分"
object,"n. 物体, 目标, 目的, 对象, 宾语, 客体
vi. 反对, 抱反感
vt. 提出...来反对
[计] 对象"
bump,"n. 撞击, 肿块
vt. 碰撞
vi. 撞, 颠簸而行"
lump,"n. 块, 瘤, 很多, 肿块, 笨人
vt. 使成块状, 混在一起
vi. 结块"
approximate,"a. 大约的, 接近的, 近似的
vt. 接近, 使接近, 粗略估计
vi. 接近于"
precise,"a. 精确的, 严谨的, 明确的
[机] 精密的, 正确的"
accurate,"a. 正确的, 精确的
[经] 准确的, 精确的"
document,"n. 文件, 公文, 文档
vt. 证明, 为...引证
[计] 文档"
file,[网络] 文件；提取码；文件操作
archive,"vt. 把...存档
n. 档案馆, 档案文件
[计] 挡案库, 存档"
arise,"vi. 站立, 出现, 起来"
arouse,"vt. 唤醒, 鼓励, 引起
vi. 醒来"
rouse,"n. 觉醒, 奋起, 干杯
vt. 唤醒, 鼓舞, 激动, 使振奋, 惊起
vi. 醒来, 奋起"
artificial,"a. 人造的, 假的, 非原地产的
[医] 人工的, 人造的, 伟牟"
crude,"a. 天然的, 未成熟的, 粗糙的, 粗鲁的
n. 天然的物质"
raw,"n. 擦伤处, 半成品
a. 生的, 未加工的, 生疏的, 不成熟的, 阴冷的, 刺痛的, 擦掉皮的
vt. 擦伤
[计] 写后读"
aside,[网络] 旁边；一边；A面
alongside,"adv. 在旁边
prep. 在……旁边"
assign,"vt. 分配, 指派, 赋值
[计] 赋值"
appoint,"vt. 任命, 指定, 下令
[法] 派, 派任, 任命"
comparable,"a. 可比较的, 比得上的"
equal,"n. 对手, 匹敌, 同辈
a. 相等的, 平等的, 胜任的, 合适的, 平静的, 不相上下的
vt. 等于, 比得上
[计] 等长度编码"
assure,"vt. 保证, 使确信, 弄清楚, 担保
[法] 确信, 保证, 保障"
insure,"vt. 保险, 确保
vi. 投保"
insurance,n. 保险；保险费；保险契约；赔偿金
nucleus,环
core,comb.form 表示“…类别的摇滚乐”：queercore
bond,"n. 捆绑物, 结合, 债券, 契约, 粘合剂, 保证人, 键, 关栈保留
vt. 存入关栈, 使黏合
vi. 结合"
debt,"n. 债务, 罪过
[经] 借款, 欠款, 债务"
security,"n. 安全, 安全性, 防护物, 保安, 可靠性, 担保人, 抵押品, 保证金
[计] 安全性, 保密性, 安全检查程序"
stock,"n. 股份，股票；库存；血统；树干
adj. 存货的，常备的；平凡的
vt. 进货；备有；装把手于…
vi. 囤积；办货；出新芽
n. (Stock)人名；(德、匈、捷)施托克；(英、法、葡、瑞典)斯托克"
token,"n. 表征, 记号, 代币
a. 象征的, 表意的
[计] 记号"
attach,"vt. 附上, 使依附, 使附属, 使喜爱, 系, 缚
vi. 附属, 归属, 联系在一起
[计] 挂接服务器命令, 关联, 挂接, 附加"
cling,"vi. 粘紧, 附着, 紧贴, 坚持"
achieve,"vt. 完成, 达到
vi. 如愿以偿"
accomplish,"vt. 完成, 达到, 实现, 使完美"
attain,"vt. 达到, 获得
vi. 达到"
acquire,"vt. 获得, 学到
[电] 目标锁定"
acquisition,"n. 获得, 获得物
[经] 收购, 招揽, 取得"
attempt,"n. 尝试, 企图
vt. 尝试, 企图"
bid,abbr. bis in diē[拉丁语、处方用语]每日两次(= twice a day )
attendance,"n. 出席, 出席的人数, 照料
[法] 管理, 照料, 资助"
presence,"n. 出席, 面前, 存在, 仪态, 风度
[电] 出现"
existence,"n. 存在, 生存
[法] 存在, 存在状态, 实体"
absent,"a. 缺席的, 不在的, 缺乏的, 漫不经心的
vt. 使缺席"
audience,"n. 听众, 观众, 读者
[法] 听讼, 观众, 听众"
viewer,"n. 观察者, 看电视者, 视察员, 观察器
[化] 指示器"
bystander,n. 旁观者；看热闹的人
authentic,"a. 可靠的, 可信的, 真正的
[法] 被认证的, 确认的, 可信的"
fake,"n. 假货, 欺骗, 诡计
a. 假的
vt. 假造, 仿造
vi. 伪装"
avenue,"n. 大街, 途径, 林荫路"
revenue,"n. 收入, 岁入, 税收, 税务局
[经] 岁入, 税收, 税务局"
aspiration,"n. 热望, 志向, 渴望
[医] 吸入; 吸[引], 吸引术"
expectation,"n. 期待, 指望, 展望
[化] 期望值"
ambition,"n. 野心, 志向"
award,"n. 奖品, 裁定, 判决
vt. 授予, 给予"
reward,"n. 报酬, 酬谢, 赏金
vt. 奖赏, 酬谢, 给...应有报应"
backward,[网络] 后向的；叶向呈后向弯曲
orchestra,"n. 管弦乐队, 乐队演奏处"
band,[网络] B提供住宿及早餐；连接两个并列成份
bind,"vt. 绑, 约束, 装订, 包扎, 使结合
vi. 凝固, 有约束力
[计] 赋值, 绑定"
undo,"vt. 解开, 取消, 破坏, 毁灭, 扰乱
vi. 松开
[计] 撤消"
video,"n. 影像, 电视
a. 图像的, 电视的"
ongoing,"adj. 不间断的，进行的；前进的
n. 前进；行为，举止"
gang,"n. 队, 群, 帮
vi. 成群结队, 结成一伙
vt. 使成群结队"
harmful,"a. 有害的, 伤害的"
benefit,"n. 利益
vt. 有益于
vi. 受益"
profit,[网络] 专家型；宝发实业有限公司
interest,"n. 兴趣, 嗜好, 利息, 利益, 爱好, 趣味, 势力
vt. 使感兴趣, 与...有关系"
disarm,"vt. 解除武装, 裁军, 缓和
vi. 放下武器"
dislike,"n. 嫌恶
vt. 讨厌, 不喜欢"
disabled,"a. 残废的, 有缺陷的, 失效的
[计] 失效的"
continuity,"n. 连续性
[化] 连续性"
gap,"n. 缝隙, 缺口, 间断, 间距, 通用汇编程序
vt. 打开缺口, 造成缝隙
vi. 豁开
[计] 通用汇编程序, 图形应用程序, 间距"
circumstance,"n. 环境, 状况, 事件"
context,[网络] 语境；文化与境；历史文本的脉络交织
occasion,"n. 场合, 时机, 机会, 诱因, 理由
vt. 惹起, 引起"
crucial,"a. 决定性的, 重要的, 严厉的
[医] 十字形的; 决断的, 定局的"
vital,"a. 生命的, 重要的, 充满活力的, 生死攸关的, 致命的
[医] 生命的, 生活的, 生活上必需的, 紧要的"
urgent,"a. 紧急的, 急迫的, 催逼的
[经] 紧急的, 急迫的"
essential,"n. 要素, 要点, 本质
a. 必要的, 重要的, 本质的
[计] 本质冒险"
virtual,"a. 实际上起作用的, 虚的, 实质的, 有效的, 事实上生效的
[计] 虚拟"
cruise,"n. 巡航, 巡弋, 漫游
v. 巡航, 巡弋, 漫游"
patrol,"n. 巡逻, 巡逻员, 侦察队
v. 巡逻, 巡视"
cube,"n. 立方体, 立方
[机] 立方体, 立方"
triangle,"n. 三角形, 三个一组, 三角关系
[医] 三角, 三角形"
clue,"n. 线索, 暗示
vt. 暗示, 提供线索"
cue,"n. 暗示；提示；信号；（戏剧的）提示
v. 给（某人）暗示（或提示）
[网络] 球杆；线索；凯迪拉克用户体验(Cadillac User Experience)"
hint,"n. 暗示, 提示
v. 暗示, 示意"
imply,"vt. 暗示, 意味
[计] 隐含"
remedy,"n. 药物, 治疗法, 治疗, 补救, 赔偿
vt. 治疗, 补救, 矫正, 改善, 修补, 修缮"
recovery,"n. 恢复, 复原, 痊愈, 重获
[计] 恢复"
cure,"n. 治疗, 治愈, 治疗法
vt. 治疗, 治愈, 改正, 腌制, 加工处理, 使硫化
vi. 受治疗, 被加工处理, 被硫化"
heal,"vi. 痊愈
vt. 使复原, 使和解, 治愈"
therapy,"suf. 表示“治疗”,“疗法”：physiotherapy"
deadly,"a. 致命的, 致死的
adv. 非常, 如死一般地"
fatal,"a. 致命的, 重大的, 命运注定的, 粗心的, 不幸的
[医] 致命的, 致死的"
decay,"n. 衰退, 腐败
v. (使)衰退, (使)腐败"
rotten,"a. 腐烂的, 恶臭的, 堕落的, 风化的, 虚弱的
[经] 腐烂的, 堕落的"
surge,"n. 巨涌, 汹涌, 澎湃
vi. 汹涌, 澎湃, 颠簸, 猛冲, 突然放松
vt. 使汹涌奔腾, 急放
[计] 电压尖峰"
plunge,"n. 钻进, 跳进, 跳水, 跳水池, 猛跌, 落下, 投入, 开始从事, 盲目投资
vi. 投入, 投身于, 跳进, 陷入, 下降
vt. 使投入, 使插入, 使陷入, 使遭受"
decrease,"n. 减少, 减少量
v. 减少"
lower,"n. 低辐射; 低辐射膜; 低辐射玻璃
(low-e 的比较级)"
lower,"n. 低辐射; 低辐射膜; 低辐射玻璃
(low-e 的比较级)"
upper,"a. 上面的, 较高的, 上级的, 上院的, 穿在外面的, 北部的, 地表的, 后期的
n. 鞋帮, 上齿"
defend,"vt. 防护, 辩护, 防卫
[法] 作...的辩护律师, 辩护, 为...答辩"
defence,"n. 防卫, 防卫设备
[经] (诉讼程序中的)辩护"
offence,"n. 犯罪, 冒犯, 违反, 罪过, 过错, 攻击
[法] 犯法, 罪过, 过错"
cautious,"a. 谨慎的, 小心的"
deliberate,"a. 深思熟虑的, 故意的, 从容的
v. 仔细考虑"
spite,"n. 恶意, 怨恨, 使人烦恼的事物
vt. 故意刁难, 欺侮"
despite,"n. 轻视, 憎恨
prep. 虽然, 尽管"
regardless,"a. 不管, 不注意, 不顾"
create,"vt. 创造, 建造, 引起, 任命"
invent,"vt. 发明, 创作, 虚构
[机] 发明"
imitate,"vt. 模仿, 效法, 冒充, 仿造"
diagnose,v. 诊断
dialog,"n. 会话, 对话
[计] 对话"
dialogue,[通信] 对话
diameter,"n. 直径
[医] 直经, 径"
radius,"n. 半径, 范围, 辐射光线
[电] 半径"
obvious,"a. 明显的, 明白的, 显然的, 平淡无奇的"
distinct,"a. 清楚的, 显著的, 不同的"
distinctive,"a. 有特色的, 出众的"
agony,"n. 极大的痛苦, 挣扎
[医] 濒死苦闷; 剧痛"
distress,"n. 苦恼, 贫困, 痛苦
vt. 使苦恼
a. 亏本出售的"
divorce,[网络] 离婚
engage,"vi. 答应, 从事, 交战
vt. 使忙碌, 雇佣, 预定, 使从事于, 使参加"
engagement,"n. 诺言, 约会, 婚约, 交战
[医] 衔接"
dome,[网络] 都想整我；整死我；利用我
domestic,"a. 家庭的, 国内的, 驯养的
[医] 家庭的, 家用的"
overseas,"adv. 在海外，海外
adj. 海外的，国外的"
dictate,"vi. 听写, 口述, 口授
vt. 口述, 使听写, 命令
n. 命令, 指挥, 指令"
command,[网络] 命令
govern,"v. 统治, 支配, 管理"
supervise,"v. 监督, 管理, 指导"
dominant,"a. 占优势的, 支配的
[医] 优性的, 显性的"
dominate,"v. 支配, 占优势"
prevail,"vi. 获胜, 流行, 盛行
[医] 流行, 盛行"
dot,[计] Microsoft Word文档模板
stain,"n. 污染, 污点, 着色剂
vt. 沾染, 染污, 着色
vi. 变脏"
download,"[计] 下装, 卸载"
upload,上装
unload,"vi. 卸货
vt. 从...卸下, 摆脱...之负担, 倾销, 卸(货)
[计] 卸载"
draft,"n. 气流, 草稿, 汇票, 草案
vt. 起草, 征兵
[计] 草稿"
sketch,"n. 素描, 草图, 小品
v. 描绘略图, 画素描或速写"
elaborate,"a. 精细的, 详尽的, 精心计划(或制作)的
vt. 详细地说明, 用心地制作, 发挥
vi. 变复杂, 作详细说明"
drag,"n. 拖, 拖累
v. 拖累, 拖拉, 沉重缓慢地走, 拖动
[计] 拖动"
haul,"n. 用力拖拉, 拖运, 强拉, 捕获量, 拖运距离
vi. 拖, 拉, 改变方向, 改变主意
vt. 拖拉, 拖运"
consume,"vt. 消耗, 消费, 消灭
vi. 耗尽, 毁灭"
drain,"n. 排水沟, 消耗, 排水
vt. 排出, 喝光, 耗尽
vi. 排水, 流干"
recently,adv. 最近
repeatedly,"adv. 重复地, 再三地"
seemingly,"adv. 看来似乎, 表面上看来"
shortly,"adv. 不久, 简短, 唐突地"
leader,"n. 领导者, 社论, 指挥, 领袖, 领唱者, 前导字符
[计] 前导字符"
Midwest, 中西部
ban,全颅底平面
permission,"n. 许可, 允许
[计] 许可, 认可"
flag,"n. 标志, 旗标, 旗子, 信号旗, 菖蒲
vt. 悬旗, 打旗号, 铺石板
vi. 无力地下垂
[计] 标志; 属性标记命令"
banner,"n. 旗帜
a. 显著的, 特别好的"
bargain,"n. 交易, 买卖协定, 特价商品
v. 讲价, 交易"
negotiate,"vi. 商议, 谈判, 交涉
vt. 谈妥, 转让, 处理"
bar,[网络] 自动步枪；英美车队；文学士
rod,"n. 竿, 笞鞭, 小枝
[化] 棒"
barrier,"n. 障碍, 栅栏
[化] 势垒; 阻片; 阻挡层"
obstacle,"n. 障碍, 妨害物, 阻碍"
cell,"n. 细胞；电池；牢房；基层组织
[网络] 单元；单元格；信元"
battery,"n. 电池, 殴打
[化] 蓄电池"
behalf,"n. 利益, 方面"
delegate,"n. 代表
vt. 委派...为代表"
representative,"n. 代表, 众议员, 典型
a. 描写的, 表现的, 代理的, 代表的, 代议制的, 典型的"
typical,"a. 典型的, 象征性的
[医] 典型的"
activity,"n. 活动, 行动, 活跃, 活力
[计] 活动"
deed,"n. 行为；行动；证书
adv. 〈口〉同“indeed”
v. 〈美〉立契转让(财产)
[网络] 契约；契据；事迹"
conduct,"n. 行为, 举动, 指导
vt. 为人, 指挥, 管理, 实施
vi. 领导, 传导, 指挥"
behavior,"n. 行为, 举止
[医] 行为"
behaviour,作，行为；性能，特性，品质；状态，工况，运行情况
behave,"vi. 表现；（机器等）运转；举止端正；（事物）起某种作用
vt. 使守规矩；使表现得…"
being,"n. 存在, 性质, 生命, 人, 生物, be的现在分词"
creature,n. 动物，生物；人；创造物
branch,comb.form 【脊椎动物学】表示“具有…鳃的”：lamellibranch
mainstream, 干流; 主流
dim,"a. 暗淡的, 模糊的
vt. 使暗淡
[计] 数据解释模块"
blur,"vt. 使模糊, 弄脏
vi. 弄脏, 模糊"
accelerate,"v. 加速, 促进"
brake,"n. 刹车, 阻碍, 丛林
v. 刹车"
boost,"n. 推进, 吹捧
vt. 推进, 提高, 宣扬, 促进"
enhance,"vt. 提高, 加强, 增加"
reinforce,"vt. 加强, 加固；强化；补充
vi. 求援；得到增援；给予更多的支持
n. 加强；加固物；加固材料"
annoy,"vt. 使恼怒, 骚扰"
bore,"adj.  枪筒的；与数词连用组成形容词指枪筒的尺寸的； comb. 表示""...口径的"""
bother,"vt. 烦扰, 迷惑
vi. 烦恼, 操心
n. 麻烦, 纠纷, 讨厌的人"
nuisance,"n. 讨厌的东西, 讨厌的人, 损害
[医] 损害, 讨厌"
trademark,[机] 商标
brand,[网络] 布兰多
tag,"n. 标签, 附属物, 碎片, 结束语, 口头禅, 附加语, 浑名, 标记, 标记符
vt. 附以签条, 尾随, 添饰, 起浑名, 连接
vi. 紧紧跟随
[计] 标记"
label,"n. 标签, 称号, 商标, 标志
vt. 贴标签于, 标注
[计] 标志; 标注; DOS外部命令:用于建立改变或删除磁盘卷标号"
logo,"n. 连合活字, 商标, 徽标
[计] 徽标"
breed,"n. 种类, 品种
v. 养育, 引起, 饲养, 繁殖"
nourish,"vt. 滋养, 使健壮, 怀有"
rear,[地名] 雷河 ( 英 )
cultivate,"vt. 培养, 耕作"
plow,"n. 犁
v. 犁, 耕"
simplify,"vt. 单一化, 简单化"
simplicity,"n. 单纯, 简朴, 朴素, 坦率, 天真
[计] 简明性"
brief,"n. 摘要, 简报
a. 简短的, 短暂的
vt. 对...作简报, 摘要, 节录"
complex,"n. 综合体, 情结, 络合物
a. 复杂的, 组合的"
complicate,"vt. 弄复杂, 使错综, 使恶化
vi. 变复杂"
browse,"v. 浏览, 吃草
n. 浏览, 吃草
[计] 浏览"
skim,"vt. 撇取浮沫, 略读, 掠过
vi. 擦过, 浏览
n. 脱脂乳, 擦过, 表层物
a. 撇去浮沫的"
scan,"n. 审视, 浏览, 扫描, 细查
vt. 细看, 浏览, 扫描, 详细调查, 标出格律
vi. 押韵, 扫描
[计] 网络软件目录, 编码与分析系统"
broaden,"vi. 变宽, 扩大
vt. 放宽, 使扩大"
enlarge,"vt. 扩大, 增大
vi. 扩大, 详述"
boom,"n. 繁荣, 隆隆声
vi. 急速发展, 发隆隆声
vt. 使兴旺, 发隆隆声"
prosperity,"n. 繁荣, 茂盛, 成功
[经] 繁荣"
flourish,"vi. 繁荣, 茂盛, 活跃, 手舞足蹈
vt. 挥舞, 夸耀
n. 挥舞, 炫耀, 茂盛, 兴旺, 华丽词藻"
thrive,"vi. 繁荣, 兴旺, 茁壮成长
[经] 兴旺, 繁荣, 旺盛"
recession,"n. 后退, 凹处, 衰退, 归还
[医] 退缩"
bloom,"n. 花, 开花, 青春, 钢块
vi. 开花, 焕发青春, 茂盛
vt. 使茂盛, 把...轧成钢坯"
blossom,"n. 花, 花开的状态, 兴旺期
vi. 开花, 兴旺, 发展"
bud,[计] Quicken的备份磁盘
bug,"n. 错误, 虫, 病菌, 缺陷, 窃听器, 癖好, 防盗报警器, 双座小汽车, 要人
vt. 装防盗报警器, 装窃听器, 激怒
vi. 捉虫, 暴突
[计] 缺点, 错误"
mug,"n. 有柄大杯, 脸, 苦读者
vt. 给...拍照, 攻击, 苦读
vi. 拼命用功"
bulk,"n. 大小, 体积, 大块, 大多数
vt. 显得大, 显得重要"
massive,"a. 大而重的, 宽大的, 宏伟的
[医] 大块的, 整块的, 大量的"
cabinet,"n. 橱柜, 内阁
a. 内阁的, 细木工做的
[计] 机柜"
closet,"n. 壁橱, 小室
a. 秘密的, 空谈的
vt. 把...关入小室"
lens,"n. 透镜, 镜头, 镜片, 晶状体
vt. 给...摄影"
qualify,"vi. 取得资格, 有资格
vt. 使有资格, 使合格, 限定, 限制, 准予"
midweek,"na. 一周的当中；(教友派的)星期三
[网络] 星期中"
fruitful,"a. 结果实的, 多实的, 产量多的"
unexpected,[网络] 预期的花费
