and,"conj. 与；和；而；又
n. 附加条件；附加细节
[网络] 并且；而且；及"
ball,"n. 球；球状物；踢出（或击出、投出）的一球；（投手投出的）坏球
v. 做成球状；使成团块；和（女性）交媾
[网络] 球类笔；精度球规；火球"
black,"adj. 黑色的；黑人的；邪恶的
n. 黑色；黑人；黑颜料
vt. 使变黑；把鞋油等涂在…上；把（眼眶）打成青肿
vi. 变黑
n. (Black)人名；(英、西)布莱克；(德、葡、捷)布拉克"
blue,"adj. 蓝色的；忧郁的，沮丧的；下流的
n. 蓝色
vi. 变蓝
vt. 使成蓝色
n. (Blue)人名；(英、西、意)布卢"
colour,"n. 颜色, 面色, 颜料, 外貌
vt. 把...涂上颜色, 粉饰, 使脸红, 歪曲
vi. 变色"
green,"n. 绿色；草坪；绿色蔬菜；草绿色
v. 绿化；使增强环境保护意识；使善待环境
adj. 绿色的；草绿色的；长满青草的；绿油油的
[网络] 格林贝尔；绿点绿色新；是绿色的"
red,"Red
= Red River
red1
[red]
adj.
红色的；鲜红的
红头发的；红褐色毛发的
红肤色的
(因生气或害羞而)脸红的；红润的
(眼睛等)充血的；发炎的
[常作R-]激进的；革命的；共产党的；苏维埃的
沾满鲜血的
烧红的；赤热的
流血的；暴力的
表示亏欠的，赤字的
用紫葡萄制成的(酒)
[美国英语]红种人的；北美印第安人的
n.
红色
红颜料；红色染料
红色的物品(如红衣服，红棋子，红台球，红色交通信号灯等)
[常为R-，西方新闻界用语]激进分子；赤色分子(尤指共产党)
[美国英语][常为R-][复数]北美印第安人
【经济学】赤字；亏空
[口语]红葡萄酒
【英国历史】(17世纪英国舰队的)红舰队
[俚语](巴比妥酸盐)红胶囊，“红魔鬼”[亦作red devil]
vt.,vi.
= redden
短语:
(as) red as a rose (或berry)
脸色红润的
(as) red as a turkey-cock (或beetroot)
(由于发怒或害羞而)满面通红的
be (或get) out of the red
不再亏损；赢利
dago red
[美国俚语]劣等红酒
go into (the) red
[美国英语](资产负债表、资金平衡表、预算等)出现赤字；出现亏损
go red
[美国俚语]“赤化”；变成“激进派”
in the red
[美国英语]负债；亏空；亏损；有赤字
into the red
[英国英语]负债；财政情况欠佳
paint it red
[美国俚语]把某事弄得引人注目；把某事物描绘成骇人听闻的样子
paint the town red
见town
red, white, and blue
红白蓝三色米字旗，英国国旗
see red
[口语]
发怒，狂怒；气得发疯
嗜血(成性)，残暴
患红视病
变形：
adj.
redder
. reddest
vt.,vi.
redded
. redding
red2
[red]
vt.,vi.
1的异体
变形：
vt.,vi.
red 或 redded
. redding redd
red.
abbr.
reduce
reduced
reduction"
white,"n. 白色, 洁白, 眼白, 白种人, 蛋白
a. 白色的, 纯洁的, 白种的, 苍白的, 空白的, 幸运的"
yellow,"n. 黄色
a. 黄色的"
candy,"n. 糖果, 冰糖
vt. 用糖煮, 使结晶为砂糖
vi. 结晶为砂糖"
how,"how1
[hau]
adv.
如何，怎样，怎么；用什么手段(或方法)
(指数量、程度)几何，多少；多么
价钱多少
(指情况、状态)怎么样
(指原因、目的)怎么；为什么
什么(=what)
以为如何，什么意思
[用作加强语气词]多么，何等
用什么称呼(或称号、名称)
不管用什么方法(或方式)
[用作不定式、名词短语的前置词]如此，多么
[在间接引语或口语中作关系副词，相当于that]
[作副词短语的前置词]尽可能
conj.
怎样，如何：
I wondered how he came here.
我想知道他是怎样来到这儿的。
以…的方式(或状态、方法)：
That is how it happened.
事情就是这样发生的。
I don't care how you spend your holidays.
我不管你怎么度假。
随便怎样：
Do it how you can.
你尽可能试着做做看。
n.
方式，方法
关于方式(或方法)的问题
短语:
and how
[美国俚语]…极了，那还用说，可不是[亦作And how!]
any (old) how
[口语]粗枝大叶地，胡乱地；无论如何；反正
Here's how!
敬你一杯!祝你健康!干杯!
How about…?
[口语]
你看…怎么样?，你以为(或觉得)…怎么样了?，你看…好不好?
那么为什么…?，…又是怎么回事呢?
How about that!
[口语]太好了!，太妙了!
How are you?
[口语]
你好![招呼用语]
你好吗?，你身体怎么样?
How… can you get?
这是最…不过了!
How(或How's)come…?
见come
How do (you do)?(或Howd'ye do?)
你好!
How do you like them apples!
[美国俚语]你们看棒不棒![炫耀用语]
How goes it?
见go
How is that for…?
多么…!难道不…吗?
How much?
见much
How now?
那是怎么回事?这是什么意思?
How's about…?
(你觉得)…怎么样?
How so?
怎么会这样?为什么?怎么搞的?
How's that?
[口语]
怎么会那样呢?为什么?
你说什么?再说一遍好吗?
…怎么样?
【板球】(询问裁判员)算不算出局?
How's tricks?
[美国俚语]你好吗?你的情况怎么样?
How then?
这是怎么回事?这是什么意思?
后来怎样?还有什么?
How they hanging?
[美国俚语、粗俗语](男子间的问候语)你好吗?
the how and the why
(做某事的)方法及理由
how2
[hau]
interj.
[美国英语][印第安人的问候语]好哇!
how3
[hau]
n.
[美国方言]小丘[主要用于地名]
how.
abbr.
howitzer"
ice cream,"n. 冰淇淋
a. 乳白色的"
lemon,"n. 柠檬, 柠檬树, 柠檬色
[医] 柠檬"
orange,"adj. 橙色的；橘色的
n. 橙；橙色；桔子
n. (Orange)人名；(英)奥林奇；(法)奥朗热"
sour,"a. 酸的, 酸臭的, 发酵的, 愠怒的, 讨厌的, 拙劣的, 不健全的
vi. 变酸, 发酵, 厌烦, 变坏
vt. 使变酸, 使失望
n. 酸味, 酸饮料"
sweet,"adj. 含糖的；甜的；香的；芳香的
n. 糖果；甜点；（称呼亲爱的人）亲爱的
[网络] 好温馨；甜茶细茶；珠形甜茶"
taste,"n. 味道, 品味, 味觉, 感受, 体验, 爱好, 审美, 少量
vt. 尝, 察觉...的味道, 体会
vi. 品尝, 察觉味道, 有某种味道"
bike,"bike1
[baik]
[口语]
n.
自行车，脚踏车，单车
两轮机动车(泛指摩托车、轻便车等)，摩托车，机器脚踏车
机动脚踏两用车
(挽车赛马中的)单座两轮(轻便)马车(= sulky)
[美国俚语]摩托警
[澳大利亚俚语]淫妇，妓女
vt., vi.
骑自行车
骑摩托车(或轻骑等)：
I bike to work.
我骑摩托车去上班。
短语:
get off one's bike
[澳大利亚、新西兰口语]发火，生气，恼火；感情失去控制，激动；慌乱，手忙脚乱[常用于否定句]
get on one's bike
[英国俚语]
离开
着手干
On your bike!
[英国俚语]给我滚!滚开!
变形：
vt., vi.
biked
. biking
bike2
[baik]
[苏格兰和英格兰北部英语]
n.
黄蜂巢；野蜂巢
一窝黄蜂；一窝野蜂
人群；群[亦作 byke]
vi.
蜂拥，群集，汇拢[亦作 byke]"
bus,"n. 公共汽车；巴士；（计算机系统的）总线
v. 用公共汽车运送
[网络] 汇流排；公交车；公车"
can,"vt. 装罐
n. 罐头, 容器
aux. 能, 可以
[计] 作废字符"
car,"abbr. carat,carats；carpentry"
hear,"vt. 听到, 倾听, 听说, 审理
vi. 听见, 听"
listen,"vi. 听, 倾听, 听从
n. 听, 倾听"
plane,"n. 平面, 扁平物, 机翼, 飞机, 水准, 地位
a. 平的, 平面的
vt. 将...刨平, 刨平, 掠过水面
vi. 翱翔, 乘飞机旅行, 刨掉"
ship,n. [英国俚语](在同一工头下工作的)排字组 ( = companionship)
train,"n. 列车；火车；列队行进的人（或动物）；队列
v. 训练；培训；教育；接受训练
[网络] 培养；火车乐队；列车站台"
bear,"n. 熊
vt. 忍受, 支承, 产生, 怀有, 通过卖空使跌价
vi. 忍受, 结果实, 压挤, 行进, 转向"
elephant,n. 象
like,"a. 相似的, 同样的
vt. 喜欢, 愿意, 想
vi. 喜欢, 希望
n. 爱好, 同样的人(或物)
prep. 象, 如同
adv. 可能"
lion,"n. 狮子；名人；勇猛的人；社交场合的名流
n. (Lion)人名；(西、葡)利昂；(德、法、意、捷、瑞典)利翁；(英)莱昂"
man,"n. 成年男子；男人；人类；（特定历史时期的）人
v. 在…岗位上工作；操纵（机器等）；配备（人员）
int. （表示惊奇、气愤等）嘿
[网络] 城域网(Metropolitan Area Network)；男士"
men,"n. man（男人、人类）的复数形式
[网络] 男士化妆包；男人啊；男式自动扣"
monkey,"n. 猴子, 猿, 打桩锤
vi. 淘气, 胡闹
vt. 嘲弄"
old,"n. 老年人；…岁的(人)；旧事物
adj. 老的；陈年的；…久的；年龄较长的
[网络] 旧的；年纪大了点；奥兹莫比尔"
our,"adv. 我们的；用于称上帝或圣人
pron. 我们的；〈口〉我们家
[网络] 我的；耗氧速率(oxygen uptake rates)；关于我们"
panda,"n. 大熊猫, 小熊猫"
strong,"a. 强壮的, 坚固的, 坚强的, 强烈的, 有力的, 优良的
adv. 强劲地, 有力地, 猛烈地"
tiger,"n. 老虎, 虎, 凶暴的人"
fun,"n. 乐趣；玩笑；有趣的人或事
adj. 供娱乐用的
vi. 开玩笑"
kite,"n. 风筝, 筝帆, 空头支票, 骗子
vi. 象风筝一样飞, 轻快地移动, 使用空头支票
vt. 使上升, 骗钱"
lovely,"a. 可爱的, 有趣的"
play,"n. 游戏, 游玩, 玩笑, 运动, 比赛, 赌博, 跳动, 表演, 剧本
v. 玩, 游戏, 假装, 开玩笑, 比赛, 扮演, 演奏, 演戏, 传摇曳, (使)跳动
[计] 播放"
robot,"n. 机械人, 自动机械, 机械般工作的人
[计] 机器人; 自动机"
sorry,"adj. 遗憾的；对不起的，抱歉的
int. 对不起，抱歉（表示委婉的拒绝等）"
toy bear,无
biscuit,"n. 饼干
[化] 素坯; 饼干"
bread,"n. 面包, 生计, 食物
vt. 裹以面包屑"
breakfast,[网络] 早餐；早餐红茶；破斋
child,"n. 儿童，孩子；产物；子孙
n. (Child)人名；(英)蔡尔德"
children,[网络] 字组拆分到两个音节中去
egg,"n. 蛋, 卵
vt. 挑唆, 煽动, 调蛋黄"
have,"vt. 有, 怀有, 拿, 进行
aux. 已经"
juice,"juice
[dʒu:s]
n.
(植物、水果、蔬菜等的)汁，液，浆；[俚语]奶
[复数]体液
精，精髓；精力；活力，劲儿
[俚语]电，电流
[俚语]汽油，液体燃料
[美国俚语]酒(尤指威士忌)；含酒精的液体
[俚语]高利贷；(高利贷的)高利率
[俚语]暴利，不义之财；收入
[俚语]权力，权势，地位；社会影响
[美国俚语]舞台灯光照明师
推动力；鼓舞因素；冲动
[俚语]毒品，迷幻药
[俚语]电；电流
vt.
从…榨汁(或液)；[美国方言]挤(母牛)的奶：
Mother is juicing some grapes.
母亲正在榨葡萄汁。
to juice a cow
挤牛奶
给…加汁(或液)：
to juice the pineapple-pies
给菠萝派浇汁
给…供电：
to juice an electric circuit
给电路通电
给…加油：
You'd better juice your car before you set out.
你最好在出发前给车加点油。
[俚语]使触电死亡，用电刑处死
短语:
step on the juice
踩油门加速；加快速度
stew in one's own juice
自作自受
the juice of the grape
见 grape
变形：
vt.
juiced
. juicing"
milk,"n. 奶, 乳状物
vt. 挤乳, 榨取
vi. 产乳"
some,"pron. 一些, 一部分, 若干
adv. 大约
a. 一些的, 少许的, 某一的"
too,adv. 太；也；很；还；非常；过度
water,"n. 水, 雨水, 海水, 水位, 水面, 流水
vt. 给...浇水, 供以水, 注入水, 使湿
vi. 流泪, 流口水, 加水
a. 水的, 水上的, 水生的, 含水的"
we,"pron. 我们；咱们；人们
[网络] 世界精英(World Elite)；是我们；我们的"
at home,"na. 在家；在家接待客人；安适；在本国 (opp. abroad)
[网络] 自在；在国内；在家里"
come in,"na. 进入；当选；上台；(党派)组阁
[网络] 进来；请进；流行起来"
dance,"n. 跳舞, 舞蹈, 舞会
v. 跳舞"
paint,"n. 油漆, 颜料, 绘画作品, 涂漆
vt. 油漆, 绘, 画, 描绘, 装饰, 点缀
vi. 绘画, 涂漆"
read,"v. 读, 阅读, 理解
a. 有学问的
n. 读取, 阅读
[计] 读取"
sing,"vi. 唱歌；歌颂；鸣叫；呼号
vt. 唱；用诗赞颂；唱着使
n. 演唱；鸣声；呼啸声
n. (Sing)人名；(老、德、泰)辛"
skate,"n. 溜冰, 冰鞋
vi. 滑冰, 滑过"
sleep,"n. 睡眠, 静止, 昏迷, 麻木, 长眠, 冬眠
vi. 睡觉, 睡眠, 静止
vt. 睡"
swim,"n. 游泳, 漂浮, 潮流, 眩晕
vi. 游泳, 游, 漂浮, 浸, 覆盖, 充溢, 大量拥有, 旋转, 眩晕
vt. 游过, 使浮起"
work,"n. 工作, 劳动, 职业, 行为, 功, 作品, 成果, 产品, 工程
vi. 工作, 劳动, 做, 运转, 起作用, 被加工
vt. 使工作, 使转动, 开动, 使用, 经营, 使逐渐变得, 造成"
worker,"n. 工人, 劳动者
[经] 工人, 劳工, 劳动者"
birthday,n. 生日，诞辰；诞生的日子
cake,"n. 蛋糕, 块, 饼
vt. 使结块, 加块状物于
vi. 结块"
card,"n. 卡片, 纸牌, 节目单, 明信片, 梳棉机
vt. 备置卡片, 记于卡片上, 梳理
[计] 卡片, 卡"
dear,"n. 亲爱的人
a. 亲爱的, 昂贵的, 严重的, 急迫的
interj. 啊
adv. 深爱地, 高价地"
for,"prep. 为, 因为, 至于
conj. 因为
[计] DOS批处理命令:对一组参数重复执行指定的命令"
how old, 几岁
noodle,"n. 面条, 笨蛋"
to,abbr. table of organization；technical operation 技术操作；traditional orthography 【语言学】传统正字法
bye,"int. 再见；再会
n. 轮空（参赛者无对手而自动进入下一轮比赛）
[网络] 拜拜(bye-bye)；比赛轮空；再见啦"
cow,"n. 母牛；【动】奶牛；肉牛；雌(象,鲸等)
v. 恐吓；威吓
[网络] 冒险北海道；牛郎织女；牛仔五分裤"
farm,"n. 农场, 农田
vt. 耕种
vi. 种田"
grass,"n. 草；草地；牧草；青草
v. （向警方）告密
[网络] 草编家具"
great,"a. 大的, 非常的, 主要的, 重大的, 崇高的, 伟大的
adv. 顺利地, 得意地
n. 全部, 大人物, 大师"
horse,"n. 马；骑兵；脚架；海洛因
vt. 使骑马；系马于；捉弄
vi. 骑马；作弄人
n. (Horse)人名；(瑞典)霍尔瑟"
litter,"n. 垃圾, 杂乱, 轿, 担架
vt. 乱丢, 铺草, 弄乱
vi. 产仔, 乱丢垃圾"
pig,"n. 猪, 猪肉, 贪婪的人, 猪一样的人
v. 生小猪, 象猪般地生活"
sheep,"n. 羊, 胆小者"
sheep,"n. 羊, 胆小者"
stone,"n. 石；结石；宝石；岩石
v. 向…投石头；以石掷向；去除(水果的)硬核
adj. 石制的
adv. 石一般的
[网络] 巨石阵；石头动作；水晶手链"
throw,"vt. 投, 掷, 抛, 发射, 摔下, 匆匆穿上(或脱下), 抛弃, 摆脱
vi. 丢, 掷, 抛
n. 投掷, 掷骰子, 冒险"
arm,"n. 手臂, 袖子, 狭长港湾, 武器
vt. 武装, 装备
vi. 武装起来
[计] ARM 处理器；异步应答方式; 自动货品销路管理"
body,"n. 身体；主体；大量；团体；主要部分
vt. 赋以形体
n. (Body)人名；(英、法、罗)博迪"
foot,"n. 脚, 步调, 英尺, 底部, 末尾, 步兵
vt. 走在...上, 给...换底, 支付
vi. 跳舞, 步行, 总计"
feet,"pl. 脚
n. 尺"
hand,"hand
[hænd]
n.
手
(脊椎动物的)前脚
(鹰等鸟类的)爪
(虾、蟹等的)螯
手状物；具手功能的东西
(钟表、仪器的)指针
(工具等的)把，柄
(香蕉等的)一扇，一把，一串；(烟草等的)一束
指示(符号)
猪肩肉，臀尖肉
人手，劳力；[用复数]雇员，职员；船员，乘员
有技术者，专业人员；行家
手艺，技巧，技能；手法；(手工)细活
[用复数]缰绳
(做某项工作的)人才
海员，水手
[常用复数]权力；支配，管理
(尤指谈判中的)地位
援助之手，帮助
参与，插手
拍手喝彩，鼓掌
(契约、信义等的)应允；誓约；婚约
(量马高度的)一手之宽
笔迹，手迹；书法
签字，签名
面，方面
工具；媒介，手段
立场；影响力；实力，作用
(织物、皮革等的)手感
【牌戏】
手中的牌，一手牌
参赛人，打牌人
牌戏的一盘
[用复数]驯马术；骑马术
【机械学】(轴向)偏差
[古语]提供情报(或给养)者
adj.
用手(表示)的；手操纵的
vt.
交，递；给，送，递送；呈送，递上(常与 up 连用):
He handed me a necklace last night.
昨晚他送给我一条项链。
Would you please hand this letter to my wife?
麻烦你把这封信交给我夫人。
to hand up a paper
向上级呈送文件
帮助；搀扶:
I handed him into his car.
我把他搀上了他的车。
【航海学】
把(帆、旗等)卷起
使改变航向
[美国英语]【法律】上报(与up连用)
[废语]用手操纵；对付
短语:
a bad hand at
对…不内行，不善于…
a cool hand
厚面皮的人；精明人
沉着勇敢的人
a dab hand at
[口语]做…(尤指体育项目)的能手(或健将)
a free hand
自由(权)，自由决定(权)
大方，慷慨
a good (或crack, great) hand at (doing) something
巧于…，对…在行
a green hand
生手，新手[亦作fresh hand]
园艺技能[亦作green thumb]
a hand
[口语]
掌声，鼓掌
一臂之力，帮忙
插手，参与
a hand's turn
[口语][常用于否定句]举手之劳
a legible hand
清楚的字迹，工整的书法
a light hand
精湛的技巧，熟练的手艺
清楚的字迹
all hands
[口语]全部人手；全体人员，大家伙
【航海学】全体海员，全体船员
All hands to the pumps (或pump)!
【航海学】全体船员都去抽水!
大家都来帮忙!
a nap hand
【牌戏】肯冒险就能赢的牌
冒险一下就获全胜的地位
an iron hand in a velvet glove
外柔内刚
口蜜腹剑，笑里藏刀
an old hand (at)
内行，里手，行家
an open hand
慷慨，大方
a numb hand
笨蛋；无经验者
a poor (或bad) hand at
对…不熟练(或不内行)，不善于
(as) flat as one's hand
很平的，极平的
ask for a lady's hand
向某女子求婚
at first hand
直接地，第一手地
at hand
在手边，在附近
即将发生，即将到来，迫近
在考虑中
at second hand
间接地，二手地
旧的，用过的
at someone's hands (或 hand) (或 at the hands (或hand) of someone)
在某人手里
出自某人之手，从某人那里
bathe (或dip) one's hand in blood
双手沾着鲜血，杀了人
bear a hand
出一把力，帮忙
参与，插手
[水手用语]干起来
bear in hand
管理，控制
允诺
坚持认为；指控
be even hands with (someone)
[苏格兰英语]同(某人)算账，向(某人)报复
bind (或tie)hand and foot
捆住手脚
使受束缚，约束
bite the hand that feeds one
以怨报德，恩将仇报
bridle hand
左手(指持缰绳之手)
by hand
用手的，手工的
由专人送的
(婴儿喂养)人工方法的，非母乳喂养的
手写的
by the hands (或hand) of
经由…之手，通过，用，由
by the left hand
私生的，非婚生的；贵族男子与下层女子所生的
by (或with) the (或a) strong hand
用强硬的手段；断然地，强制地，用暴力
call one's own hand
公开自己的主张(或意图)
【牌戏】摊牌
call someone's hand
要求某人摊牌
挫败某人的阴谋
cap in hand
毕恭毕敬地，卑躬屈膝地
carry it (或things) with a high hand
盛气凌人；专横跋扈
change hands
(财产等)易主，更换所有权
(钱被)花掉
chuck one's hand in
[俚语]拒绝做某事
clean hands
两手青白，洁身自好
come into someone's hands
到手，收到
come out with clean hands
清白无辜，被宣告无罪
come the heavy hand
强迫(某人)做某事，强加于人
come to (one's) hand
到手；收到
发现，偶然找到，偶然(被)抓到
come to (one's) hands
短兵相接
cross someone's hand with silver (或coin等)
见cross
die by one's own hand
自杀
dip one's hand in (或 into) the pocket (或purse)
见dip¹
dirty one's hands
弄脏双手，玷污自己(的好名誉)
eat (或feed) out of someone's hand
对某人俯首帖耳，完全受某人支配，惟某人之命是从
fall into good hands
落在好人手里
fall into someone's hands
落在某人手中；为某人所掌握(或占有、照料等)
force someone's hand
【牌戏】逼迫某人出牌
迫使某人暴露自己的计划，迫使某人表态(或采取行动)
for four hands
【音乐】(钢琴曲)以四手联奏
for one's own hand
为了自己(个人)的利益
from hand to hand
传递；转手
from hand to mouth
刚够糊口，现挣现吃
gain (或get, have) the upper hand (of)
控制，掌握；居支配地位
get oneself in hand
克制(或控制)自己
get one's hand in
使自己懂行起来，开始熟悉(或掌握技巧)
get one's hands on
弄到，搞到
抓到(某人并加以危害)
狠揍，猛打
get out of hand
摆脱控制
变得难以管教
完工
get someone under hand
制服某人
get something off one's hands
摆脱某事物，免除对某事的责任
get the hands
[美国口语]博得热烈掌声
get (或have) the whip hand
占上风，处于支配地位
give a helping hand
助一臂之力，(向某人)伸出援助之手
give one's hand on (或upon)
对…作出保证，以名誉担保履行诺言
give one's hand on a bargain
握手成交
give someone a big hand
对某人报以热烈的掌声(欢迎)
give someone a hand (with)
帮助…(做某事)，给…以帮助，帮某人一把
give someone a free hand
给予某人办某事的充分自主权
give someone one's hand
伸手与某人握手
(女子)答应与某人订婚(或结婚)
given under my hand and seal
经我本人签字盖章
go hand in hand with
与…携手同行
和一致，与…结合在一起；与…相配合
go through someone's hands
由某人处理；归某人负责
grease someone's hand
贿赂某人，向某人行贿
付小费；给酒钱[亦作grease the hand of someone]
hand and foot
连手带脚一起，完全地
(始终)辛勤地；周到地，殷勤地，无微不至地
hand in (或and) glove (with)
(跟…)亲密无间；(跟…)互相勾结
hand in hand
手拉手地
连在一起，联合地；形影不离地
联合的；形影不离的
hand it (或the punishment) out
[口语]严惩；痛打
hand it to
[美国俚语]给予…应有的信赖
hand it to someone
[俚语]赞扬某人，承认某人的长处(或优势、成就、优良品质)；服某人；向某人致敬
hand of God
天灾；不可避免的灾祸
hand of writ(或write)
[苏格兰英语]
笔迹，手迹；书法
书法家
hand over fist
迅速地，平稳快捷地
(爬绳、游泳等时)双手交替运用地
[口语]容易地，不费气力地
[口语](尤指钱)大量地
hand over head
[古语]
冒冒失失地，轻率地，鲁莽地
飞快地
hands down
容易地，轻易地，毫不费力地
无疑地
Hands off!
[参观警示语]请勿动手!
不许碰! 别动!
Hands up!
[美国英语]举起手来!不许动!
hand to fist
[口语]亲密地
hand to hand
(战争等)逼近地，短兵相接地，肉搏地
hand heavily(或heavy) on one's hands
(时间)过得缓慢而沉闷无聊
have a free hand
不受约束，得以自由行动，可全权处理，能够不受干扰地自行决策，能放手去做
have(或hold) a good hand
【牌戏】拿到一手好牌
有可能成功，占上风，取得决定性的优势
have(或take) a hand in(或at)
参与到…中间，参加；与…有关
have a hand like a foot
笨手笨脚，笨拙
have…in hand
开始做，着手，开始
控制，掌握；制服
have long hands
极有势力(或权力)
have one's hands free
没事做，空闲
可以自由行动
have one's hands full
手里有许多工作要做，很忙，忙得不可开交
have one's hands tied
被牵制，被束缚，不能自由行动
have someone's fate(或life) in one's hands
掌握着某人的生死(或命运)
have something (或someone) well in hand
完全控制了某事(或某人)
have the better hand
占上风，占优势
have the cards in one's hands
见 card
heart and hand
见 heart
heavy (或iron) hand
高压手段，严酷的手腕
heavy in (或on) hand
(马)难以驾驶的
(人)难对付的；行动迟缓的，头脑迟钝的
枯燥无味的
Here's my hand upon it.
我赞成。
hold hands
(表示信赖、爱情等的)手拉手
hold (或keep) in hand
控制，掌握
[废语]
a) 玩弄
b) 将信将疑；抱着期望
hold one's hand (或hands)
罢手，住手，手下留情
hold someone's hand
握住某人的手
给某人以指导，在精神上支持某人；帮助某人克服困难
hold up one's hands
举手投降
举手同意(或赞同)
in a dead hand
【法律】(不动产)为无让与权的法团所有
in good hands
在可靠(或内行)的人手里；受到十分好的照料
in hand
在掌握中，在控制下
在手头，手头现有的，可使用的
在支配下的；在保护下的
办理中的，进行中的；考虑中的；当前的
负责办理的；承担下来的
in safe hands
在可靠的人手中
in the hands of someone (或in someone's hands)
掌握在…手中，在…支配之下，被…控制
由…照料
由…负责(或处理)
in the turn (或turning) of a hand
立刻，马上，顷刻之间
iron hand in the velvet glove
外柔内刚，外宽内严
join hands (with)
(与…)握手；(同…)携手联合
(同…)合伙
(与…)结婚，(和…)结为夫妻
keep a firm (或tight) hand on
对…实行严密控制(或有力的控制)，紧紧抓住(或控制住)[亦作keep one's hand on]
keep a slack hand
放松缰绳
放任自流；漫不经心地管理(事物)，懈怠
keep a tight hand on someone
紧紧掌握(或控制)住某人
keep in hand
掌握，控制，管理
保留，留存
keep one's hand in
不间断地练习以保持技术熟练，使技术不致荒废
继续保持对…的控制权，继续过问
keep one's hands in one's pockets
懒散；游手好闲
keep (one's) hands off
不拿取
不接触
不干涉
keep one's hand on
抓住
控制，掌握
kiss hands (或kiss the hand, kiss the Queen's hand)
吻(女)君王的手
kiss one's hand to
向…飞吻，给…飞吻
last hand
最后的润色；最后的几笔
lay a hand on
[口语][仅用于否定句或疑问句]动手打人
lay hands on (或upon)
抓到，拿到；得手
碰至，触及；(主教)施坚信礼
袭击；动手打人，施暴
(对女性)动手动脚
lay hands on oneself
自杀
lay hands on the ark
亵渎圣物，冒渎神圣
laying on of hands
【宗教】按手礼
lay violent hands on
向…施暴(或行凶)
杀害，下毒手
lend a hand
[口语]帮忙，拉一把
let someone's left hand know what his right hand is doing
合作者之间互通情报
lie on someone's hands
(商品)未脱手，没卖出，滞留在某人手中
(钱、物)尚未使用
(时间)令某人感到无聊，(时日)过得缓慢[亦作 lie on hand]
lift a hand
只费举手之劳，不费吹灰之力
lift one's hand against (或to)
动手打，伤害；攻击，袭击
lift (up) one's hands (或hand)
举手宣誓
light hand
巧手；熟练的手艺
节制；温和
light in hand
(马)容易驾驭的
(人)易处的，容易对付的
live by one's hand
靠体力劳动生活
live from hand to mouth
仅能𪤛口，半饥半饱；只能顾眼前
make (或take) a hand at
参与，参加
make a hand of
从中得利，从…捞一把
有进展；成功
make no hand of
[口语]不能解释(或说明)
marry with the left hand
贵族男子和身份低的女子结婚
near at hand
在手边；在附近
迫近，即将到来
not do a hand's turn
不干一点体力劳动，不做最微弱的努力
not let one's left hand know what one's right hand does
不要宣扬自己的善行
not lift a hand
什么也不做，不愿费举手之劳，连试都不试
not much of a hand at
= a bad hand at
odd hand
做杂工(或短工)的人
offer one's hand
伸出手来(握手)
(向女子)求婚
off hand
没有准备的；未加思索(或考虑)的，即席的
不大客气的，随便的
马上，立刻，即刻；无准备地，即席
off someone's hands
不再由某人负责(或照料)
(任务、工作)完成
(货物)脱手，卖出
oil someone's hand
向某人行贿
on (或at) every hand
在各方面，四面八方，到处
普通地，大家一致地
on either hand
在两边
(one's) hand be up
举手(打招呼或要求发言等)
one's hand is in
做熟，熟练起来
one's hand is out
手生了，技巧生疏了
one's hands are full
碰到许多困难
忙得不可开交
on hand
附近
[美国英语]即将到来(或发生)
[美国英语]在手边，在附近
[美国英语]现有的，存有的
[美国英语]到场，出席，在场
on one's (或someone's) hand
由某人负责(或照料)，归某人支配
on the advancing(或growing, thriving) hand
在进步中，在增长中
蒸蒸日上，日趋繁荣
on the bow hand
离题太远；离目标太远
on the mending hand
(病情或事态等)在好转中
on the other hand
另一方面，但是
open hand
豪爽，慷慨
out of hand
不受约束，无法控制，失去控制
完结，结束，告终；脱手
立即，马上；临时，无准备地
out of someone's hands
不再由某人负责(或掌管)
非某人所控制
overplay one's hand
【牌戏】因过高估计手中牌力而输牌
过于冒险，做事太过头，过高估计自己的力量
pass into someone's hands(或the hands of someone)
转到某人手里
pass through many hands
经过许多人之手
play a lone hand
[美国英语] 单枪匹马地干，独立经营 [亦作 play one's hand alone]
play for one's own hand
全替自己打算，为自己的利益做事
play into (someone's) hands
(因疏忽而)做对某人(尤指对手)有利的事，给某人以可乘之机，(因失算而)使某人占便宜
play one's hand for all it is worth
尽最大的努力；充分利用现有的机会
play one's hand for all there's in it
利用一切手段达到目的
play one's hand openly
公开自己的计划(或意图)
poor hand
不熟练的人
pump someone's hand
[口语]同某人热烈握手，使劲握某人的手
put (或stretch) forth one's (或the) hands against
对…行凶(或动武)
put in hand
开始，着手
put into someone's hand
把…交到某人手里
把…托付给某人
put oneself in (或into) someone's hand
把自己交给某人，听凭某人处理
put one's hand in (或into) a hornet's (或hornets') nest
捅马蜂窝，成为众矢之的，触犯公怒
put one's hand in one's pocket
付款，支付，认捐，慷慨解囊
put one's hands on
触，摸
(轻易)找到
put one's hand on one's heart
做出庄严声明(或保证)
put (或set) one's hand to
着手做(某事)
put (或set) one's hand to the plough
着手工作，动手做；开始过某种生活
put one's hand up
(表示同意、赞同或要求发言等时的)举手
(表示投降等)举起手来
put the last hand to
做最后几笔(或润色)；完成
raise one's hands against
准备对…动武，动手打(某人)；威胁(某人)
read someone's hand
给某人看手相
ready to (one's) hand
在手头，在手边，伸手可取
red hands
血腥的手，沾满鲜血的双手
right hand
右手，有力的手
友谊之手；欢迎之手
上席，上座，荣誉席位；优先地位
得力助手，亲信
right hand of fellowship
同意某人入伙的表示
【宗教】表示教友关系
rub one's hands
(因高兴、不知所措等)搓自己的双手
rule with a heavy (或high) hand
以严厉手段对待；用高压手段统治，实行专制统治
see the hand of God in
(认为)是神力所致
seize with both hands
(用双手)急切抓住(或利用)
send something by hand
托人(或派人)把东西送去(或带去)
set (a) hand to something
着手去做(某事)
set one's hand to something
着手，从事
在…上签名；批准，认可，承认
shake hands
相互握手[亦作 shake someone's hands]
离开某事物，和某事物告别
握手表示同意；握手成交
shake hands with oneself
庆贺自己
shorten the hand of someone
限制某人的权力
short of hands
缺少人手
show of hands
举手(表决)
show one's hand
摊牌；公开自己的真正意图(或目的)
sit on one's hands
[美国英语]
(观众)不鼓掌；表示不赞成
旁观，按兵不动
slip out of (或from) someone's hands (或hand)
逃脱某人的掌握；从某人手中滑脱
slip something into someone's hand
悄悄把某物塞给某人
soil one's hands
做了不名誉的事
stand one's hand
[口语]请大家喝酒，为大家付酒钱
stay one's hand
住手，放弃不干
stay someone's hand
使某人住手，阻止某人去做
steady hand
不颤抖的手
果断的手腕；坚定的领导
stick your hands up
[口语]把手举过头，把手举起来[匪徒用语][亦作 stick 'em up]
stir a hand
帮忙， 尽举手之劳
strengthen someone's hands(或hand)
增强某人的资本(或实力)，加强某人的地位
支持某人的论点；鼓励某人积极行动
stretch out a helping hand
(向某人)伸出援助之手，助一臂之力；欣然帮助(某人)
strike hands
击掌定约；成交，达成协议
take a hand at (或in)
玩(纸牌游戏)
参与；介入
take gifts (或money) with both hands
接受利害相反双方的贿赂，两面要钱
take in hand
(对某事)担负起责任，承担(某事)
接手办理，处理，负责照顾(或管理、指导)
尝试
take her by the hand
[美国英语] 由总统亲自干预以制止种族歧视
take matters into one's own hands
自行其是
take…off someone's hands
[口语]使某人摆脱对…的责任(或负担)
take oneself in hand
控制自己
take out of someone's hands
卸掉某人对…的责任
take the high hand
采取专横手段
take the left hand of someone
在某人的左侧
the hidden hand
幕后操纵者，背后的势力
the upper(或whip) hand
优势，上风，有利地位
throw in one's hand
退出竞争
放弃尝试，认输
throw on (或upon) someone's hands
让某人负起…的责任，把…推给某人去管
throw up one's hands
举起手来；绝望
撒手不管
举手投降，认输
tie (up) one's(或someone's) hands
缚住某人的双手，使某人受束缚，让某人束手无策
tip one's hand
(无意中)暴露自己的意图(或计划)
to hand
(近)在手边；唾手可得
劳动所得
收到
受控制，被征服
to one's hand
到手，得到
try one's hand (at)
尝试一下，试试身手，在…试试才能
turn a hand
转手；交给助手处理
[常用于否定句]帮一点忙，助一臂之力
turn a(或one's) hand to
着手，从事
under hand
私下，暗中[亦作underhand]
有人照顾
受到控制
under one's hand
在手边，马上就能用
经本人亲笔签名(并盖章)，由某人署名
wash one's hands
[委婉语]上厕所
搓手，干洗手
洗手不干，彻底断绝(与…的)关系
wash one's hands of
不再管，不再过问；拒绝对…(继续)承担责任，不再负责
完全退出，洗手不干
wash one's hands with (或in)invisible soap (and imperceptible water)
(因紧张、不安、拘束等)搓手
whip hand
持鞭子的人
支配地位，优势
win hands down
【赛马】毫不费力地获胜
轻易得胜
win someone's hand
得到某女子同意结婚
with a bold hand
大胆地，蛮横地，傲慢地
with a firm hand
坚决地，毫不动摇地
with a heavy hand
压制地，专制地；粗暴地，暴虐地
冷酷地，无情地
不中用；笨拙地
苛刻地；严厉地
with a high hand
用高压手段；专断地；傲慢地
with an iron hand
以铁腕，严厉地
with an open hand
手头大方地，慷慨地
with a sparing hand
吝惜地；节俭地
with a(或the) strong hand
用强硬手段；断然地
with both hands
全力以赴地，尽其所能地
with clean hands
清白无辜地
廉洁地
with one hand(或hands) tied behind one's back
[口语]把苦处咽在肚里
with one's bare hands
赤手空拳地，徒手
with open hand (或hands)
= with an open hand
wring one's hands
(因失望、痛苦、悲哀等)用力绞扭自己的双手，绞手，扭手
wring someone's hand
(热情地)紧握某人的手
write a good(或fair)hand
写得一手好字
younger hand
见young"
head,"n. 头；头痛；上端；最前的部分；理解力
vt. 前进；用头顶；作为…的首领；站在…的前头；给…加标题
vi. 出发；成头状物；船驶往
a. 头的；主要的；在顶端的
n. (Head)人名；(英)黑德"
leg,"n. 腿；裤腿；（尤指供食用的）动物的腿；（桌椅等的）腿
v. 〈口〉走；跑；卖力；用腿抵住运河隧洞壁推船通过
[网络] 脚；腿部；支柱"
cup,"n. 杯子, 茶杯, 优胜杯
vt. 使成杯状, 为...拔火罐"
day,"n. 一天；时期；白昼
adv. 每天；经常在白天地
adj. 日间的；逐日的
n. (Day)人名；(英、法、西)戴；(越)岱；(阿拉伯、土)达伊"
do,abbr. delivery order 提货单; digital output 数字输出; disbursing office 付款处; deferred ordinary (shares) 延期付息普通股票
flower,"n. 花, 开花植物, 精华, 盛时
vi. 开花, 发育, 旺盛, 成熟
vt. 用花装饰, 使开花"
idea,"n. 主意, 办法, 理想, 思想, 概念, 意见
[医] 观念, 思想"
love,"n. 爱, 恋爱, 爱情, 爱好, 性爱
vt. 爱, 爱好, 爱慕
vi. 爱"
photo,"n. 相片, 照片, 逼真的描绘
v. 照相
a. 照相的, 摄影用的, 详细记录的, 逼真的, 酷似的"
tea,"n. 茶叶；茶树；茶点
vt. 给…沏茶
vi. 喝茶；进茶点
n. (Tea)人名；(柬)迪"
afraid,"a. 害怕的, 恐怕的, 遗憾的"
afraid of, 害怕
bad,"a. 坏的
n. 坏
adv. 坏地"
go,"G.O.
abbr.
general office 总公司,总局,总办事处,总社
general order [亦作 g. o.]
Go
= general obligation bond
go1
[ɡəu]
vi.
前进；行走；去；驶：
(从某地)离去，出发，离开：
(如机器等)运转，运行；操作；行动，进行；起作用；(心脏)跳动：
采取(特定的)行动：
处于；成为；变得；变成(某种特定状态)：
(消息等)被流传，传播；(货币等)流通，通用，通行：
通(向)，延伸至；到达；通到：
(时间)过去，消逝；被用完：
做特定的动作：
(使自己)遭受，招惹：
被出售，被卖掉(常与at， for连用)：
(钱等)被用于，让与，分配给(某一特定的领受者或目的)(常与for， in， on， to连用)：
(奖品、职位、财产等)被给(予)，属(于)，归(于)(to)：
有助(于)，趋向(于)，倾向(于)：
结果，结局；结果是：
(事情)发展，进行，进展：
(经常)被放置；归属：
(式样、色彩等)相配；相称；和谐：
发出某种声音：
[用于as引导的从句](就某方面)说，一般说来，从一般情况来看：
用完，用光；消耗；耗尽；衰退，减弱：
垮掉；损坏；陷下，塌下；折断；被丧失：
死去，失去知觉：
(音乐)有某种调子；(谚语等)用某种措辞表达；(被)创作；(被)写作：
装得下，装得进；塞得进；可通过：
诉诸，求助于：
开始，开动：
持续：
被放弃，被废弃；被去掉；被辞退(常与can， have， to， must 连用)：
(话语等)有权威性，可相信的；(话)是决定性的：
被接受；被准许；被信以为真；有效：
(在言行等方面)达到特定程度：
总共，构成，合成：
【数学】(除)得整数商，纳入(与into连用)：
将要，打算，预定[用进行时态，后接不定式]：
决意[用作不定式，强调感情冲动、迅速果断或拼死之意]：
下沉：
[口语]兴奋地表演；以特别鼓舞人心的方式表演：
[美国方言]想[常用于否定句，后接不定式]：
[俚语]撒尿，拉屎
[古语]离开法庭
vt.
赌，(用钱或物)打赌，以…打赌，同…打赌，押(赌注)：
循…而行，通行于，沿…进行：
[美国口语]忍耐，忍受；容忍，宽恕[通常用于否定句]：
[口语]为…作保释人，为(被捕人)提供(保释金)；承担…的责任：
[口语]出(价)，愿付(一定数额的款)；出(牌等)：
[美国口语]欣赏，鉴赏；分享，享用，享受，品尝：
对付：
[主美国口语]重量为；成长到(某种程度)：
走过，穿过：
[口语]说，说道[通常用现在时叙述过去说的话]
【棒球】在(全场比赛的特定局次)中投球
n.
去；离开；进行
成功，胜利；成功的事，进行顺利
[口语]精神，精力；活力，劲头，干劲；频繁紧张的活动
[口语]事件，意外的事态
[美国口语]协议；约定；交易
[口语]试一下，尝试，试图；努力，尽力
[英国口语]一次提供(或取得)的量；一杯(酒)；一份(食物)
[口语]一口气，一下子，一举
[口语]轮到的机会
[英国口语](剑桥大学学士)学位考试
(疾病的)发作
允许，许可；批准
比赛；拳击比赛
[the go][口语]时兴东西，时髦东西
【牌戏】宕(指未能完成定约)；吊牌
adj.
[美国口语]完全准备(或预备)好的；处于(可发射、使用等)良好状态的
[美国口语]运行正常的，功能精确的
时髦的，合潮流的
[俚语]好的，行的，对的
interj.
(赛跑时的起跑口令)跑：
(赛跑时的起跑口令)跑：
近义词:
depart
. leave
. quit
. retire
. withdraw
反义词:
arrive
. come
短语:
a capital go
[口语]太好了，妙极了
all (或quite) go
[口语]最流行的，非常时髦的
a near go
[口语]极侥幸的逃跑
a pretty (或 quite, run) go
[口语]难题，难办的事；怪事；尴尬的事
as (或 so) far as…goes
就…来说
as (或 so) far as it (或 that) goes
就目前情况而言，就其本身而言
as…go
就…而论，从…的通常情况而论
as people (或 things) go
就一般情况而言，从一般情况来看
at one go
一下子，一举
be going strong
见 strong
be going to
计划(或打算、决定)(做某事)
即将(发生某事)
可能会(发生某事)
be on the go
[口语]在活动，在活跃
[口语]准备离开；正在离开
[俚语]有醉意
[废语]衰弱；濒于死亡
call it a go
一言为定
could go
[口语]真想吃(或喝)
enough (或 something) to go on with
见 enough
fair go
公平的比赛；公平对待；机会均等
first go
[口语]第一次尝试；一下子，一口气
first go off
[口语]最初，一开始 [亦作 at first go off]
from the word go
[美国口语]始终，从一开始；完全，彻底
full of go
[口语]精力充沛，劲头十足
get someone going
[美国俚语]使某人激动(或发怒)
get up and go
果断迅速地行动
go all out
[口语]全力以赴，鼓足干劲
go aloft
死，去世
go along for the ride
凑凑热闹，逢场作戏
Go along with you!
[口语]去你的!别瞎说!(表示怀疑、不相信)
go (and) chase oneself
[美国俚语]别捣乱，走开
go and (do something)
[口语]竟然愚蠢到(去干某事)；竟然粗心到… (表示惊讶、厌烦、不赞许等)
go around together
情侣的定期约会
go astray
迷路，走失；误入歧途，堕落
放错地方
go at it hammer and tongs
全力以赴地干，精神抖擞地工作
激烈殴斗，全力进攻
go badly
(工作、事情等)进展不顺利
go bananas
失常，不正常
go bang
发出嘣地一声
go begging (或 a-begging)
见 beg
go behind someone's back
背后行事，暗中行事
go below (decks)
【航海学】到舱内去
go beyond one's duty
(出于负责、勇气、决心或多管闲事而)逾越职责
go broke
[口语]破产
go bung
[澳大利亚、新西兰俚语]
失败，完蛋
死
go bust
[俚语]
失败，完蛋
破产
go cahoots
见 cahoots
go counter to
与…背道而驰；违反…
go downhill
(经济、健康等)恶化；(道德)日益败坏
走下坡路
go down swinging
体面地失败
go down the drain
每况愈下
go down the line
[俚语]被解雇
go drink from the sea
滚开，别管闲事
go dry
见 dry
go easy
[口语]慢慢来；从容不迫
go easy on someone
待人善良，对人温厚
go easy with (或 on)
[口语]
小心处置…；对…进行从宽处理
爱惜…；节约…
go farther (或 further) and fare worse
每况愈下
go fifty-fifty
[美国英语]平分，均摊，一半一半
go flat out
= go all out
go flop
[俚语]垮台，遭到失败
go for a Burton
见 Burton
go for a song
非常便宜
go for broke
全力以赴
go for it
冒一下险，大胆试一试
go full tour
[俚语]回家
go fut (或 phut)
(机器等)故障，不能运转；(机构)垮台；崩溃
(计划等)落空，告吹
go glimmering
见 glimmering
go halves (on或in something with someone)
见half
go hang
[口语]随它去，听之任之
go hard with someone
使某人遭受困难(或痛苦、不幸、危险等)
go hence
[诗歌用语]
离开，出去
死
go home
回家，回国
击中要害；打中目标
[委婉语]死去，“回老家”[亦作 go to one's last (或 long) home]
用坏；穿破
腐败
深入；使获得深刻印象
go home in a box
[俚语、委婉语]死
go home to
使受感动；打动(某人)的心
使…理解(或领会)；使…有深刻印象
go ill
不妙；不祥
go ill with someone
对某人不利；对某人而言是不祥的
go in and out
进进出出
忽明忽暗
go in at
[口语]痛打，猛烈攻击
go in circles
(毫无成效地)兜圈子
go into particulars
见particular
go into the red
出现赤字
go into the whys and wherefores
见 why
go it
[口语]
着手；进行一些活动
飞速行进；使出猛劲干
(在比赛中)加油，作进一步努力[常用作祈使句]
挥霍；过放荡生活
go it alone
[口语]单独行动；独自生活
go it blind
鲁莽行事；碰运气
go it strong
见 strong
go it strong on
见 strong
go it with a rush
见 rush
go, man go
[美国口语]干得好，太妙了
go near to do (或 doing) something
几乎要做某事
go off at half-cock (或 half cock)
枪走火
[口语]没准备好就干，仓促行事[亦作 go of half-cock]
go one better
出价超过对手
超过以前的成绩；更胜一筹
[美国英语]胜过某人[见 better¹]
go out of one's mind
见mind
go over big
[美国口语](演出等)大受欢迎；非常成功；(演员)走红[亦作 go big]
go over-board
【航海学】从船上跌落；被扔到船外
go phut
= go fut
go pit-a-pat
(心)怦怦地跳；劈劈啪啪地跑
go public
(封闭式公司)让股票上市公开发售
go scot free (或 scot-free)
安然逃脱；逍遥法外
go seesaw
忽前忽后，忽上忽下；交替进行
go slow
(车辆)慢行；慢慢走
慢点来：留神(叫听话人对问题思考一下)
减少活动
[英国英语]怠工(以表示抗议)
go smash into
冲进，撞入
go snap
突然裂开；啪地一声断裂了
go soak yourself (或 your head)
[口语]走开，别来打扰我
go so far as (to do)
甚至(做出某事)；竟然到(做出)…的地步
go solid for
见 solid
go some
[美国口语]
收获很大；很有成就；做了不少
(工作、事情等)有效地(或顺利地、迅速地)进行
go (someone) one better
[口语]
胜过(某人)；(比某人)略胜一筹
(玩纸牌时)增加赌注
go somewhere
[口语] 出去一下(上厕所的委婉语)
go south(with something)
[俚语]卷逃；(偷窃某物后)失踪
go steady (with)
[美国口语](与某人)谈恋爱；(与异性朋友)经常外出约会
go straight
径直走
重新做人，改过自新
go swimmingly
进行顺利
go the way of all flesh (或 of all the earth)
见way
go the way of nature
见 way
go the whole coon
见coon
go the whole hog
见 hog
Go to!
[古语]
别说了!去你的!我不信!(表示不相信、不赞同)
快!开始吧!
go (to) bye-bye
上床睡觉
go too far
走得太远；做得太过分
go to pot
见pot
go to rest
见rest
go (to) smash
[口语]
垮台，完蛋；解体
破产
go well
(工作、事情、计划等)进行顺利
go without saying
[口语]不言而喻，不必说
go wrong
走错路
失足；堕落
失败，不如意
(食品、产品等)腐败；变质
(机器等)发生故障
搞错，弄错
going on
[口语]接近，快到
gone on someone
[口语]倾心于某人
have a go (at)
[口语]
尝试(某事)；试做(某事)
攻击(某人)；责骂(某人)
have been and gone and done it
[口语]竟然干出了这种蠢事(表示惊讶、恼火)
have something going for one
[美国俚语]有本钱，有条件(尤指有才能、美貌、人事关系等)
Here goes!
[口语]瞧，开始了，看我的!(说话者开始做冒险举动或游戏时说的话) Here we go again.[口语]同样不愉快的事情又发生了。
How goes it? (或 How is it going? How are things going?)
[口语]你好吗?近况如何?
It (或 That) goes without saying.
不言而喻；显而易见。
It's a go!
[口语]行!就这么办!
leave (或 let) go (of)
松手；放手
let go
放开，松手；让…走，释放
不理会；忽略
开枪，发射
听任；随它去吧 [亦作
Let it go]
【航海学】解开(缆绳等)
开除；解雇
let it go at that
[美国口语]谈论到此为止；就这样吧
let oneself go
[口语]放松；放纵；尽情发泄自己的感情(或欲望等)
let things go hang
见 thing [亦作 let things slide]
make a go of it
使取得成功；使获得圆满结果
make something go round
使够分配；使够一段时间使用
near go
[口语]九死一生；差点送命
no go
[口语]无用，无价值；不行，不可能
on the go
[口语]忙碌，忙个不停
[口语]衰弱，衰败
[俚语]醉
quite (或 all) the go
非常流行
sentry go
【军事】
换哨命令
步哨勤务
so far as it goes
= as far as it goes
That (或 It) goes without saying.
不言而喻；显而易见
the great go
[英国英语]剑桥大学文学士学位正式考试
the little go
[英国英语]剑桥大学学士学位初试；预考
There he (或 she, you) goes again.
他(或她，你)那一套又来了。
to go
[口语]
供外卖的(食物)
仍未完成，有待于完成的；剩下的
What goes?
[美国俚语]发生什么事了?
What has (或 is) gone of (或 with) someone?
[口语]某人怎么样了?某人出了什么事?
Where do we go from here (或 there)?
下一步该怎么办?下一步是什么?
Who goes there?
(哨兵喝问)谁?
You may go farther and fare worse.
[谚语]往前走，情形可能更坏。
变形：
n.
goes
vi.
went
. gone
. going
go2
[ɡəu]
n.
[日语](日本)古围棋 [亦作 Go， I-go]
go
n.
Papago的变形
Papago
[,pæpə'ɡəu]
n.
帕帕戈人(北美印第安部落)
帕帕戈人的乌托阿兹台克语
变形：
n.
Papagos
. go"
house,"n. 住宅；家庭；机构；议会；某种用途的建筑物
vt. 覆盖；给…房子住；把…储藏在房内
vi. 住
n. (House)人名；(英)豪斯"
little,"n. 一点点, 少许, 一会儿, 短时间
a. 小的, 很少的, 幼小的, 琐碎的, 短暂的, 矮小的
adv. 很少, 稍微, 完全不"
make,"vt. 制造, 安排, 创造, 构成, 使得, 产生, 造成, 整理, 布置, 引起, 到达, 进行
vi. 开始, 前进, 增大, 被制造, 被处理
n. 制造, 构造, 性情"
now,"adv. 现在, 刚才, 目前
n. 现在
a. 现在的
conj. 由于"
there,suf. 表示“那(里)”，“那(时)”
very,"a. 真正的, 恰好的, 十足的, 特有的
adv. 非常, 完全"
