academic,"a. 学院的, 学术的, 不切实际的
n. 大学生, 大学教师, 学者, 学会会员"
amazed,"a. 吃惊的, 惊奇的"
amazing,a. 令人惊异的
approve,"vt. 赞同, 核准, 为...提供证据
vi. 赞许"
assistant,"n. 助手, 助理, 助教
a. 有帮助的, 辅助的, 助理的"
average,"n. 平均, 平均数, 一般水平, 海损
a. 平均的, 中等的, 平常的
vt. 算出...平均数, 平均做, 均分, 使平衡
vi. 平均为, 呈中间色"
avoid,"vt. 避免, 防止, 撤消
[法] 避免, 回避, 躲开"
bored,a. 无聊的；烦人的；无趣的
challenging,"a. 挑战的, 引起争论的"
chart,"n. 图表, 海图
vt. 制成图表
[计] 图表"
completely,"adv. 完全地, 十分地, 圆满地"
composition,"n. 作文, 创作, 组成
[化] 成分; 组成"
conclusion,"n. 结论, 结尾, 推论
[法] 缔结, 结论, 推论"
contract,"n. 合约, 婚约, 契约
vt. 使皱缩, 使缩短, 感染, 订约, 缔结
vi. 皱缩, 订约, 收缩"
correction,"n. 订正, 改正, 改正的地方
[化] 校正"
courtyard,[网络] 天井；庭院；树影扶疏的中央院子
cover,"n. 盖子, 封面, 藉口
vt. 覆盖, 掩饰, 保护, 掩护, 包括
vi. 覆盖"
department,[网络] 部门
description,[网络] 描写；摹状词
diploma,"n. 文凭, 毕业证书
[医] 文凭"
disappointing,"a. 使失望的, 期待落空的, 令人沮丧的"
discipline,"n. 训练, 纪律
vt. 训练, 惩罚"
dissolve,"v. 溶解, 解散"
donate,v. 捐赠
dormitory,n. 宿舍
educate,"vt. 教育, 培养, 训练"
electrical,"a. 电的, 有关电的
[医] 电的"
embarrassed,[网络] 尴尬
embarrassing,"a. 令人为难的, 麻烦的"
encouragement,"n. 鼓励, 激励, 奖励
[法] 怂恿, 煽动, 助长"
energetic,"a. 精力充沛的, 积极的"
enjoyable,"a. 可从中得到乐趣的, 令人愉快的"
enjoyment,"n. 享乐, 快乐, 享受
[经] 使用权"
enthusiastic,"a. 狂热的, 热心的, 热烈的"
equipment,[网络] 设备；设备标志符；仪器设备
essay,"n. 随笔, 短文, 评论, 企图
vt. 试图"
evaluate,"vt. 评估, 评价, 赋值"
experience,"n. 经历, 经验, 体验
vt. 经历, 经验, 体验"
facility,"n. 容易, 灵巧, 设备
[计] 设施; 设备; 装备"
fee,"n. 费用, 小费, 封地, 所有权
vt. 付费给"
fluency,"n. 流畅, 雄辩, 善辩"
graduate,"n. 毕业生, 量杯
a. 已得学位的, 研究生的, 毕业的
vi. 毕业, 得学位, 逐渐变为
vt. 准予...毕业, 授予...学位, 分等级, 刻刻度"
graduation,"n. 毕业, 得学位, 分划, 刻度, 分等级
[医] 刻度, 分度, 毕业"
hate,"n. 憎恨, 恨, 厌恶
vt. 憎恨, 憎恶
vi. 仇恨"
headmaster,校长
headmistress,[网络] 女校长
immediately,"adv. 立即，立刻；直接地
conj. 一…就"
incorrectly,adv. 错误地；不适当地
inform,"身体好,竞技状态好"
information,[网络] 形成中；永远都在队伍中；信息
instruction,"n. 指令, 教导, 命令
[计] 指令"
intelligent,"a. 聪明的, 智能的, 了解的"
joke,"n. 笑话, 玩笑, 笑柄
v. 开玩笑, 取笑, 作弄"
lecture,"n. 演讲, 谴责, 讲稿
vt. 演讲, 训诫, 说教
vi. 讲演"
loudly,"adv. 高声地, 大声地, 吵闹地"
method,"n. 方法, 办法, 条理, 秩序
[医] [方]法"
mixture,"n. 混合, 混淆, 混合物
[化] 混合物"
motivate,"vt. 给与动机, 刺激, 提高...的学习欲望, 促动
[经] 促动, 激发, 激励"
nervous,adj. 神经的；紧张不安的；强健有力的
organised,"a. 有组织的, 组织起来的"
partial,"a. 部分的, 偏袒的, 偏爱的
n. 分音"
participate,"vi. 参加, 分享, 参与, 带有
vt. 分享, 分担"
patient,"n. 病人, 承受者
a. 忍耐的, 容忍的, 有耐性的, 坚忍的"
period,"n. 时期, 节段, 节, 句点, 学时, 周期
a. 当时特有的, 过去某段时期的
interj. 就是这话, 就是这么回事"
poet,n. 诗人
previous,"a. 早先的, 前面的, 过急的
[法] 以前的, 生前的, 前述的"
professor,n. 教授
react,"vt. 重做, 重演"
recent,"a. 最近的, 近代的, 最新的
[经] 最近的, 新进的"
relationship,n. 关系；关联
relaxed,"a. 松懈的, 不严密的, 不严格的, 放松的, 得到休息的, 随意的, 不拘束的, 自在的"
respect,[网络] 尊重
revise,"n. 校订, 修正, 改样
vt. 校订, 修正, 校正"
run,"vi. 经营；奔跑；运转
vt. 管理，经营；运行；参赛
n. 奔跑；赛跑；趋向；奔跑的路程
n. (Run)人名；(塞)鲁恩"
rust,"n. 锈, 生锈, 衰退
vi. 生锈, 衰退
vt. 使生锈, 腐蚀"
satisfaction,"n. 满足, 满意, 快事, 赔偿, 赎罪, 报仇的机会
[经] 偿还, 赎回"
select,"a. 挑选出来的, 极好的
v. 选择, 挑选
n. 被挑选者, 精萃
[计] 选定"
senior,"n. 年长者, 资深者, 毕业班学生
a. 年长的, 高级的, 资深的"
serious,"a. 严肃的, 认真的, 重要的, 严重的
[电] 严重的"
shy,na. 讨厌…的
similarly,"adv. 相像地, 类似于"
skip,"n. 跳跃, 跳读
vi. 跳越, 跳读, 跳绳, 遗漏, 跳级
vt. 跳过, 遗漏
[计] 跳过"
steam,"n. 蒸汽, 精力
a. 蒸汽的
vi. 蒸发, 行驶, 发怒
vt. 蒸, 煮, 散发"
strict,"a. 严厉的, 绝对的, 详尽的, 严格的, 精确的
[法] 严格的, 精确的, 绝对的"
substance,"n. 物质, 实质, 主旨, 资产, 本质, 牢固
[化] 物质"
summary,"n. 摘要, 概要
a. 摘要的, 简略的
[计] 摘要; 概要"
survey,"n. 纵览, 视察, 测量, 俯瞰, 调查
vt. 审视, 视察, 俯瞰, 通盘考虑
vi. 测量土地"
teaching,"n. 教学, 学说, 教导"
teenager,n. 十几岁的青少年；十三岁到十九岁的少年
textbook,课本
timetable,时间表
topic,"n. 主题, 论题, 话题"
translation,"n. 翻译, 译文, 转化, 调任, 平移, 转译
[计] 转换"
vacation,"n. 假期, 休假
[法] 假期, 停审期, 休庭期"
website,网页；网址
assembly,"n. 与会者, 集会, 装配, 组件
[化] 装配
[计] 汇编语言"
aluminium,铝
botany,"n. 植物学
[医] 植物学"
calcium,"n. 钙
[化] 钙Ca"
copper,"n. 铜, 警察
[化] 铜Cu"
crucible,"n. 坩锅, 严酷的考验
[化] 坩埚"
magnesium,"n. 镁
[化] 镁Mg"
oxide,氧
potassium,"n. 钾
[化] 钾K"
sodium,"n. 钠
[化] 钠Na"
tongs,"n. 钳子, 夹具
[医] 钳"
zinc,"n. 锌
vt. 镀锌于"
fill out,"填写, 使长大, 变大, 使长胖, 使完备"
for free,免费地
in charge of,"负责..., 管理..., 主管..., 掌管..., 看管..., 在...掌管/看管之下"
look back,"回顾, 三心二意
[经] 银行对过去贷款的审查"
look back on,"回头看,回顾,追忆"
opening hour,[贸易] 商店营业时间
go to college, 上大学
stay up,不睡觉
distance learning, 远程教育
drop out,"掉出, 退出, 离队
[机] 落砂"
BBC,"n. 英国广播公司
[网络] 疯了；生物平衡芯片；呼叫器"
British Broadcasting Corporation,英国广播公司
join in,"参加, 加入"
set down,"na. 记入；登记；定；设
[网络] 记下；放下；写下"
face to face,面对面
make the most of,尽量利用
take up,"na. 拿起；举起；拾起；给搭(火车等)
[网络] 占据；从事；开始"
on time,"准时
[法] 准时, 按时, 按时付款"
make use of,使用
look through,"看穿, 审核, 浏览, 透过...看去, 从...中显露"
become interested in,对…产生兴趣
make up one's mind,"下决心, 接受, 承认"
in turn,"na. 挨次
[网络] 依次；轮流；反过来"
take in,"na. 加以考虑；〔美国〕访问；收进；收容
[网络] 欺骗；吸收；接受"
go off,"离开, 去世, 消失, 爆炸, 被发射, 变质, 进行, 睡去, 卖掉"
accent,味精(商品名)
actually,"adv. 事实上, 竟然, 如今, 现在"
adult,"n. 成人, 成虫
a. 成年的, 成熟的"
African,"n. 非洲人
a. 非洲的, 非洲人的"
aggressive,"a. 侵略的, 挑畔的, 进取的
[法] 侵略的, 爱挑衅的, 行为过火的"
alphabet,"n. 字母
[计] 字母表"
anger,"n. 忿怒
vt. 激怒, 使发怒
vi. 发怒"
applause,n. 欢呼，喝采；鼓掌欢迎
aside,[网络] 旁边；一边；A面
association,"n. 协会
[计] 关联"
backwards,adv. 向后
ban,全颅底平面
block,"n. 街区, 木块, 石块, 块
vt. 阻塞, 封锁, 使成块状
[计] 块, 数据块"
cassette,"n. 盒式磁带, 珠宝箱, 暗盒
[计] 字盒"
cheek,"n. 颊, 厚颜, 脸蛋
[医] 颊"
command,[网络] 命令
communicate,"vt. 显露, 传达, 感染
vi. 通讯"
conscious,adj. 意识到的；故意的；神志清醒的
consist,"vi. 组成, 存在于, 一致"
contribution,"n. 捐助, 捐助之物, 贡献
[经] 贡献, 捐款, 补助品"
Danish,"n. 丹麦文
a. 丹麦的, 丹麦人的, 丹麦文的"
dash,"n. 冲撞, 破折号, 短跑
vi. 猛冲, 冲撞
vt. 泼溅, 使猛撞, 搀和, 使破灭, 使沮丧"
deal,"n. 交易, 协定, 数量, 买卖, 松木板
vi. 处理, 应付, 做生意
vt. 分配, 发牌, 给予
[计] 发牌"
defeat,"n. 败北, 失败
vt. 击败, 使落空"
defence,"n. 防卫, 防卫设备
[经] (诉讼程序中的)辩护"
defend,"vt. 防护, 辩护, 防卫
[法] 作...的辩护律师, 辩护, 为...答辩"
distinguish,"v. 区别, 辨别"
drag,"n. 拖, 拖累
v. 拖累, 拖拉, 沉重缓慢地走, 拖动
[计] 拖动"
ease,"n. 安乐, 安逸, 悠闲
vt. 使安乐, 使安心, 减轻, 放松
vi. 减轻, 放松, 灵活地移动"
elevator,"n. 电梯, 升降机
[化] 提升机"
embarrass,"vt. 使困窘, 使局促不安, 阻碍"
expression,n. 表现，表示，表达；表情，脸色，态度，腔调，声调；式，符号；词句，语句，措辞，说法
eyebrow,眉毛板
facial,"n. 美颜, 脸部按摩
a. 脸的, 表面的, 脸部用的"
false,"a. 错误的, 虚伪的, 假的, 不老实的
adv. 不准确地, 欺诈地"
favour,[经] 利益
fist, [电影]拳头大风暴
fluent,"a. 流利的, 流畅的"
forehead,前头部
frequent,"a. 时常发生的, 频繁的, 快速的
vt. 时常来访, 常常聚集, 常与...交往"
function,"n. 官能, 职务, 功能, 函数
vi. 活动, 运行, 行使职责
[计] 功能, 函数"
funeral,"n. 葬礼, 出殡"
gesture,"n. 手势, 姿态
vi. 作手势, 作姿态"
gradual,"a. 逐渐的, 渐增的
n. 弥撒升阶圣歌"
greet,"vt. 问候, 致敬, 欢迎, 映入眼帘"
handclap,拍掌
high-class,[经] 高级
hug,"n. 紧抱, 拥抱
vt. 紧抱, 坚持, 使沾沾自喜"
identity,"n. 身份, 相同, 一致, 特性, 恒等式
[计] (打)标记, 标识"
informal,[网络] 不正规教育；非正式语体；形式的
ink,"n. 墨水, 墨汁
vt. 涂墨水于, 签署, 加墨水"
involve,"vt. 包括, 使陷于, 潜心于, 包围
[医] 累及, 牵涉, 包含"
judgement,判决，判断，评审
latter,"a. 后者的, 较后的, 近来的"
likely,"a. 有可能的, 合适的, 前途有望的
adv. 或许, 可能"
lip,"abbr. (=life insurance policy)人寿保险单
[网络] 消化蛋白质；消化植物蛋白；高消化蛋白"
live,"a. 活的, 生动的, 精力充沛的, 实况转播的
vi. 活, 生存, 居住
vt. 过着, 度过, 经历
adv. 实况地"
mainland, 本土
major,"n. 主修课, 成年人, 陆军少校
a. 主要的, 较多的, 大部分的, 成年的, 严重的
vi. 主修
[计] 主要, 主要刻度"
midwestern,[网络] 中西部
mistaken,"a. 犯错的, 错误的
mistake的过去分词"
misunderstand,"vt. 误解, 误会"
native,"n. 本地人, 土产, 当地人
a. 本国的, 与生俱来的, 自然的"
northwestern,"adj. 西北的；西北方向的
[网络] 西北部省；高山族诸语的西北语群；西北省"
official,"n. 官员, 公务员, 职员
a. 公务的, 官方的, 正式的"
palm,"n. 手掌, 棕榈, 胜利
vt. 与...握手, 藏...于掌中"
pattern,[网络] 实地调查和抽样
press,"vt. 压；按；逼迫；紧抱
vi. 压；逼；重压
n. 压；按；新闻；出版社；[印刷] 印刷机
n. (Press)人名；(英、德、俄、西、瑞典)普雷斯"
prolong,"vt. 延长, 拖延, 拖长
[化] 冷凝管"
pure,"a. 纯的, 纯净的, 纯洁的, 清白的, 完美的, 无瑕的, 抽象的
[医] 的, 纯净的"
racial,"a. 人种的, 种族的
[医] 种族的"
raise,"n. 上升, 高地, 增高
vt. 升起, 举起, 唤起, 提高, 使出现, 使复活, 提出, 筹集, 饲养"
rank,"n. 等级, 排, 横列, 队伍, 阶级
a. 茂密丛生的, 恶臭的, 十足的, 粗俗的
vt. 排列, 归类于, 把...分等
vi. 列为, 列队
n. 秩
[计] 秩"
represent,"vt. 代表；表现；描绘；回忆；再赠送
vi. 代表；提出异议"
request,"n. 请求, 需要, 申请书
vt. 请求, 要求, 邀请
[计] 请求"
rude,"a. 粗鲁无礼的, 粗陋的, 粗暴的, 原始的, 未开化的, 大略的, 崎岖不平的, 狂暴的"
servant,"n. 仆人, 有用物, 公务员, 雇员
[法] 受雇人, 服务者, 公务员"
shortcoming,n. 缺点；短处
simplify,"vt. 单一化, 简单化"
sip,[网络] 肯定命题；矽智财
slap,"n. 掴, 掌击, 侮辱, 拍击声
v. 拍击, 惩罚
adv. 正面地, 直接地, 突然地"
slightly,"adv. 些微地, 苗条地"
southeastern,"adj. 东南的
[网络] 澳洲东南部；中国东南大学建筑学院"
spelling,"n. 拼, 拼字, 拼法
[计] 拼写检查"
spoken,"comb.form 表示“说话有…特点的”：blunt-spoken, quiet-spoken"
spread,"n. 传播, 散布, 伸展
a. 双唇展开的, 伸展的
vt. 展开, 铺开, 传播, 推广, 伸出, 涂, 敷, 延伸
vi. 展开, 扩大, 传开, 延伸
[计] 展开"
statement,[网络] 说明
straight,"n. 直线, 直
a. 直的, 笔直的, 正直的, 直接的, 连续的, 整齐的
adv. 直接地, 立即, 不断地"
subjective,"a. 主观的, 个人的
[医] 主观的, 自觉的"
threatening,"a. 胁迫的, 危险的
[法] 威胁的, 恐吓的, 危险的"
thus,"adv. 如此, 因此, 到如此程度
[医] 乳香"
truly,"adv. 真实地, 不假"
typewriter, 打字机
unconscious,"a. 未意识到的, 无意识的, 无知觉的
[医] 人事不省的, 神志丧失的; 无意识的"
unspoken,unspeak的过去分词
usage,[网络] 美国年龄
vary,"vt. 改变, 使多样化
vi. 变化, 有不同, 违反"
version,"n. 一种描述, 版本, 译文
[计] 版本"
vocabulary,"n. 词汇(量), 词汇表
[计] 词表"
weapon,"n. 武器, 兵器
vt. 武装"
wipe,"n. 擦拭, 用力打, 凸轮
vt. 擦, 揩, 消灭, 涂上, 拭去
vi. 擦, 打"
writing,"n. 书写, 著作, 笔迹, 作品
[医] 书写"
yawn,"n. 哈欠
vi. 打哈欠, 裂开
vt. 打着哈欠说"
Latin,"n. 拉丁人, 拉丁语
a. 拉丁人的, 拉丁语的"
plural,"n. 复数
a. 复数的, 两个以上的"
catfish, [医]鲶（鱼），鲇鱼
enrich,"vt. 使富足, 使肥沃"
frown,"n. 皱眉
vi. 皱眉头
vt. 皱眉表示"
misread,"vt. 读错, 看错"
posture,"n. 姿势, 态度, 情形, 形势
vt. 作...的姿势
vi. 作姿势"
respectful,"a. 表示尊敬的, 有礼貌的, 谦恭的"
simply,"adv. 简单地, 只是, 简直, 简朴地, 坦白地"
Hindu,"a. 印度教教徒的
n. 印度教教徒"
as a whole,总体上
aside from,除...以外
at ease,"na. 自由自在；=stand at ease.
[网络] 稍息；安逸；舒适"
at present,"现在, 目前"
be likely to,"有可能…,很可能…"
be made up of,由...所组成
because of,因为
come up,"走上前来, 发芽, 发生, 被提到, 流行
[建] 按照指标达到质量标准"
consist of,由...组成
defend against,"防御,防卫"
in general,大多数
lift up,举起
lose face,"丢脸, 失去自尊与别人的信任, 失去尊严/影响力/名望"
make a deal, 成交；达成交易
mind reader,"n. 测心术者, 能测人心思者"
mother tongue,"母语
[法] 本国语言, 本民族语言"
name after, 以…的名字起名
RSVP,[网络] 资源预留协议
say hello to,"向某人问候,和某人打招唿"
such as,"例如..., 像这种的"
turn one's back to,无
up and down,"上下地, 到处"
addicted,"a. 沉溺于...的, 无法摆脱(某种嗜好)的
[法] 嗜, 好, 惯于"
air-conditioned,装有空气调节器的
aircraft,"n. 航空器,飞机"
airfield,n. 飞机场
airline,[化] 空气管路
airplane,n. 飞机
ambassador,"n. 大使
[法] 大使, 使节, 代理"
arrest,"n. 逮捕, 监禁
vt. 拘捕, 抑制, 吸引, 阻止"
baggage,"n. 行李
[经] 行李"
belt,"n. 带子, 地带
[医] 带, 腰带, 束带, 地带, 区"
bicycle,n. 自行车
blow,[网络] 打击
cab,"n. 出租车；计程车；的士；（公共汽车、火车、卡车的）驾驶室
abbr. 〈美(=Civil Aeronautics Board)民用航空局
v. 作弊
[网络] 醋酸丁酸纤维素(cellulose acetate butyrate)；出租汽车；出租马车"
cabin,"n. 小屋, 客舱
vt. 关在小屋"
captain,[网络] 队长；首领；头头
centigrade,"a. 百分度的, 摄氏的
[医] 百分度"
chapter,"n. 章, 篇, 重要章节
[计] 章; 段"
compass,"n. 指南针, 范围, 音域
vt. 包围, 达到, 图谋, 理解"
conductor,"n. 领导者, 指挥者, 售票员, 向导
[化] 导体"
congestion,"n. 拥挤, 充血
[计] 拥挤, 拥塞"
consequence,"n. 结果, 重要性
[法] 结果, 后果, 推断"
convenient,"a. 方便的, 合宜的
[法] 适当的, 合理而可行的, 方便的"
crossing,"n. 横越, 横渡, 交叉点, 渡口
[经] 划线"
crossroads,"n. 十字街头
[网络] 十字路口；交叉路口；十字形交叉"
destination,"n. 目的地, 目标, 目的
[计] 目的文件, 目的单元"
display,"n. 显示, 陈列, 炫耀, 显示器
vt. 陈列, 显示, 表现, 夸示
[计] 显示器; 显示"
double-decker, [医]双层床，双层公共汽车
engine,"n. 引擎, 发动机, 机车
vt. 安装发动机于"
fare,"vi. 经营；进展；遭遇；过活
n. 票价；费用；旅客；食物
n. (Fare)人名；(瑞典)法勒；(法、意)法尔"
ferry,"n. 渡船, 渡口
[法] 摆渡营业权, 轮渡"
figure,"n. 数字；人物；图形；价格；（人的）体形；画像
vi. 计算；出现；扮演角色
vt. 计算；认为；描绘；象征"
flight,"n. 飞行, 射程, 逃走, 飞跃, 飞机航程, 班机, 迁徙, 飞逝
vi. 迁徙
vt. 射击(飞禽), 为(箭)装上羽毛, 使惊飞"
freeway,快速道
fuel,"n. 燃料, 木炭
vt. 加燃料, 供燃料
vi. 得到燃料"
gas,[医] 全身适应综合征
gentleman,"n. 绅士, 先生"
golf,"n. 高尔夫球
vi. 打高尔夫球"
grey,"n. 灰色
a. 灰色的, 阴沉的
v. (使)成灰色"
helicopter,"n. 直升机
vt. 由直升机运送
vi. 乘直升机"
helmet,"n. 钢盔, 盔, 防护帽
vt. 给...戴头盔"
highway,[网络] 高速公路；就是高速公路了；省道公路
horn,"n. 角, 角质, 喇叭, 号角
a. 角制的
vt. 用角触, 长角于"
insert,"n. 插入物
vt. 插入, 把(人造卫星)射入(轨道), 添写
vi. 附着
[计] 插入"
interpreter,"n. 直译程序, 解释者, 口译者, 注释器
[计] 注释器"
jam,"n. 果酱, 拥塞之物, 堵塞, 困境
vt. 挤进, 使塞满, 混杂, 压碎, 使堵塞
vi. 堵塞, 轧住, 拥挤"
jeep,"n. 吉普车
vi. 乘吉普车
vt. 用吉普车运"
kindergarten,n. 幼稚园
lorry,"n. 卡车, 货车
[化] 载重汽车"
lounge,"n. 闲逛, 休闲室, 长沙发
vi. 闲混, (懒洋洋地)躺
vt. 闲混"
minibus,"n. 小型公共汽车,小巴士"
mood,"n. 心情, 气氛, 生气, 基调
[医] 心境"
motor,"n. 马达, 发动机, 原动力, 汽车
a. 马达的, 发动机的, 汽车的, 发动的
vt. 推动, 以汽车载运
vi. 乘汽车, 驾车"
motorbike,n. 摩托车
navigator,"n. 航海家
[法] 领航员, 驾驶员, 航海者"
neighbourhood,[地理] 邻里
non-smoking,a. （公共场所）禁止吸烟的; （人）不吸烟的
northwest,"un. 西北
[网络] 西北省；西北地区；西北部"
nowhere,[网络] 无处；不在其他任何地方；无何有之处
occupy,"vt. 占领, 占(时间、空间等), 住进, 担任, 使从事, 使全神贯注
[法] 占领, 占据, 占有"
parking,"n. 停车
a. 停车的"
pavement,"n. 路面, 人行道, 铺面路, 铺路材料"
pedal,"n. 踏板, 脚蹬子
a. 脚的, 脚踏的
vt. 用脚踏动
vi. 踩踏板, 骑车"
pedestrian,"n. 行人, 步行者
a. 人行的, 徒步的, 呆板的, 通俗的, 平淡无奇的"
per,[网络] 器配件
petrol,"n. 汽油
[经] 汽油, 挥发油, 石油"
platform,"n. 平台；月台, 站台；坛；讲台"
plus,"prep. 加上, 加, 外加
a. 正的, 附加的
n. 正号, 加号, 附加额, 正数, 增益
[计] 正差"
provide,"vt. 提供；规定；准备；装备
vi. 规定；抚养；作准备"
racer,"n. 比赛者, 游蛇属黑蛇"
rail,"n. 横杆, 围栏, 栏杆, 铁轨, 扶手, 秧鸡
vt. 以横木围栏, 给...铺铁轨
vi. 责骂, 抱怨"
receipt,"n. 收据, 收入, 收到
vt. 开...的收据"
registration,"n. 登记, 挂号, 注册
[计] 登记; 定位; 对齐; 记录"
responsibility,"n. 责任, 职责, 负担, 可靠性
[化] 职责"
return,[网络] 返回；归回
roadwork,[网络] 道路施工；道路产业；路上修路
single,"a. 单身的, 单程的, 单一的, 个别的, 孤独的, 专一的
n. 一个, 单打, 单程票
vt. 选出
vi. 击出一垒打
[计] 单精度型"
somehow,[网络] 奈何；以某种方式；无论如何
southeast,"n. 东南；东南方；东南地区
[网络] 东南区；东南部；英格兰东南"
suburban,[网络] 城市的近郊地区；城外
suitcase,"n. 化装箱
[网络] 手提箱；拉杆箱"
thief,"n. 小偷, 贼
[化] 取样"
tram,"n. 电车轨道；煤车
vt. 用煤车运载
vi. 乘电车"
tricycle,n. 三轮车
trolleybus,无轨电车
wherever,adv. 无论哪里
whichever,"pron. 任何一个；无论哪个
adj. 无论哪个；无论哪些"
wire,"n. 电线, 电报, 电信, 铁丝网, 金属丝
vt. 用金属丝捆扎, 拍电报
vi. 打电报"
air conditioner,[化] 空调器; 空气调节器
air hostess,空中小姐
be connected to, 与…有联系，与…有关联；与…连接
be stuck in, 困于，停止不前，动弹不得
get stuck in,被卡在里面动弹不得
become addicted to,无
be fed up,"吃得过饱, 极厌倦"
get into,[网络] 到达什么地方；这个错误可能使他陷入困境
get off,"na. 下车；脱下(衣服等)；脱(衣)；下(马)
[网络] 下来；动身；离开"
get on,"na. 上马；安上；过日子；相投 (with together)
[网络] 上车；进展；相处"
get out of,"na. 逐渐放弃(恶习)；避免；由…出来；拔出
[网络] 逃避；摆脱；离开"
go down,"下去, 下沉, 坠落, 被接受, 咽下, 平静下来, 下降, 传下去"
go up,"上升, 兴建"
in no time,立刻
keep cool,"na. 冷(藏)着；乘凉；沉住气
[网络] 保持冷静；有话好好说；保持凉爽"
no way,"无论如何也不,决不"
on average, 平均起来
pull out,"拔出, 离开, (使)渡过难关, (使)恢复健康"
pull up,"v. 拔起；使…停下
[网络] 停车；上拉；阻止"
so far,迄今为止
take place,"na. 发生；举行
[网络] 产生；多指通过人为安排的发生；进行"
traffic jam,"塞车, 交通阻塞"
work out,"v. 作出；拟定；制定；计划一下
[网络] 算出；解决；制定出"
accommodation,"n. 膳宿, 预订铺位, 适应性调节, 调和, 贷款
[医] 调节(眼); 适应"
altitude,"n. 高度, 海拔, 高处
[电] 高度"
ambition,"n. 野心, 志向"
apartment,n. 公寓；房间
arrange,"v. 安排, 排列, 达成协议
[计] 重排"
bend,"vi. 变弯曲, 屈服
vt. 使弯曲, 使屈服
n. 弯曲"
beneath,"prep. 在...下方
adv. 在...下方"
boil,"n. 煮沸, 沸腾, 疖
v. 煮沸, 激动"
cage,"n. 笼, 牢房, 战俘营
vt. 关进笼内"
camel,"n. 骆驼, 打捞浮筒"
cattle,"n. 牛, 家畜
[法] 家畜"
cave,"n. 洞, 穴
vi. 凹陷, 塌落
vt. 挖洞, 使凹陷, 损坏...的基础"
cheerful,"a. 快活的, 高兴的, 兴高采烈的"
circus,"n. 马戏团, 马戏, 竞技场"
cruise,"n. 巡航, 巡弋, 漫游
v. 巡航, 巡弋, 漫游"
deck,"n. 甲板, (汽车后部的)行李仓
vt. 装饰, 打扮, 装甲板
[计] 纸牌背面图案"
desert,"n. 沙漠, 应得的赏罚, 功劳
a. 沙漠的, 不毛的
vt. 放弃, 遗弃, 擅离
vi. 逃掉"
determine,"v. 决定, 决心"
detour,"n. 绕路, 迂回
v. (使)绕道"
diamond,"n. 钻石, 菱形
[计] 菱形"
dictation,"n. 听写, 口述, 命令"
differ,"vi. 不一致, 不同
[机] 差异, 不同"
distant,"a. 远的, 疏远的
[经] 远期的"
dock,"n. 码头, 船坞, 被告席, 尾巴的骨肉部分
vt. 使靠码头, 使(船)进港, 剪短
vi. 进港"
downstream,"[计] 下游
[经] 下游工业"
dull,"a. 钝的, 无趣的, 呆滞的, 阴暗的
vt. 使迟钝, 使阴暗, 缓和
vi. 变迟钝, 减少"
dusty,"a. 灰尘多的, 无聊的, 含糊的, 粉末状的"
eagle,"n. 鹰, 鹰状标饰"
emperor,"n. 皇帝, 君主"
endless,"a. 不停的, 无穷尽的, 无尽的
[机] 无端的, 环状的"
exploit,"n. 功绩, 勋绩
vt. 开发, 利用, 开拓, 剥削"
flame,"n. 火焰, 火舌, 热情, 光辉
vt. 焚烧, 用火焰给...灭菌, 用火焰传送(信号), 点燃, 激动
vi. 燃烧, 爆发, 闪耀
[计] 无聊邮件, 无益邮件"
flashlight,[电] 闪光灯
flat,"a. 平坦的, 单调的, 无力的, 浅的, 萧条的, 干脆的, 无聊的
adv. 平直地, 断然地
n. 扁平物, 平面, 平地, 平原, 平板车
v. (使)变平"
flow,"n. 流程, 流动, 流量, 洋溢, 泛滥, 涨潮
vi. 流动, 流泄, 畅流, 川流不息, 飘扬, 涌出
vt. 使流动, 淹没, 流出"
fond,"a. 喜欢的, 宠爱的, 温柔的"
footprint, 脚印
forbid,"vt. 禁止, 不准, 妨碍
[法] 不许, 禁止, 阻止"
goods,"n. 货物
[经] 货物, 商品, 动产"
harmony,"n. 协调, 和睦, 调和
[电] 和声学"
heaven,"n. 天堂, 上帝, 天空"
hilly,"a. 多丘陵的, 多山岗的, 险峻的"
immense,"a. 极广大的, 无边的, 非常好的"
interview,"n. 接见, 采访；面试, 面谈
vt. 采访；接见；对…进行面谈；对某人进行面试"
interviewer,"n. 会见者, 面谈者, 进行面试者"
journal,"n. 日记, 杂志, 日报
[化] 轴颈"
journey,"n. 旅程, 旅行, 行程
vi. 旅行
vt. 游历"
legend,"n. 传说, 传奇文学, 图例
[计] 图例"
luggage,"n. 行李, 皮箱"
maximum,"n. 极点, 最大量, 极大
a. 最高的, 最大的, 最大极限的
[计] 最大值"
mild,"a. 温和的, 温柔的, 淡味的, 适度的, 轻微的, (肥皂等)软性的
[医] 轻的, 缓和的"
mountainous,"a. 多山的, 如山的, 巨大的"
mountaintop,[网络] 山顶；山头；巨峰之巅
naturally,"adv. 自然地
自然而然地
轻而易举
天生地
大方地"
optional,"a. 可选择的, 随意的
[化] 选购的"
pace,"n. 速度, 步调, 步法
vi. 踱步, 缓慢走
vt. 用步测, 踱步于"
parcel,"n. 包裹, 部分, 片
vt. 分配, 打包
a. 部分的
adv. 局部地"
peak,"n. 山峰, 巅, 山顶, 顶点, 尖峰, 帽舌
a. 最高的, 最大值的
vi. 到达最高点, 消瘦, 变憔悴, 逐渐缩小
vt. 使竖起, 使达到最高点"
pillow,"n. 枕头, 靠垫, 枕状岩
vt. 作...的枕头, 垫, 枕于
vi. 靠在枕上"
pin,[网络] 销
plain,"n. 平原, 草原, 朴实无华的东西, 无格式
a. 简单的, 明白的, 平常的, 不好看的, 朴素的, 清晰的, 普通的, 平坦的, 十足的
adv. 清楚地, 显然地
[计] 无格式"
plateau,"n. 高地, 高原, (上升后的)稳定水平
[医] 高原, 平顶, 坪"
porter,"n. 大楼管理员, 门房, 搬运工人, 侍者, 服务员
[化] 搬运车; 搬运工人"
prefer,"vt. 宁可, 较喜欢, 提出
[法] 给予优先权, 优先偿还, 提出"
preparation,"n. 准备, 预备, 预习
[化] 制剂"
quantity,"n. 量, 数量, 总量
[计] 数量; 量"
raft,"n. 筏, 救生筏, 大量
vi. 乘筏
vt. 筏运, 制成筏"
reflect,"vt. 反射, 反映, 招致, 深思
vi. 被反射, 映出, 深思, 考虑, 指责"
reliable,"a. 可靠的, 可信赖的
[法] 可靠的, 可信赖的, 确实的"
remote,"a. 遥远的, 偏僻的, 疏远的, 微少的
[计] 远程, 远程访问实用程序"
risk,"n. 冒险, 危险, 保险额
vt. 冒...的危险, 冒险干"
rough,"n. 粗糙的东西, 毛坯, 未加工品, 梗概, 草图, 暴徒, 艰难
a. 粗糙的, 粗暴的, 蓬乱的, 草率的, 大致的, 简陋的, 暴风雨的, 艰难的
vt. 使粗糙, 使不平, 使蓬乱, 粗制, 草拟, 粗暴对待, 对...动粗
vi. 变粗糙
adv. 粗糙地, 粗暴地"
route,"n. 路径, 途径, 路线
vt. 确定路线, 按规定路线发送
[计] 传递, 路由设定程序"
sadness,"n. 悲哀, 悲伤"
scare,"n. 惊吓, 恐慌
vt. 惊吓, 使恐慌
vi. 受惊"
scenery,"n. 风景, 景色, 舞台布景"
schedule,"n. 时间表, 一览表, 计划表, 议事日程
vt. 预定, 编制目录, 制...表, 安排"
seaside,"n. 海边；海滨
adj. 海边的；海滨的"
shoot,"n. 射击, 狩猎, 芽, 射伤, 发射, 发芽, 急流, 推力, 摄影, 急送, 滑运道, 浪费
vt. 射击, 射中, 损毁, 拍摄, 喷出, 投射, 挥出, 飞速行进, 挥霍, 给...注射
vi. 射出, 射击, 发出, 拍电影, 射门, 发芽"
shore,"n. 海岸, 海滨, 斜撑柱
vt. 把...送上岸, 支撑, 支持"
similarity,"n. 类似, 类似处
[法] 类似, 相似, 类似事例"
skin,"n. 皮肤, 皮
vt. 剥皮, 在...植皮
vi. 长皮, 愈合, 蜕皮"
sleeve,"n. 袖子, 套管
vt. 缝上袖子"
slope,"n. 倾斜, 斜坡, 斜率, 扛枪姿势
vt. 使倾斜, 弄斜, 扛
vi. 倾斜, 走, 逃走"
souvenir,n. 纪念品
staff,"n. 全体人员, 工作班子, 棍棒, 杆, 拐杖, 支柱, 权杖
a. 职员的, 雇员的, 参谋的
vt. 为...配备人员"
steep,"n. 浸渍, 悬崖
a. 险峻的, 陡峭的, 急剧升降的, 夸大的
v. 浸, 泡"
stubborn,"a. 顽固的, 不听话的, 执拗的, 棘手的"
sunrise,日出
supply,"n. 补给, 供给, 供应品
vt. 补给, 供给, 提供, 补充
vi. 替代"
surrounding,"n. 环境
a. 周围的"
survival,"n. 生存, 残存, 幸存者
a. 赖以生存的"
temple,"n. 圣堂, 庙宇, 教堂, 礼拜堂, 太阳穴, 鬓角
[医] 颞颥, 颞部"
tiring,"a. 引起疲劳的, 累人的
[医] 轮箍术(髌骨骨折时)"
tower,"n. 塔, 高楼, 堡垒
vi. 高耸, 翱翔"
trade,"n. 贸易, 商业, 交易, 生意, 职业, 顾客, 信风
vi. 进行交易, 做买卖, 经商, 对换, 购物
vt. 用...进行交换"
train,"n. 火车, 列车, 行列, 长队, 一连串的后果, 顺序
vt. 训练, 教育, 对准
vi. 受训练, 锻炼"
traveller,动式起重机，(自动弧焊机)行走机构
uncomfortable,"a. 不舒服的, 不自在的, 不安的"
vacuum,"n. 真空, 空间, 真空吸尘器
a. 真空的, 产生真空的, 利用真空的
vt. 用吸尘器打扫"
valley,"n. 山谷, 溪谷, 流域, 凹地
[医] 谷"
varied,"a. 不同的, 杂色的, 各式各样的
[法] 不同的, 种种的, 变化的"
view,"n. 视野, 风景, 见解, 视力, 观看, 视图, 指望, 意图, 印象
vt. 看, 考虑, 视察, 查看, 估量
[计] 视图"
within,[网络] 在预算之内
wood,"n. 木材, 木制品
vt. 植林于, 给...添加木柴
vi. 收集木材"
wool,"n. 羊毛, 毛织物, 毛线, 绒线
[医] 羊毛, 绒毛, 棉[花]"
canoe,"n. 独木舟, 轻舟
vi. 乘独木舟
vt. 用独木舟运"
horizon,"n. 地平线, 眼界, (天)视地平"
hostel,"n. 青年招待所, 宿舍, 旅店"
mount,"n. 乘骑用马, 框, 衬纸, 山
vi. 乘马, 爬上, 增长
vt. 爬上, 使上马, 装上, 装裱, 安放, 制作...的标本, 设置, 上演
[计] 安装"
safari,"n. 旅行, 旅行队, 科学考察"
sledge,"n. 雪橇, 大锤
vt. 用雪橇搬运
vi. 坐雪橇"
atlas,"n. 地图集, 图表集
[计] 自动测试和负载分析系统"
delta,"n. 三角洲, 希腊字母的第四个字
[医] δ(希腊文的第四个字母), 丁种, 三角, 三角形区"
meander,"n. (河流的)蜿蜒, 漫步, 迂回旅行
vi. 蜿蜒流动, 漫步
vt. 使蜿蜒曲折"
rapids,n. 湍流；急流
waterfall,瀑布
yak,"n. 牦牛, 饶舌, 连篇废话
vi. 饶舌, 喋喋不休, 放声大笑"
as usual,照常
at least,"至少
[法] 至少"
at midnight,在午夜
at the edge of,在…的边缘
be fond of,"喜爱, 爱好"
be heavy with,充满...
break down,"v. 分解；抛锚；分析；划分
[网络] 损坏；出故障；瓦解"
change one's mind,"改变主意
[法] 改变主意, 改变计划"
ever since,从那时到现在
get a kick out of,从…中获得刺激
in case,万一
in order to do sth., 俾
life jacket,救生衣
on one's way,"un. 无法；在路上；快要出头了
[网络] 在途中；在去……的路上；在……的路上"
right now,就在此时
rip off,"v. 剥削；抢劫；强奸；〈俚〉剽窃
[网络] 宰客；宰人；撕掉"
stand by,"支持, 遵守, 袖手旁观, 准备行动
[经] 备用, 支持, 作好准备"
take off,"v. (飞机)起飞；出去；拿掉；移送
[网络] 脱下；脱掉；脱去"
tourist spot,n. 旅游景点
up close,adv. 靠近地
upside down,[网络] 机腹朝上；颠倒；上的姿势
move off,"离开, 死, 畅销"
Wild Man of Shennongjia,无
get around,"病后能够走动, (非正式)旅行, 传开来"
differ from,不同
bungee jumping, 蹦极跳
white-water-rafting,[网络] 激流泛舟；白水漂流；激浪漂流
affect,"vt. 影响, 感动, 假装, 模仿, 爱好, 倾向于
n. 自觉感情"
appreciate,"vt. 赏识, 鉴别, 为...而感激, 领会, 欣赏
vi. 增值, 涨价"
atmosphere,"n. 大气, 空气, 气氛
[医] 大气; 大气压"
attention,n. 注意力；关心；立正！（口令）
bite,"n. 咬, 一口
v. 咬, 刺痛, 穿透"
brick,"n. 砖块, 积木
a. 用砖做的
vt. 用砖造, 用砖砌"
burst,[网络] 突发；总线主控和线性突发
bury,"vt. 埋葬；隐藏
n. (Bury)人名；(法)比里；(英、西)伯里；(德、意、罗、波、捷、匈)布里；(俄)布雷"
canal,"n. 运河, 水道, 管, 沟渠
vt. 开运河"
carbon,"n. 碳, 副本, 复写纸
[化] 碳"
cause,"n. 原因；事业；病因；理由
v. 导致；使；引起；产生"
cemetery,"n. 墓地, 公墓
[法] 公墓, 墓地"
certain,"a. 确定的, 某一个的, 必然的
[法] 确凿的, 无疑的, 可靠的"
chemical,"n. 化学药品
a. 化学的, 化学上用的"
coastal,"a. 海岸的, 沿海的, 沿岸的
[法] 海岸的, 沿海的"
column,n. 纵队，列；专栏；圆柱，柱形物
complain,"v. 抱怨, 抗议, 控诉"
concerned,"adj. 有关的；关心的
v. 关心（concern的过去时和过去分词）；与…有关"
congratulation,"n. 祝贺, 恭喜"
contain,"vt. 包含, 容纳, 控制
vi. 自制"
current,"n. 涌流, 趋势, 流
a. 流通的, 现在的, 当前的, 流行的
[计] 当前的"
damage,"n. 损害, 伤害
v. 损害"
decrease,"n. 减少, 减少量
v. 减少"
desertification,"n. （土壤）荒漠化, 沙漠化"
dinosaur,n. 恐龙
dirt,"n. 污垢, 泥土
[化] 污垢"
disaster,n. 灾难，灾祸；不幸
dune,[网络] 沙丘
dust,"n. 灰尘, 尘埃, 粉末, 花粉, 土, 骚乱
vt. 拂去灰尘, 撒, 弄成粉末
vi. 拂去灰尘, 化为粉末"
earthquake,地震
electricity,"n. 电, 电流, 电学, 热情, 电力供应
[化] 电学; 电"
employ,"n. 雇用
vt. 雇用, 使用, 使从事于"
ending,"n. 终止, 终了, 收场
[医] 末梢"
environment,"n. 环境, 外界, 围绕
[计] 环境"
equator,"n. 赤道
[医] 赤道, 中纬线"
erupt,"vi. 爆发
vt. 喷出"
evidence,[网络] 证据；大量运用事例证据
extreme,"adj. 极端的；极度的；偏激的；尽头的
n. 极端；末端；最大程度；极端的事物"
feather,"n. 羽毛
vi. 长羽毛
vt. 用羽毛装饰"
fierce,"a. 凶猛的, 猛烈的, 热烈的, 暴躁的"
forecast,"n. 预想, 预测, 预报
vt. 预想, 预测, 预报
[计] 趋势预测"
fortunately,"adv. 幸运地, 幸亏"
frighten,"vt. 使惊吓
vi. 惊恐"
frightening,a. 令人恐惧的；引起突然惊恐的
fur,"n. 毛皮
vt. 以毛皮制作, 使生苔, 使生水垢
vi. 生苔, 积水垢"
furniture,"n. 家具, 帆具"
garbage,"n. 垃圾, 废物
[计] 无用信息"
harm,(T 接头之)H平面臂
hopefully,"adv. 有希望地, 如果希望能实现的话"
hunt,"n. 狩猎, 追捕, 搜寻, 猎区
vt. 狩猎, 打猎, 搜索
vi. 打猎, 猎食, 搜寻"
hurricane,"n. 飓风, 暴风, 暴风雨"
inland,"a. 内陆的, 国内的
n. 内地"
insect,"n. 昆虫, 卑鄙的人
[医] 昆虫"
inspect,"vt. 检查, 检阅, 检验
vi. 检查"
latitude,"n. 纬度, 范围
[化] 宽容度; 伟度"
lightning,"n. 闪电
vi. 闪电
a. 闪电的"
loss,"n. 减少；亏损；失败；遗失
n. (Loss)人名；(匈)洛什；(法、德、意)洛斯"
luckily,"adv. 幸运地, 幸亏, 侥幸"
mass,"n. 块, 大多数, 质量, 大量, 群众, 弥撒
a. 群众的, 大规模的, 整个的
vt. 使集合, 集中
vi. 聚集"
melt,"n. 熔化, 熔化物, 溶解
v. (使)熔化, (使)溶解, (使)消散, (使)变软"
million,"n. 百万；无数
adj. 百万的；无数的
num. 百万
n. (Million)人名；(法、罗、埃塞)米利翁"
mine,"n. 矿, 矿藏, 地雷
vt. 挖掘, 开采, 在...布雷, 破坏
vi. 开矿, 埋设地雷
pron. 我的"
mosquito,"n. 蚊子
[医] 蚊"
nutshell,【无脊椎动物】胡桃蛤
occur,"vi. 发生, 被想到, 存在"
outline,"n. 大纲, 轮廓, 概要
vt. 描画轮廓, 描述要点
n. 大纲, 分级, 轮廓
[计] 大纲, 分级, 轮廓"
pipe,"n. 管, 导管, 输送管, 管状器官, 声带, 尖细的声音, 烟斗, 笛, 管乐器
vt. 以管输送, 吹哨子, 吹奏, 尖声唱
vi. 吹笛, 尖叫, 吹长哨发令
[计] 管道"
pollute,"vt. 污染, 弄脏, 玷污
[化] 污染"
pollution,"n. 污染, 玷污
[化] 污染"
possibility,"n. 可能性, 可能的事
[法] 可能性, 可能发生的事, 不确定权"
process,[网络] 过程；流程；进程
protection,[网络] 保障
quake,"vi. 颤抖, 地震
n. 颤抖, 地震"
recycle, [电影]鬼域; 异域
relief,"n. 减轻, 解除, 救济, 安慰, 调剂, 浮雕, 换班, (地势的)起伏
[医] 缓减, 减轻, 浮雕(绘画中)"
rescue,"n. 援救, 解救, 营救
vt. 援救, 救出, 营救"
respond,"vt. 以...回答
vi. 回答, 响应, 回报, 有反应, 承担责任"
rotating,"[医] 旋转的, 转动的"
rub,"n. 摩擦, 困难, 障碍, 磨损处
vt. 擦, 搓, 摩擦, 惹怒
vi. 摩擦, 擦破"
ruin,"n. 毁灭, 推翻, 废墟
vi. 毁灭, 衰败, 破坏, 破产, 堕落
vt. 使毁灭, 毁坏, 使破产"
sadly,"adv. 悲痛地, 悲惨地, 悲伤地, 说来遗憾"
sandstorm,[化] 沙暴
scary,"a. 容易受惊的, 胆小的, 提心吊胆的"
shelter,"n. 庇护所, 避难所, 庇护, 隐蔽处, 掩蔽
vt. 庇护, 保护, 隐匿
vi. 躲避"
shock,"n. 震动, 冲突, 震惊, 冲击, 突击, 禾束堆, 休克, 长毛狗
vt. 使震动, 使休克, 使受电击, 震惊得
vi. 震动, 吓人
a. 蓬乱浓密的"
sincerely,adv. 真诚地
species,"n. 种, 类, 外形
[医] 茶剂; 种"
strike,"n. 罢工, 打击, 殴打
vt. 打, 撞击, 冲击, 侵袭, 取消, 结算, 打掉, 罢工, 刺透, 使生根, 遇见
vi. 打, 打击, 抓, 罢工, 搏动, 触礁, 敲, 响, 穿透, 打动"
succeed,"vi. 成功, 继承, 继续
vt. 继承, 接替"
suffering,"n. 苦难, 受苦"
thankfully,adv. 感激地；感谢地
thunderstorm,n. 雷雨
trap,"n. 圈套, 陷阱, 诡计, 存水弯
vi. 设圈套, 设陷阱
vt. 诱捕, 诱骗, 抓住, 使受限制
[计] 俘获; 陷井"
tropical,"a. 热带的, 热情的
[医] 热带的"
useless,"a. 无用的, 无效的, 无益的
[机] 无用, 无价值, 无效"
variety,"n. 多样, 种类, 变种, 杂耍
[化] 变种"
violent,"a. 暴力的, 猛烈的, 激烈的, 极端的, 凶暴的"
warning,"n. 警告, 预告, 预兆, 通知
[法] 警告, 警戒, 预告; 警告的, 注意的"
wave,"n. 波, 波浪, 波动, 起伏, 高潮, 潮涌, 挥手致意, (气压)突变
vi. 波动, 飘动, 挥手示意, 起伏
vt. 使波动, 使飘扬, 挥舞, 使成波浪形"
well, (we shall或 we will 的常用口语形式)
wild,"n. 荒野, 荒地
a. 野性的, 野蛮的, 野生的, 失控的, 任性的, 杂乱的, 轻率的, 狂热的, 疯狂的
adv. 狂暴地, 失控地"
wildlife,n.  野生动物<br />a.  野生动植物的
zone,"n. 地带, 带, 地区
vt. 环绕, 使分成地带
vi. 分成区
[计] 卡片顶部的三行区; 区; 区域"
chimpanzee,"n. 黑猩猩
[医] 黑猩猩"
erosion,"n. 腐蚀, 冲蚀, 侵蚀
[化] 磨耗; 侵蚀"
gorilla,"n. 大猩猩, 残暴的男人, 歹徒"
chimp,n. 黑猩猩
crack,"n. 裂缝, 爆裂声
v. (使)爆裂, (使)裂开, (使)发出爆裂声
a. 第一流的
adv. 啪地一声"
farmyard,[网络] 农场场院
millipede,"n. 千足虫
[医] 千足虫"
rhino,鼻
smelly,"a. 发臭的, 有臭味的"
unexpected,[网络] 预期的花费
dioxide,"n. 二氧化物
[医] 二氧化物"
lava,"n. 熔岩, 火山岩
[医] 火山石(一种顺势疗法药)"
tidal,"a. 潮汐的, 受潮汐影响的"
tornado,"n. 旋风, 龙卷风, 大雷雨"
a number of,许多的
a great number of,许多
according to,"根据, 按照；取决于；据…所说"
at an end,"结束,终止"
burst into laughter,哈哈大笑起来
come into being,"形成, 产生"
die out,"熄灭, 平息, 消失"
dig out,"na. 挖出；查出(事实)；〈美口〉慌慌忙忙走开[逃走]
[网络] 掘出；挖掉；挖掘"
in danger,在危险中
in danger of,有…的危险
in peace,"平静地,安静地,和睦地"
in relief, 浮雕一般，鲜明地，显著地; 阳
in ruins,成为一片废墟
pay attention to,注意
protect ... from,保护
right away,立刻
so that,所以
so ... that ...,所以
human race, 人种
used to,"过去经常(做)..., 过去有规律地发生"
set fire to,点燃
be caught in,淋雨
lay eggs,[俚语](飞机) 投弹
carbon monoxide,"一氧化碳
[化] 一氧化碳"
abandoned,"a. 被抛弃的, 无约束的, 恣意放荡的"
absorb,"vt. 吸收, 使全神贯注, 同化, 买进, 理解, 承受, 忍受, 承担
[医] 吸收"
amaze,vt. 使吃惊
apart, 一份；一部分
apology,"n. 道歉, 辩护
[法] 道歉, 谢罪, 辩解者"
appetite,"n. 食欲, 欲望, 爱好
[医] 食欲"
bear,[网络] 蚕豆
belong,[网络] 不弄；很长时间才能发生；买空
blanket,[网络] 毛毯
book,[计] Adobe FrameMaker Book文件
burglar,"n. 窃贼
[法] 夜盗, 窃贼, 盗窃者"
canteen,"n. 水壶, 军中俱乐部, 临时流动餐馆, 小卖部"
cautious,"a. 谨慎的, 小心的"
chef,n. 厨师
cheque,n. 支票
cocoa,椰子，椰子树
comb,[网络] 梳子
concern,[网络] 关心；关系
conduct,"n. 行为, 举动, 指导
vt. 为人, 指挥, 管理, 实施
vi. 领导, 传导, 指挥"
contrast,"n. 差别, 对比, 对照物
vt. 使对比
vi. 成对照
[计] 反差; 对比度"
cosy,"a. 温暖舒适的
n. 保暖套"
count,"v. 重要；认为；算作；包括
n. 总数；点数；数出总数；（某物质在某物或面积中）量的计数
[网络] 计算；数量；数数"
cultural,"a. 文化的, 教养的, 修养的
[医] 培养的"
curiosity,"n. 好奇心, 新奇的事物, 珍品"
curiously,adv. 好奇地
decorate,v. 装饰
design,"n. 设计, 图样, 方案, 企图
v. 设计, 计划"
dessert,n. 餐后甜点
doubt,"n. 怀疑, 疑惑
v. 怀疑, 不信"
dustbin,垃圾箱
dynasty,"n. 朝代, 王朝"
eastern,"n. 东方人, 东正教徒
a. 东方的, 向东的, 自东的"
effect,"n. 结果, 影响, 效果, 印象
vt. 实行, 引起, 完成
[计] 效果"
entire,"n. 整个, 全部
a. 全体的, 完全的, 全部的"
exchange,"n. 交换, (电话)交换局, 交换机, 汇兑, 交易所
v. 交换, 交易, 兑换
[计] 交换; 电话局"
expectation,"n. 期待, 指望, 展望
[化] 期望值"
fancy,"n. 想象力, 幻想, 喜好
a. 想象的, 精美的, 新奇的, 奇特的, 高价的, 特级的
vt. 想象, 设想, 相信, 喜爱
vi. 想象, 幻想"
forever,"永远, 老是"
formal,"a. 正式的, 形式的, 礼仪的, 拘于礼节的, 拘谨的
n. 正式的社交活动"
former,[网络] -前任的
handkerchief,[网络] 手绢儿
honey,蜂蜜
indicate,"vt. 显示, 象征, 指示, 指出
[医] 指示"
jewel,"n. 珠宝, 贵重物, 镶珠宝的饰物
vt. 饰以珠宝, 镶以宝石"
kangaroo,"n. 袋鼠
[医] 袋鼠(澳洲产)"
laughter,n. 笑；笑声
lift,"n. 举起, 帮助, 昂扬, 电梯
vt. 升高, 提高, 鼓舞, 清偿, 空运, 举起, 剽窃
vi. 升起, 消散, 耸立"
local,abbr. low calorie 低卡路里
maid,"n. 少女, 未婚女子, 女仆"
mailbox,"[计] 电子邮箱, 信箱区"
majority,"n. 多数, 大半
[计] 多数逻辑"
manners,n. 礼貌
minority,"n. 少数, 未成年, 少数民族
a. 少数的, 属于少数派的"
northeast,[地名] 东北镇 ( 美 )
owe,"vt. 亏欠, 负...债, 归功于, 怀有, 应给予, 感恩
vi. 欠钱"
physician,"n. 医师, 内科医师, 解除痛苦者
[医] 主治医师"
preview,"n. 事先查看, 预览
vt. 事先查看, 预演
[计] 预览"
proverb," 代动词（意义依另一动词而定, 如She likes chocolate and so do I中的do）"
reasonable,adj. 合理的，公道的；通情达理的
reception,"n. 接待, 接受, 招待会
[医] 接受, 感受"
sailor,"n. 水手, 船员, 海员
[法] 水手, 船员, 海员"
scissors,"pl. 剪刀
[医] 剪"
sheet,"n. 薄片，纸张；薄板；床单
vt. 覆盖；盖上被单；使成大片
vi. 成片流动；大片落下
adj. 片状的
n. (Sheet)人名；(英)希特"
sink,"n. 藏垢的场所, 沟渠, 污水槽
vi. 下沉, 沉没, 下陷, 减弱, 衰退, 消沉, 堕落, 渗透
vt. 使低落, 使下沉, 陷于, 投入(资金等), 挖掘"
slice,"n. 薄的切片, 一部分, 菜刀
vt. 切成薄片, 切下
vi. 切
[计] 片"
soccer,n. 英式足球
splendid,"a. 光亮的, 了不起的, 灿烂的, 壮丽的, 显著的, 杰出的"
survive,"vt. 比...活得长, 生存, 生还, 幸免于
vi. 活下来, 幸存"
tasty,"a. 好吃的, 可口的"
trial,"n. 审判, 试验, 艰苦, 麻烦事, 考验
a. 审讯的, 试验性的"
twin,"n. 双胞胎中一人, 一对非常相像的人(或物)中的一个
a. 双胞胎的, 成对的, 孪生的
vi. 生双胞胎, 成对
vt. 怀(双胞胎), 使成对"
vase,"n. 花瓶, 瓶"
waiter,[地名] 韦特河 ( 澳 )
waitress,"n. 女侍者, 女服务员"
wooden,"a. 木制的, 呆笨的, 木然的"
worth,"adj. 值…的
n. 价值；财产
n. (Worth)人名；(英)沃思；(德)沃特"
ashtray,[机] 灰盘
multi-cultural,adj. 多元文化的
well-off,"富裕的, 处境好的"
Czar,n. 沙皇
eyewitness,"un. 目睹
[网络] 目击证人；目击者；见证人"
ivory,"n. 象牙, 乳白色
a. 象牙制的, 乳白色的"
coffin,"n. 棺材, 灵柩
vt. 把...装进棺材"
Muslim,"n. 伊斯兰教, 伊斯兰教教徒"
salaam,"n. 额手礼, 问安
v. 行额手礼"
belong to,属于
get used to,习惯于...
give ... a lift,[网络] 让…搭车；搭便车
in return,作为报答
in search of,寻找
less than," 小于, 决不; 以内; 没有; 不足"
see ... off,"na. 送行；送别；告别；赶走
[网络] 给…送行；为…送行；给某人送行"
take apart,"na. 分解；拆分；剖析
[网络] 拆开；拆卸；卸开"
think highly of,"认为…很了不起,对…评价很高,非常看重"
a series of,"一系列..., 一批..."
along with,"与…一道,与…一起,连同…"
as if,"na. 彷佛；活像
[网络] 好像；仿佛；似乎"
as though,"好像, 仿佛"
at the moment,此刻
be filled with,充满…
in the long term,长远地
no longer,不再
not ... any longer,不再
over the years,"在这几年中, 在那几年中"
now that,"既然..., 由于..."
even if,即使
even though,"虽然, 尽管"
be proud of ...,"自豪, 高兴"
become known as ...,n. 以…而闻名
the Renaissance,[网络] 文艺复兴；文艺复兴时期；文艺复兴运动
accommodate,"vt. 使适应, 调和, 通融, 容纳, 向...提供
vi. 适应"
active,"a. 活跃的, 起作用的, 积极的, 有效的, 主动的, 活性的, 现行的, 现役的
n. 主动语态, 积极分子"
aid,comb.form [多用以构成专有名词]表示“…的慈善机构”，“为…募捐”：Ferry-aid
bacteria,"pl. 细菌
[医] 细菌, [无芽胞]杆菌"
battle,"n. 战役
v. 战斗"
burglary,"n. 夜盗行为, 盗窃, 盗窃行为
[法] 夜盗行为, 夜间入屋窃盗罪, 窃盗"
carving,"n. 雕刻品, 雕刻, 雕刻术"
circulate,"v. (使)流通, (使)循环, (使)传播"
citizen,"n. 市民, 公民
[法] 公民, 国民, 市民"
civil,"adj. 公民的；民间的；文职的；有礼貌的；根据民法的
n. (Civil)人名；(土)吉维尔；(法)西维尔"
colleague,"n. 同事, 同僚"
comment,"n. 注解, 批评, 评论, 备注
vi. 评论, 注解
[计] 备注"
commercial,"a. 商业的, 商用的, 商品化的
n. 商业广告节目"
confuse,"vt. 使混乱, 使狼狈, 使困惑
[法] 混淆"
construction,"n. 建筑, 构造, 建筑物
[化] 施工"
court,"n. 法院, 庭院, 奉承
vt. 献殷勤, 追求, 招致
vi. 求爱"
crop,"n. 农作物, 产量, 平头
vt. 收割, 修剪, 种植
vi. 收获
[计] 裁剪"
crowd,"n. 群众, 一伙人
vt. 拥挤, 挤满, 挤进"
dam,"n. 水坝；拦河坝；母兽；骒马
v. （在河上）筑坝
[网络] 大坝；水闸；堤"
date,"n. 日期, 约会, 枣椰树
vt. 约会, 定日期
vi. 注明日期, 过时"
decade,"n. 十年, 十"
discovery,"n. 发现, 被发现的事物
[法] 要求告知, 发现, 发觉"
disturbing,"a. 引起烦恼的, 令人不安的"
engineering,"n. 工程学, 工程, 操纵
[化] 机器; 机器学"
enormous,"a. 巨大的, 庞大的"
equal,"n. 对手, 匹敌, 同辈
a. 相等的, 平等的, 胜任的, 合适的, 平静的, 不相上下的
vt. 等于, 比得上
[计] 等长度编码"
equality,"n. 平等, 均匀, 相等
[法] 同等, 平等, 相等"
equip,"vt. 装备, 配备
[机] 设备, 装置"
expand,"vt. 使膨胀, 详述, 扩张
vi. 张开, 发展
vt. 展开
vi. 展开
[计] 展开; DOS外部命令:将原始DOS磁盘上的压缩文件解压缩并拷贝到硬盘上"
export,"n. 输出品, 输出
vt. 输出, 出口
vi. 输出物资
[计] 导出"
fertile,"a. 可繁殖的, 肥沃的, 生产多的
[医] 能生育的"
focus,"n. 焦点, 焦距
vi. 聚焦, 注视
vt. 使聚焦, 调焦, 集中
[计] 焦点"
foggy,"a. 雾深的, 模糊的"
freedom,"n. 自由, 坦率, 特权
[法] 自由, 自主, 免除"
freezing,"a. 冰冻的, 冷冻用的, 严寒的
[化] 冻结; 冻结作用; 凝固; 凝固作用"
generate,"vt. 产生, 发生, 导致
[电] 产生"
grain,"n. 谷粒, 颗粒, 谷类, 纹理, 本质
v. (使)成谷粒"
historical,"a. 历史的, 史实的, 历史上的
[法] 历史性的"
hunger,"n. 饥饿, 渴望, 饥荒
vt. 使挨饿
vi. 挨饿, 渴望"
hydro-electric,a. 水力电气的
illegal,"a. 违法的, 不合规定的
[经] 非法的, 犯规的"
judge,"n. 法官, 裁判员, 审判官, 鉴定人
vt. 审理, 鉴定, 判断, 判决, 裁定
vi. 下判断, 作评价"
justice,"n. 正义, 公平, 公正, 正确, 司法, 审判"
labour,"n. 劳动力，人工；分娩
vi. 劳动；分娩；费力地前进"
legal,"a. 法律的, 法定的, 合法的
[经] 法定权利; 法律(上)的, 合法的"
mineral,"n. 矿物, 无机物, 苏打水
a. 矿物的, 似矿物的"
move,"n. 行动；移动；搬家；活动
v. 移动；搬家；搬迁；前进
[网络] 搬动；感动；移动文件"
narrow,"n. 狭窄部分, 隘路
a. 狭窄的, 仔细的, 有限的, 勉强的, 狭隘的, 手紧的
vi. 变窄
vt. 使变狭窄"
nutrition,"n. 营养, 营养学
[医] 营养, 营养品"
observatory,"n. 天文台, 气象台, 了望台"
occupation,"n. 职业, 占有, 占有期, 占领, 占领军
[经] 占有, 占用, 职业"
order,"n. 次序, 规则, 命令
vi. 命令, 定货
vt. 整理, 命令, 定购
n. 顺序, 阶数
[计] 顺序, 阶数"
organisation,"n. 组织, 团体, 体制, 编制"
organise,"vt. 组织, 有机化, 给予生机"
output, [林]出材率
pest,[=proestrue]动情前期
poem,"n. 诗, 诗般美的事物"
production,产物离子
reduce,"vt. 减少, 分解, 降低, 使衰退, 把...分解, 把...归纳
vi. 减少, 减肥, 缩小
[计] 缩小"
reform,"v. 再作；改编(军队等)；(飞机在攻击后)重新编队
[网络] 扣帐"
regret,"n. 遗憾, 后悔, 悔恨, 抱歉, 歉意
vt. 为...感到遗憾, 后悔, 惋惜, 懊悔, 抱歉
vi. 感到抱歉"
relic,"n. 遗物, 遗迹, 纪念物, 遗风, 残留物"
reservoir,"n. 贮水池, 贮藏处, 贮备, 水库
vt. 储藏"
rid,[网络] 康威世界；示差折光检测器；琼脂扩散
ridiculous,"a. 荒谬的, 可笑的"
root,"n. 根, 根本, 根源, 基础, 底部
vt. 使扎根, 使固定, 根除, 肃清, 搜出, 用鼻拱
vi. 生根, 固定, 源于, 用鼻拱土, 寻找, 捧场, 支持"
shoplifting,"na. 入店行窃
[网络] 在商店行窃；店内盗窃；高买"
site,"n. 网站；站点；现场；位置
v. 使坐落在；为…选址
[网络] 场所；地点；场地"
skim,"vt. 撇取浮沫, 略读, 掠过
vi. 擦过, 浏览
n. 脱脂乳, 擦过, 表层物
a. 撇去浮沫的"
statistic,"n. 统计量
a. 统计的, 统计学的"
structure,"n. 结构；构造；体系；结构体
v. 使形成体系；系统安排；精心组织
[网络] 建筑物；组织结构；市场结构"
struggle,"n. 斗争, 努力, 奋斗
vi. 努力, 奋斗, 挣扎"
submerge,"vt. 使浸水, 使陷入, 淹没
vi. 潜入水中"
sunburnt,[网络] 太阳晒伤；晒伤的；太阳晒焦
super,"n. 跑龙套角色, 冗员, 特级品, 特大号, 管理人
a. 上等的, 特大的, 超级的, 极好的, 十分的, 过分的
adv. 非常"
terminal,"n. 终端机, 终点, 末端, 极限, 终点站
a. 终点的, 定期的, 致死的, 结尾的, 末端的, 晚期的
[计] 终端; 终端设备"
therefore,adv. 因此；所以
underline, 腹线
unfair,"a. 不公平的, 不正直的, 不正当的
[法] 不正直的, 不公平的, 偏颇的"
Vietnam,"n. 越南
 [地名] [亚细亚洲] 越南"
vote,"n. 投票, 选举, 选票, 表决, 选举权, 得票数
vi. 投票, 选举
vt. 投票选举, 投票决定, 公认, 使投票"
watchtower,了望塔
widespread,"adj. 广布的；蔓延的；普遍的
[网络] 普及的；广泛流传的"
employee,"n. 职员, 员工, 受雇人员
[化] 职工; 雇员"
fertilizer,"n. 肥料, 促进发展者, 受精媒介物
[化] 肥料"
livelihood,"n. 生计, 营生, 生活"
organic,"a. 器官的, 有机的, 组织的, 根本的
[医] 器官的, 有生命的, 有机的, 器质的"
peanut,(落)花生
sorghum,"n. 高粱, 芦黍糖浆, 甜得发腻的东西
[医] 蜀黍, 高梁"
soybean,[医] 大豆
specialise,"vt. 特加指明, 列举, 使专门化, 限定...的范围
vt.vi. (使)特化, (使)专化
vi. 成为专家, 专务, 专攻, 专门研究, 逐条详述"
strain,"n. 紧张, 拉紧, 张力, 过劳, 扭伤, 血缘, 种, 族, 气质, 曲调, 旋律, 口吻
vt. 使劳累, 拉紧, 过分使用, 扭伤, 滥用, 曲解, 滤
vi. 尽力, 努力, 紧拉, 弯曲, 被滤出"
Buddhist,"n. 佛教徒
a. 佛教的"
bulletin,"n. 公告, 布告, 公报
[电] 电子布告栏"
cliff,"n. 悬崖, 绝壁"
gorge,"n. 峡谷, 凹槽, 塞饱, 咽喉
vi. 狼吞虎咽
vt. 塞饱, 狼吞虎咽地吃"
harness,"n. 马具, 挽具状带子, 甲胄
vt. 给...上挽具, 驾驭, 披上甲胄, 利用...以产生动力"
sutra,"n. 箴言, 经典"
at the bottom of,在…的底部
at the top of,在…顶部
be close to,"接近于..., 在...附近, 在...左近"
be connected with,与...相连/联系
be satisfied with,对...感到满意
bring an end to,"结束,使完结"
build up,"树立, 增进, 增大, 堵塞
[化] 提升力"
catch fire, 着火着火; 失火; 发火; 走水
date from, 始于
end up,"竖着, 结束, 死"
focus on, 致力于; 使聚焦于; 对（某事或做某事）予以注意; 把…作为兴趣中心
for the first time,第一次
have a bad effect on,无
hold back,"na. 阻止；踌躇；隐瞒；抑制
[网络] 退缩；控制；退缩不前"
in a nutshell,"简括地说, 一句话"
in conclusion,最后
keep ... free from,无
keep ... free of,无
lead to,"导致, 通向"
little by little,渐渐
make efforts,作出努力
make sense,有意义
on the other hand,另一方面
put out,"v. 扑灭；熄灭；放出；伸出
[网络] 关；关熄；消灭，关"
rid ... of,"除去, 摆脱"
thanks to,由于
would rather,"倒愿意…,宁愿…"
under construction, （正在）修建中
admire,"vt. 赞美, 钦佩, 爱慕
vi. 称赞, 惊奇"
admission,"n. 准许进入, 入场费, 录用, 承认
[经] 加入, 入股"
advance,"n. 前进, 进展, 行过的路程
vi. 前进, 进展, 提高, 上涨
vt. 使前进, 促进, 提出, 提高, 使提前, 预付
a. 前面的, 预先的"
advanced,"a. 在前的, 高级的, 先进的, 年老的
[法] 预付的, 预支的, 垫付的"
alcohol,"n. 酒精, 酒
[化] 醇; 乙醇; 酒精"
amusement,"n. 兴味, 娱乐, 消遣
[法] 娱乐, 娱乐活动"
apologise,vi. 道歉（等于apologize）
apply,"vt. 涂, 应用
vi. 申请, 适用"
arrival,"n. 到达, 抵达, 到达者
[经] 到达, 到达物"
athletic,a. 运动的
attend,"vt. 参加, 照料, 伴随
vi. 专心于, 照顾, 服侍, 出席"
attraction,"n. 吸引, 吸引人的事物, 吸引力
[医] 吸引"
award,"n. 奖品, 裁定, 判决
vt. 授予, 给予"
battery,"n. 电池, 殴打
[化] 蓄电池"
bone,二等
bride,n. 新娘
bridegroom,n. 新郎
brochure,"n. 小册子, 小册"
bunch,"n. 串, 束
[医] 骨肿块(马)"
carpenter,n. 木匠
cartoon,"n. 卡通画, 漫画
v. 画漫画"
celebration,"n. 庆祝, 庆典"
ceremony,"n. 典礼, 仪式, 礼节
[法] 典礼, 仪式"
Christian,"n. 基督徒, 正派人
a. 基督的, 基督教的"
congratulations,n. 祝贺；恭喜；贺词（congratulation的复数形式）
contribute,"vt. 有助于, 捐助, 投稿
vi. 出力, 捐献, 投稿"
custom,"n. 习惯, 风俗, 海关, 自定义
a. 定制的
[计] 定制; 自定义"
darkness,[网络] 黑暗海角
decoration,"n. 装饰, 装饰品"
drown,"vi. 淹死
vt. 把...淹死, 淹没"
Easter,n. 复活节
entrance,"n. 入口, 进入点, 入场, 入学, 进入, 开始(阶段), 就任
vt. 使出神, 使入迷
[计] 入口"
fantasy,"n. 幻想, 想象的产物
[医] 幻想"
feast,"n. 宴会, 酒席, 享受, 节日
vt. 款待, 享乐, 请客
vi. 参加宴会, 尽情地吃, 享受"
fool,"n. 愚人, 受骗者, 奶油拌水果
vt. 愚弄, 欺骗, 浪费
vi. 干傻事, 开玩笑, 游荡
a. 傻的"
forgive,"vt. 原谅, 宽恕, 免除
[法] 免除, 宽恕, 原谅"
gather,"n. 集合, 聚集
vi. 聚集, 集合, 渐增
vt. 使聚集, 搜集, 积聚"
harvest,"n. 收获, 成果, 收获物, 收获期
v. 收割, 收获"
independence,"n. 独立, 自立, 自主
[医] 自主性, 独立性"
independent,"adj. 独立的；自主的；自治的；不相干的人所做的（或提供的）
n. 无党派议员（或候选人等）
[网络] 有主见的；独立报；独立自主的"
invitation,"n. 邀请, 请柬, 引诱
[经] 邀请, 招待, 吸引"
jungle,"n. 丛林, 杂乱的一堆, 弱肉强食的地方"
lantern,"n. 灯笼, 提灯, 航标灯
vt. 装上提灯"
litre,"n. 升, 公升
[计] 升"
mat,[网络] -垫
Mexico,n. 墨西哥
origin,"n. 起源, 起因, 出身, 开端
[计] 原点; 起始地址; 信件来源的相关数据"
outing,"n. 郊游, 远足
a. 远足适用的"
preserve,"vt. 保护, 保持, 保存, 维持, 腌, 禁猎
vi. 加工食品, 禁猎
n. 加工成的食品, 禁猎地, 保护区, 防护物"
religious,"a. 宗教性的, 虔诚的, 宗教上的, 严谨的
n. 修道士, 出家人"
remind,"vt. 提醒, 使想起"
retire,"n. 隐居
vi. 引退, 退役, 退休, 退去, 撤退, 退却
vt. 使...撤退, 辞退"
rooster,"n. 公鸡, 栖息的鸟
[机] 炉篦"
scholarship,"n. 学问, 学术成就, 奖学金"
seriously,"adv. 严肃地, 认真地, 严重地"
serve,"vt. 可作...用, 服务, 经历, 招待, 供应, 送交, 对待
vi. 服务, 服役, 侍应, 适合, 有用, 开球
n. 发球, 轮到发球"
settler,"n. 移民者, 解决者, 结算员
[化] 沉淀池; 沉降器; 澄清槽"
shuttle,"n. 穿梭, 梭子, 往返移动之物
v. (使)穿梭移动, 往返运送"
sneaker,"n. 鬼鬼祟祟做事的人, 卑鄙者, 帆布胶底运动鞋"
sticky,"a. 粘的, 有粘性的, 顽固的"
stocking,"n. 长袜
[医] 马足水肿; 长袜"
swing,"n. 摇摆, 振幅, 音律, 节奏, 涨落, 秋千, 旋转, 行动自由
vi. 摇摆, 悬挂, 旋转, 大摇大摆地走, 转向
vt. 挥舞, 使旋转, 使转向, 悬挂, 吊运
a. 旋转的, 悬挂的, 强节奏爵士音乐的"
theme,[计] Windows桌面主题文件
tourism,"n. 观光业, 游览
[经] 旅游业"
tournament,"n. 比赛, 竞赛, 锦标赛, 联赛"
translator,"n. 翻译者
[计] 翻译程序; 翻译器"
trick,"n. 诡计, 欺诈, 谋略, 恶作剧, 习惯, 决窍
vt. 愚弄, 欺骗, 装饰
vi. 哄骗, 戏弄
a. 有决窍的, 特技的, 欺诈的, 漂亮的, 靠不住的"
turkey,"n. 火鸡, 无用的家伙, 土耳其"
unique,"a. 独一无二的, 独特的, 稀罕的"
various,"a. 不同的, 各种的, 多方面的, 许多的, 个别的, 杂色的
[法] 不同的, 种种的, 各式各样的"
wedding,"n. 婚礼，婚宴；结婚；结合
v. 与…结婚（wed的ing形式）
n. (Wedding)人名；(德)韦丁"
weep,"n. 哭, 哭泣
vi. 哭泣, 流泪, 哀悼, 滴落
vt. 哭着使..., 悲叹, 滴下"
worldwide, 全球的
carol,[网络] 凯罗尔
crown,"n. 王冠, 王权, 顶点
vt. 使成王, 加冕, 居...之顶"
dragon,"n. 龙；凶暴的人，凶恶的人；严厉而有警觉性的女人
n. (Dragon)人名；(匈)德劳贡；(英、法、芬、罗、匈)德拉贡"
pudding,n. 布丁
snack,"n. 小吃, 点心, 快餐
vi. 吃零食, 吃快餐"
announcer,"n. 节目报告员, 宣告者"
blossom,"n. 花, 花开的状态, 兴旺期
vi. 开花, 兴旺, 发展"
cherry,"n. 樱桃, 樱桃树, 樱桃色
[医] 樱桃"
craftsman,n. 工匠；手艺人；技工
Halloween,n. 万圣节前夕（10月31日夜）
incense,"n. 香, 香气, 奉承
vi. 焚香
vt. 用香焚, 使发怒"
Jesus,[网络] 耶稣
joust,"n. 马背长矛打斗, 格斗
vi. 进行马上长矛比武"
lunar,[地名] 卢纳河 ( 巴西 )
magpie,"n. 鹊, 珍种家鸽, 饶舌的人
a. 鹊的, 有收集癖的"
necessity,"n. 需要, 必需品, 必然
[法] 必要性, 必然性, 必要"
pirate,"n. 海盗, 盗印者, 侵犯专利权者
vt. 盗印, 掠夺, 翻印
vi. 做海盗, 从事劫掠"
rosebud,n. 玫瑰花蕾；蔷薇花蕾；妙龄少女
seasonal,"a. 季节的, 依照季节的, 周期性的
[经] 季节性的, 季节的"
weave,"n. 编法, 织法, 编织式样
vt. 编织, 组合, 编排, 使迂回前进
vi. 纺织, 迂回行进"
be modelled after,无
bean paste,豆酱
best man,男傧相
come to life,苏醒
day and night,日以继夜
depend on,"依靠, 依赖"
dress up,"na. 乔装；装扮；为…打扮；盛装打扮
[网络] 穿上盛装；装饰；精心打扮"
get close to, 接近; 附; 迫临; 际
have fun with, 玩得开心
hold one's breath,屏息
hot pot,n. 火锅
in memory of,纪念...
look forward to," 期望, 盼望; 瞩望; 属望; 企"
lunar month," 朔望月, 太阴月"
no wonder,不足为奇的
parking lot,停车场
play a trick on," 捉弄某人, 对某人恶作剧; 撮弄"
put up,"adj. 预先商定的
[网络] 举起；张贴；搭起"
remind ... of ...,"v. 提醒
[网络] 使记起；想起；使想起"
set off,"na. 分；分割；划开；区划
[网络] 出发；动身；引起"
sweet dumpling,无
the Dragon Boat Festival, 端午节（端午节为每年农历五月初五，本来是夏季的一个驱除瘟疫的节日，后来楚国诗人屈原于端午节投江自尽，就变成纪念屈原的节日。端午节的习俗有吃粽子、赛龙舟、挂菖蒲、蒿草、艾叶、薰苍术、白芷，喝雄黄酒等）; 端节
the Lantern Festival, 元宵节
the Mid-Autumn Festival,[网络] 中秋节
turn up,"v. 朝上翻；出现
[网络] 开大；找到；露面"
tell jokes, 讲笑话
in advance,"预先
[经] 预先"
roller coaster, 过山车
Valentine's Day,n. 情人节（每年2月14日）
absence,"n. 缺席, 缺乏, 没有
[医] 失神"
admit,"vt. 承认, 接受, 允许进入, 容许
vi. 开向, 容许, 承认"
adviser,"n. 顾问, 劝告者, 指导教师
[法] 顾问, 劝告者"
arrow,"n. 箭, 箭状物, 箭头记号"
athlete,"n. 运动员, 运动选手
[医] 运动员"
attempt,"n. 尝试, 企图
vt. 尝试, 企图"
badminton,n. 羽毛球运动
bargain,"n. 交易, 买卖协定, 特价商品
v. 讲价, 交易"
basis,"n. 基础, 主要成分
[化] 基底"
bitter,"a. 苦的, 痛苦的, 怀恨的
adv. 刺骨
v. (使)变苦"
boundary,"n. 边界, 分界线
[计] 边界"
bowling,n. 保龄球戏
boxer,n. 拳师
boxing,"n. 拳击
[医] 围模(牙科)"
budget,adj. 预算的；与形容词；像'low'和'big'连用形成形容词指花费多少钱的尤指拍电影的预算；comb
champion,"n. 冠军, 拥护者, 战士
vt. 保卫, 拥护
a. 优胜的"
charge,"n. 指控, 费用, 冲锋, 电荷, 炸药, 主管, 被托管人, 命令
vt. 控诉, 加罪于, 使充满, 使充电, 使承担
vi. 冲锋, 要价, 收费"
Coke,"n. 可口可乐, 焦炭
v. (使)成焦炭"
committee,n. 委员会
compete,"vi. 竞争, 对抗"
contemporary,"n. 同时代的人
a. 同时代的, 属于同一时期的"
continent,"n. 大陆, 洲
a. 自制的"
deserve,"vt. 该得到, 值得
vi. 应得报答"
dive,"n. 潜水, 跳水
vi. 跳水, 俯冲, 猛冲
vt. 把...突然伸入"
event,"n. 事件, 结果, 事情的进程, 竞赛项目
[计] 事件"
excite,"vt. 刺激, 使兴奋, 激励"
final,"n. 期末考试, 结局, 决赛
a. 最后的, 终极的, 决定性的"
fine,"n. 罚款, 罚金, 晴天, 精细
a. 好的, 晴朗的, 健康的, 细小的, 精细的
vt. 罚款, 精炼, 澄清
vi. 变清, 变细
adv. 很好
[计] 精细"
foolish,"a. 愚蠢的, 傻的"
Greece,n. 希腊
gymnasium,"n. 健身房, 体育馆
[医] 体育馆, 健身室, 运动场"
gymnastic,"a. 体操的, 体育的"
gymnastics,"n. 体操, 体育
[医] 体操, 体育"
heavyweight,【体育】重量级(摔跤或拳击手)；[口语]重要人物；才智非凡的人物
honour,"n. 荣誉, 头衔, 信用, 尊敬, 名誉, 阁下, 勋章
vt. 尊敬, 授予荣誉, 承兑, 实践"
hopeless,"a. 无希望的, 绝望的, 不可救药的"
host,"n. 主人, 旅馆老板, 节目主持人
vt. 当主人招待, 作...节目主持人
[计] 主机, 宿主机"
jog,"n. 轻推, 轻撞, 慢跑
v. 轻推, (使)蹒跚行进, (使)慢跑"
joy,"n. 欢喜, 乐事, 高兴
vt. 使快乐, 令人高兴
vi. 欢喜"
kettle,"n. 茶壶, 罐
[化] 釜体釜; 锅"
kung fu,n. 中国功夫
league,"n. 同盟, 联盟, 盟约
v. 组联盟, (使)加盟"
lemonade,"n. 柠檬水
[医] 柠檬水"
magical,"a. 魔术的, 有魔力的, 不可思议的"
marathon,"n. 马拉松, 耐力的考验"
meanwhile,[网络] 同时；表示同一时间；与此同时
medal,"n. 奖牌, 勋章
vt. 授勋予"
motto,"n. 箴言, 座右铭, 警句"
movement,[网络] 运动；活动化；移动
nest,[网络] 巢
net,"adj. 无虚价的；基本的；最后的；最后的(定论)
n. 纯利；净值；实价；纯量
v. 编网；编结网状物；〔诗〕成网状；撒(网)
[网络] 网络；净重(Netweight)；球网"
nowadays,[网络] 现在；现在数天
Olympic,"a. 奥林匹亚的, 奥林匹斯山的, 强有力的, 巨大的"
opening,"n. 开始, 口子, 穴, 揭幕
a. 开始的"
outdoors,"adv. 在户外
n. 户外
adj. 户外的（等于outdoor）"
participant,"n. 参加者, 参与者
a. 有份的, 参加的, 参与的"
physical,"a. 身体的, 物质的, 自然的, 物理学的, 好色的
n. 体格检查"
ping-pong,苹婆
precious,"a. 宝贵的, 珍贵的, 过于精致的, 珍爱的"
referee,"n. 仲裁人, 调解人, 裁判员
v. 仲裁, 裁判"
regular,"a. 规则的, 常例的, 有秩序的, 整齐的, 等边的, 定期的, 经常的, 合格的, 常备军的
n. 正规军, 正式队员
adv. 经常地
n. 正常体
[计] 正常体"
remove,"vt. 移动, 调动, 除去, 迁移, 开除, 移交
vi. 迁移, 移动, 搬家
n. 班级, 升级, 移动, 搬家, 间距
[计] 删除"
replace,"vt. 取代, 代替；替换, 更换；归还, 偿还；把…放回原处"
roof,"n. 屋顶, 室顶
vt. 给...盖屋顶, 遮蔽"
routine,"n. 常规, 日常工作, 惯例, 例行公事
a. 日常的, 常规的
[计] 例程"
rugby,"n. 橄榄球, 橄榄球赛"
shot,"n. 发射, 炮弹, 射击, 射手, 投篮, 射门, 子弹, 射程, 拍摄, 注射
vt. 装弹, 使成颗粒状
a. 杂色的, 交织着的, 渗透的, 点焊的, 破旧的
shoot的过去式和过去分词"
significance,"n. 重要性, 意义, 意味
[计] 有效; 有效性"
stadium,"n. 露天大型运动场
[医] 期, 病期"
swift,"swift
[swift]
adj.
迅速的，快速的，快速进行的
突然发生的；立刻的
敏捷的，反应快的
立即作出的，到来(或作出)得快的；短暂的
机警的；动辄…的(与 to 连用)
adv.
[多用以构成复合词]快，迅速地；敏捷地
n.
【鸟类】雨燕科(Apodidae)鸟类
[亦作 swift moth,ghost moth]【昆虫】蝙蝠蛾[蝙蝠蛾科(Hepialidae)蛾]
【动物】(爬行迅速的)小蜥蜴( = spiny lizard)
【纺织业】
绷架；纱框；箴子
(梳棉机等的)大滚筒；大锡林
变形：
adj.
swifter
. swiftest"
technique,"n. 技巧, 技术, 方法
[化] 工艺方法; 技巧"
tie,"tie
[tai]
vt.
(用绳、带、线等)系，拴，绑，扎：
系紧…的带子；束牢…的带子；捆：
打(结)；把(带等)打结：
把…扎制成：
【钓鱼】制作(假蝇)：
使结合；把…联系在一起：
[口语]使结为夫妻：
限制，约束，束缚：
与…打成平局，平分秋色，(在比赛中)与…得分相等；平…的记录：
【音乐】用连接符号连接(音符)
【铁路】铺设枕木；固定铁轨
vi.
系，扣：
打结；能打结：
(比赛中)打成平局；得分相同：
结合，连接
约束，限制
n.
(系结、拴物用的)带子；绳；索
领带；结饰；蝴蝶结领结
[复数]低帮系带鞋
关系；联系；纽带；友情；血缘关系
限制，束缚
(比赛等)得分相等，平局；(竞争对手)得票相等
【音乐】连结线
[美国英语] 【铁路】枕木 [尤英国英语亦作 sleeper ]
【航海学】 =tye
【建筑业】连系材
近义词:
bind
. attach
. fasten
反义词:
separate
. part
短语:
count (或hit) the ties
[美国俚语]沿铁轨徒步旅行
fit to be tied
[口语]十分恼火
four-in-hand tie
一种活结领带 [亦作 four-in-hand]
hit the ties
= count the ties
old school tie
(英国公学)校友戴的领带
同学情谊
play (或shoot,run) off a tie (或draw)
【体育】平局后再赛(或加赛)以决胜负
ride and tie
见 ride
the silken tie (或bond)
[诗歌用语]情爱的缱绻，情丝
tie one on
[美国俚语]喝醉；闹饮
变形：
vt.
tied
. tying"
toast,"n. 吐司, 烤面包, 干杯
vt. 敬酒, 烤, 使暖和
vi. 烤, 烘"
torch,"n. 火把, 启发之物
[化] 火炬"
track,"n. 轨迹, 足迹, 径迹, 小道, 轨道, 磁轨, 途径
vt. 循路而行, 追踪, 通过, 用纤拉
vi. 追踪, 留下足迹, 沿轨道运行
[计] 跟踪"
transport,[网络] 运输
underwear, 潜水内衣
unusual,"a. 不寻常的, 罕见的, 与众不同的"
volunteer,"n. 志愿者
a. 志愿的
v. 自愿"
well-known, 众所周知的; 出名的
whistle,"n. 口哨, 汽笛, 啸啸声, 口哨声
vi. 吹口哨, 鸣汽笛, 发嘘嘘声
vt. 用口哨或吹哨传意, 用口哨演奏"
wrestling,n. 摔跤
wrist,"n. 手腕, 腕关节
[医] 腕"
hurdle,"n. 障碍, 跳栏, 临时活动篱笆
vt. 用篱笆围, 越过, 克服"
goddess,"n. 女神, 美女, 受崇拜的女性"
mascot,"n. 福神, 吉祥的东西"
snowboarding,"v. 测雪板(snowboard的现在分词 )
n. 单板滑雪; 滑板滑雪; 滑雪板"
snowrafting,无
striker,"n. 打击者, 罢工者
[经] 罢工者"
surf,"n. 海浪, 拍岸浪
vi. 作冲浪运动"
surfing,n. 冲浪运动
wreath,"n. 花圈, 花环, 圈状物
[医] 花冠, 花冠体(细胞核分裂的一时期)"
ankle,"n. 踝
[医] 踝, 踝关节"
as well,也
in charge,"主管, 看管, 在...看管下"
in honour of,"为纪念, 为庆祝"
lead the way,"带路, 示范"
make way for,"v. 让路
[网络] 给……让路；让路给；让路于"
one after another,"接连地
[计] 批次发送"
pass on,"na. “pass away”的变体；递；传达；通过
[网络] 传递；传授；把…传给别人"
pass sth. on,"na. “pass away”的变体；递；传达；通过
[网络] 传递；传授；把…传给别人"
pass sth. on to sb.,[网络] 传递给；传给；传与后代
power boating,[网络] 汽艇；摩托艇；电动船
stand for,"代表, 代替, 象征, 支持, 担任...的候选人
[法] 代替, 代表, 拥护"
take part in,"参与, 参加
[经] 参加, 参与"
table tennis,乒乓球
the International Olympic Committee, 国际奥林匹克委员会；国际奥委会
IOC,[网络] 国际奥委会；国际奥会；国际奥林匹克委员运
take exercise,"做体操,做健身活动"
no doubt,无疑地
on purpose,"故意
[法] 故意地"
as long as,只要...
lie down,躺下
at the end of,"在…末尾,在…结束时"
at the start of,[网络] 在…开始的时候；在……的开始；在---的开端
not ... any more,"不再, 不比...多"
in a way,"在某种程度上, 稍稍"
in fact,"事实上
[法] 事实上"
a great many,许许多多
hold up,"举起, 支撑, 继续下去, 阻挡, 拦截
[法] 支撑, 继续下去, 阻塞"
aboard,"un. A台
[网络] 木板；钻木板；上有一块板"
access,"n. 通路, 入口, 接近, 进入, 使用权, 发作
vt. 访问, 存取, 接近, 使用
[计] 访问, 存取"
accessible,"a. 易接近的, 可进入的, 可使用的, 易受影响的, 可理解的"
alien,阿连
android,"n. 机器人
[医] 男性样的
[计] Google 公司设计的开源移动端操作系统"
anyhow,[口语]粗枝大叶地，胡乱地；无论如何；反正
appearance,n. 外貌，外观；出现，露面
application,"n. 应用, 申请, 志愿书, 应用程序
[计] 应用, 应用程序"
appropriate,"adj. 适当的
vt. 占用；拨出"
arise,"vi. 站立, 出现, 起来"
artificial,"a. 人造的, 假的, 非原地产的
[医] 人工的, 人造的, 伟牟"
assume,"vt. 假定, 承担, 呈现
vi. 装腔作势, 僭越"
astronomer,n. 天文学家
base,"n. 底部, 垒, 基础, 基地
vt. 以...作基础
a. 卑鄙的, 低劣的
[计] 基准"
blank,"n. 空格, 空白
a. 空白的, 空虚的, 完全的, 无色的
vi. 消失, 成为空白
vt. 使无效, 取消, 封锁
[计] 空白"
breakdown,"v. 分解；抛锚；分析；划分
[网络] 损坏；出故障；瓦解"
breeding,"n. 教养, 生育, 饲养
[医] 生育, 繁殖, 育种, 饲养"
calculate,"v. 计算, 预测, 计划, 打算"
case,"n. 情形, 情况, 箱, 容器, 事实, 病例, 案例, 框子
vt. 装箱, 包盖"
centimetre,[网络] 厘米
coach,"n. 四轮大马车, 教练
vt. 训练, 指导
vi. 坐马车旅行, 作指导"
create,"vt. 创造, 建造, 引起, 任命"
data,"pl. 资料, 数据
[计] 数据; DOS内部命令:用于显示或设定系统的日期"
definite,"a. 明确的, 一定的
[法] 明确的, 确切的, 一定的"
detective,"n. 侦探
a. 侦探的"
disadvantage,"n. 缺点, 不利, 坏处"
disk,"n. 圆盘, 磁盘
[计] 磁盘"
dismiss,"vt. 解散, 开除, 解职
vi. 解散
[计] 解散"
download,"[计] 下装, 卸载"
dozen,"n. 打, 十二个
a. 一打的"
due,"n. 应得的东西, 应付款
a. 到期的, 应得的, 应付的, 约定的"
electronic,"a. 电子的
[计] 电子工业协会接口"
examine,"v. 检查, 调查, 考试"
existence,"n. 存在, 生存
[法] 存在, 存在状态, 实体"
expert,"n. 专家, 行家
a. 老练的, 内行的, 专门的
[计] 高级"
explore,"v. 探险, 探测, 探究"
fantastic,[网络] 电扇探密
finance,"n. 财政, 财务
vt. 供给...经费, 负担经费
vi. 筹措资金"
genetics,"n. 遗传学
[化] 遗传学"
goal,"n. 目标, 终点, 得分, 球门, 守门员
vi. 攻门, 射门得分"
hairy,"a. 多毛的, 毛状的, 长毛的"
institute,"vt. 开始（调查）；制定；创立；提起（诉讼）
n. 学会，协会；学院"
intelligence,[网络] 智力；理解力；智能
invent,"vt. 发明, 创作, 虚构
[机] 发明"
invention,"n. 发明, 创作能力, 虚构的故事
[经] 发明"
keyword,"关键字, 保留字
[计] 关键字"
link,"n. 环, 连结物, 链接, 火把
vt. 连结, 联合, 挽住
vi. 连接起来
[计] 连接, 链路"
log, = -logue
logical,"a. 合逻辑的, 合理的；逻辑学的"
military,"n. 军队
a. 军事的, 军人的, 适于战争的"
mobile,[网络] -移动
mop,"n. 拖把, 鬼脸
vt. 用拖把洗擦, 擦, 拭
vi. 做鬼脸
[计] 维护操作协议"
network,[机] 净功
north-west,"un. 西北
[网络] 西北省；西北地区；西北部"
operator,"n. 操作员, 行家, 经纪人, 算子, 运算符
[计] 运算符"
pass,"n. 经过, 要隘, 途径, 通行, 护照, 及格
vt. 经过, 越过, 通过, 批准, 度过, 传递, 忽略
vi. 经过, 变化, 流通, 及格, 宣判, 终止, 消逝, 被忽略, 不叫牌, 传递
[计] 遍"
percentage,"n. 百分比, 比率, 部分, 可能性
[计] 百分比"
personal,"a. 私人的, 涉及隐私的, 有人性的, 人称的, 亲自的, 身体的
[医] 人的; 个人的, 自身的"
personally,adv. 亲自地；当面；个别地；就自己而言
relative,"n. 亲戚, 关系词
a. 有关系的, 相对的, 比较的"
relativity,"n. 有关系, 相关性, 相对性
[化] 相对性"
researcher,n. 研究人员
reserve,[网络] 再服务
rocket,"n. 火箭, 烟火
vi. 急升, 猛涨, 飞驰
vt. 用火箭运载"
schoolboy,n. 男学生；学童
scientific,"a. 科学的, 系统的, 符合科学规律的
[计] 科学记数法"
shorten,"vt. 弄短, 缩短, 减少
vi. 缩小, 变短"
sideways,[网络] 杯酒人生；向一边的；发球得分制
signal,"n. 信号, 暗号, 近因, 导火线
vt. 向...作信号, 标志, 用信号通知
vi. 发信号
a. 作为信号的, 显著的
[计] 信号"
software,软件;程序设备;语言设备;方案;设计计算法
solve,"vt. 解决, 付给, 溶解
vt. 求解
vi. 求解
[计] 求解"
source,"n. 来源, 水源, 根源, 原始资料, 源
[计] 来源, 源程序"
specialist,"n. 专门医师, 专家
a. 专业的, 专家的"
statistics,"n. 统计学, 统计资料
[计] 统计信息"
sum,"n. 总数, 总和, 金额, 概要, 顶点
vt. 总计, 概括
vi. 合计
[计] 系统实用程序和维护"
tale,"n. 故事, 谎言, 谣言, 陈述, 叙述
[法] 虚语, 诽语, 谣言"
teammate,同队队员
technological,"a. 技术的
[经] 工艺的, 技术的"
technology,"n. 技术, 工业技术, 术语
[医] 技术学, 工艺学"
tick,"n. 滴答声, 一瞬间, 壁虱, 褥套, 信用, 赊欠
vi. 滴答响, 活动
vt. 滴答地记录, 标记号于"
total,[地名] 托塔湖 ( 哥伦 )
tube,"n. 管, 软管, 隧道
vt. 把...装管, 使通过管子
[计] 管子"
type," 表示：“典型”,“范例”,“样板”,“类型”：prototype; “版”,“铅字”,“印刷”：ferrotype"
unexplained,"[法] 未经说明的, 未经解释的"
universal,"a. 全世界的, 普遍的, 宇宙的, 通用的
n. 一般概念"
via,"prep. 取道，通过；经由
n. (Via)人名；(意、孟)维亚"
villager,n. 村民
virus,"n. 病毒, 滤过性病毒, 毒害
[化] 病毒"
web,[网络] 蜘蛛网；换为
witness,"n. 证人, 目击者, 证据, 证词
vt. 目击, 作证, 证明, 表明
vi. 作证人, 作为证据"
zoology,"n. 动物学, 动物区系
[医] 动物学"
mystery,"n. 秘密, 神秘, 奥秘"
UFO,[网络] 不明飞行物；哈罗；好交通工具了
unidentified flying object,"n. 不明飞行物, 飞碟"
abacus,"n. 算盘
[计] 算盘"
analytical,[科技] 分析的
chip,[网络] 新电脑；中游晶粒切割；金属切削加工过程中切屑
mathematical,[数] 数学的
PC, [医][=phlogistic corticoid]炎性皮质激素类
personal computer,"个人电脑
[计] 个人计算机"
PDA,abbr. 个人数字助理（等于Personal Digital Assistant）
personal digital assistant, 电子记事簿
spoil,"n. 战利品, 赃物, 奖品, 变质, 次品
vt. 损坏, 破坏, 溺爱
vi. 腐坏, 掠夺"
transistor,"n. 晶体管
[化] 晶体管"
biochemistry,[网络] 生物化学；生化；生化学
hybrid,"n. 混血儿, 杂种, 混合物
a. 混合的, 杂种的, 混合语的
[计] NetWare的主机实用程序, 双重用户建立程序"
add ... to ...,"na. 增加
[网络] 增添；增进；添加"
as a result,结果
be divided into, [法]划分为
be short for, 是…的简称；是…的缩写
come up with,"赶上, 提出"
compared with,与…相比
deal with,"安排, 处理, 涉及, 做生意"
dozens of,"几十个,数十个;许多…"
due to,"由于, 应归于"
fall asleep,"入睡, 长眠, 懈怠, 静止不动"
from ... on,无
from that moment on,从那时起
get away from,"离开,摆脱,脱离"
in the area of,在…方面
look into,"窥视, 浏览, 观察
[法] 调查"
make one's way to,到...去
make progress,取得进步/展
make sure,确定
out of date,"过时的, 废弃的
[化] 过期的; 过时的"
show up,"na. 显眼；揭发；嘲笑；露面
[网络] 出现；出席；揭露"
step up,"v. 加紧；走上前；登上；增加
[网络] 舞出我人生；提高；舞出真我"
take charge of,"掌管..., 负责..., 看管..., 不受...控制
[法] 负起管理之责, 失去控制"
till now,直到目前
watch over,"监督, 保护, 照管
[法] 监视, 保护, 预防"
with the help of,"借助于…,在…的帮助下"
addition,"n. 加法, 增加的人(或物)
[计] 加法"
album,"n. 粘贴簿, 唱片套
[医] 白色物"
attach,"vt. 附上, 使依附, 使附属, 使喜爱, 系, 缚
vi. 附属, 归属, 联系在一起
[计] 挂接服务器命令, 关联, 挂接, 附加"
attractive,"a. 吸引人的, 有魅力的
[法] 有吸引力的, 有迷惑力的"
Austria,n. 奥地利
ballad,n. 歌谣
ballet,n. 芭蕾舞
ballroom, 舞
band,[网络] B提供住宿及早餐；连接两个并列成份
beauty,"n. 美, 美人"
best-seller,"畅销书, 畅销书作者
[经] 畅销品"
brief,"n. 摘要, 简报
a. 简短的, 短暂的
vt. 对...作简报, 摘要, 节录"
broadcast,[机] 撒施
carriage,"n. 马车, 客车, 举止, 运输
[经] 搬运费, 运费"
catchy,"a. 易记住的, 欺骗性的, 不规则发生的"
CD,"abbr. (=compact disc)激光唱片
n. 光盘
[网络] 镉；光盘(compact disc)；文件大小"
choir,"n. 唱诗班, 唱诗班的席位
v. 合唱"
classical,"古典的,标准的,典型的"
collection,"n. 收集, 采集, (一批)收藏品, 募捐
[医] 收集; 收集品, 标本"
complex,"n. 综合体, 情结, 络合物
a. 复杂的, 组合的"
compose,"vt. 组成, 写作, 作曲, 使平静
vi. 创作, 排字
[计] 编写"
confident,"a. 有信心的, 有把握的"
creative,"a. 有创造力的, 创作的, 产生的"
dip,"v. 浸, 降下, 把(手、勺等)伸入, 舀取
n. 浸, 涉猎
[计] 双列直插式组件, 分布式输入输出系统, 双排直插封装"
director,"n. 主任，主管；导演；人事助理
n. (Director)人名；(英)迪雷克托"
disappoint,vt. 使失望
earn,"vt. 赚得, 获得, 博得
[计] 欧州科学研究网"
extra,"n. 额外的事物, 另外的收费
a. 额外的, 特别的
adv. 额外地, 特别地, 非常地"
extraordinary,[网络] 寻常領域；超凡；非常规
extremely,"adv. 极端地, 非常地"
familiar,"a. 熟悉的, 常见的, 亲密的
n. 熟友, 常客"
folk,"n. 人们, 家人, 亲属, 民族
a. 民间的"
form," 表示：具有...形状：dentiform,有...种形式：triform"
general,"n. 一般, 将军, 大体
a. 全面的, 大体的, 总的, 一般的, 普遍的
n. 常规
[计] 常规"
genius,"n. 天才, 天赋, 精神, 神魔
[医] 特征"
hairstyle, [医]发型; 发式
humorous,"a. 富幽默感的, 滑稽的, 诙谐的"
immigrant,"n. 移民
a. 移入的, 移民的"
impress,"n. 印象, 特征, 印记
vt. 使有印象, 印, 铭刻, 传送, 影响, 强征
vi. 给人印象"
influence,"n. 影响力, 权力, 势力
vt. 影响, 改变"
instrument,"n. 工具, 手段, 仪器
[化] 仪器"
jazz,"n. 爵士乐, 喧闹
a. 爵士乐的, 喧吵的
vi. 演奏爵士乐, 跳爵士舞, 游荡
vt. 奏爵士乐, 使活泼"
lose,"vt. 遗失, 损失, 丢失, 使失去, 错过, 浪费, 迷失, 使迷路, 输去, 使沉溺于
vi. 受损失, 失败"
lyrics,n. 歌词
mask,"n. 面具, 假面具, 掩饰, 石膏面模
vt. 戴面具, 掩饰, 使模糊
vi. 化装, 戴面具, 掩饰, 参加化装舞会
[计] 屏蔽; 掩码"
millionaire,"n. 百万富翁, 大富豪
[经] 大资本家, 巨富, 百万富翁"
musical,"n. 音乐片, 音乐舞台剧
a. 音乐的, 声音美妙的, 喜爱音乐的"
musician,"n. 音乐家, 乐师, 作曲家"
noble,"n. 贵族
a. 高贵的, 高尚的, 贵族的, 辉煌的"
orchestra,"n. 管弦乐队, 乐队演奏处"
passer-by,n. 过路人; 经过者
peasant,"n. 农夫, 乡下人"
perform,"vt. 进行, 履行, 完成, 执行, 表演
vi. 行动, 工作, 执行, 演出"
permission,"n. 许可, 允许
[计] 许可, 认可"
pianist,"n. 钢琴家, 钢琴演奏者"
pretend,"v. 假装, 伪称, 自命, 自称"
prince,"n. 王子, 亲王, 国君, 贵族, 诸侯, 有权势的大人物"
pub,"n. 酒馆, 客栈"
quit,"vi. 离开, 辞职, 停止
vt. 离开, 放弃, 使解除, 停止
n. 离开
[计] 结束, 退出"
record,"vt. 记录，记载；标明；将...录音
vi. 记录；录音
n. 档案，履历；唱片；最高纪录
adj. 创纪录的
n. (Record)人名；(法)勒科尔；(英)雷科德"
rediscover,vt. 重新发现；再发现
rely,"vi. 信赖, 依赖, 信任"
responsible,"a. 有责任的, 负责的, 责任重大的
[法] 应负责任的, 有责任的, 能履行责任的"
roll,"n. 卷, 滚动, 名单, 案卷, 压路机
vi. 滚, 滚动, 飘流, 起伏, 卷, 绕
vt. 使滚动, 卷, 绕"
sensitive,adj. 敏感的；[仪] 灵敏的；感光的；易受伤害的
shave,"n. 修面, 刮胡子, 幸免, 剃刀
vt. 修面, 剃, 修剪, 掠过
vi. 刮脸, 勉强通过"
solo,"n. 独奏, 独唱, 单独表演
a. 单独的, 独奏的, 独唱的
vi. 放单飞"
sword,[网络] 英语常用同义词辨析；熟人就出声
symphony,"n. 交响乐, 交响曲"
talent,"n. 天才, 才能, 有才干的人, 天资"
tour,"n. 旅游, 观光旅行, 任期
vi. 旅行, 周游, 巡回
vt. 周游, 观光, 游历, 使巡回演出"
transform,[化] 反式; 反式异构体
treasure,"n. 宝物, 财富
vt. 珍爱, 重视, 秘藏"
tune,"n. 歌曲, 主旋律, 心情, 声调, 和谐, 一致, 语调, 程度
vt. 为...调音, 调整, 调谐, 使一致
vi. 协调, 调谐"
unclear,"a. 不易了解的, 不清楚的, 含混的"
acrobatics,"n. 杂技, 杂技表演"
breakdance,"n. 霹雳舞
v. 跳霹雳舞"
clown,"n. 小丑, 乡下人"
encyclopedia,n. 百科全书
peacock,"n. 孔雀, 好炫耀的人
vi. 炫耀, 神气活现地行走"
tango,"n. 探戈舞, 探戈舞曲
vi. 跳探戈舞"
waltz,"n. 华尔兹舞, 圆舞曲
a. 华尔兹舞的, 圆舞曲的
vi. 跳华尔兹舞, 轻快地走动
vt. 与...跳华尔兹舞, 硬拖"
choral,a. 合唱队的
fame,"n. 名望, 名声, 传说"
karaoke,"n. 卡拉OK；卡拉OK录音, 自动伴奏录音"
lily,"n. 百合, 百合花
a. 洁白的, 纯白色的, 纯洁的"
tadpole,n. 蝌蚪
saxophone,"n. 萨克斯管
[电] 俱有余割平方辐射图案的线性排列天线"
above all,"尤其是, 首先"
at times,"有时, 不时"
attach ... to,"v. 连接在…上；归于
[网络] 附属于；贴上；附上"
back and forth,来回地
be used to,习惯于
be familiar with,熟悉
get familiar with, 熟悉
break up,"v. 拆散；打碎；剖割(兽体等)；破坏
[网络] 分手；结束；分解"
dream of,"梦见,梦想,向往,渴望"
in addition,另外
in other words,换句话说
in some ways,在某些方面
or so,"大约, 或许, ...左右"
play jokes on,v. 戏弄
rely on,"依赖, 依靠"
sort out,"na. 清理
[网络] 分类；整理；解决"
Swan Lake,[地名] 斯旺莱克 ( 加、美 )
tap dancing,n. 踢踏舞
to be honest,"老实说,说实在的"
roll up,"na. 卷起(袖子)；包卷；积贮；缩成圆球
[网络] 袅袅上升；挽起；上滚"
have a gift for,对...有天赋
be known as,被认为是
rock 'n' roll,"n. 摇滚乐
[网络] 摇滚音乐；摇滚时间；滚石人生"
rock-and-roll,摇滚乐
abstract,"a. 抽象的, 深奥的
n. 摘要, 抽象概念
vt. 摘要, 提炼, 使抽象化
[计] 摘录; 摘要; 抽象"
actor,"n. 男演员, 行动者
[医] 作用物, 反应物"
actress,n. 女演员
adopt,"vt. 采用, 正式通过, 收养, 接受
[医] 采取"
aim,[计] AOL即时信息传送
alive,"a. 活着的, 活泼的, 敏感的, 热闹的"
architect,"n. 建筑师, 设计者, 缔造者"
artist,"n. 艺术家, 画家"
backstage,[网络] 后台；后舞台；舞台幕后
balcony,"n. 阳台, 戏院楼厅"
basement,n. 地下室；地窖
bat,"n. 蝙蝠；球拍；球棒；球板
v. 用球板击球；拍打（空中飞舞的小东西）
abbr. (=Bachelor of Arts in Teaching)教学法学士
[网络] 批处理文件；批次档；英美烟草公司(British American Tobacco)"
bathe,"vt. 沐浴, 用水洗
vi. 洗澡"
bathtub,浴盆
branch,comb.form 【脊椎动物学】表示“具有…鳃的”：lamellibranch
brilliant,"a. 光辉的, 灿烂的, 有才气的
[机] 亮的"
café,无
castle,"n. 城堡, 象棋中的车
vt. 置于城堡中, 盘踞于"
cloth,"n. 布料, 织品, 布
[建] 布"
colourful,"a. 颜色丰富的, 鲜艳的, 艳丽的, 多色的, 丰富多彩的, 吸引人的, 引人入胜的
[计] 有色的"
concrete,"n. 凝结物, 混凝土
a. 具体的, 实在的, 混凝土的
v. (使)凝结, 用混凝土浇筑"
cottage,"n. 小屋, 茅舍"
creature,n. 动物，生物；人；创造物
damp,"氨苄西林,氨苄青霉素"
delightful,"a. 令人愉快的, 可爱的"
drawing,"n. 图画, 制图, 拉
[计] 绘图"
elegantly,adv. 优美地
entertainment,"n. 娱乐, 款待, 娱乐表演"
exhibition,"n. 表现, 展览会, 展览品
[医] 投药, 展览, 展出"
express,"n. 快车, 快递, 专使
a. 明确的, 丝毫不差的, 专门的, 快的
vt. 表达, 表示, 表露"
eyesight,视野;窥视孔;检查孔;信号孔
fan,"fan1
[fæn]
n.
任何通过扇动引起空气流动的装置
(羽毛、纸或布做的)扇子
风扇
扇形物(如鸟尾等)
(风车的)翼，叶片，螺旋桨
扬谷机
【地理学】扇状三角洲际
[俚语](扒手为探明钱物的部位，用手在扒窃对象身上)快速的一摸
vt.
(用扇子)扇：
He fanned the fire.
他用扇子扇火。
(用扇)向…搧风；吹凉(食物等)：
She fanned her face with a paper.
她用纸向脸上搧风。
煽动，鼓动，激起：
to fan resentment
激起忿恨
(用扇)驱赶
把…展成扇形：
She fanned out the cards in her hand.
她将纸牌在手中展成扇形。
风选(谷)；扬去(糠、杂物等)
[美国俚语]
拍击，拍打
(用枪)连击
[美国英语]【棒球】使(击球员)三击不中出局
vi.
飘动，轻拂：
the flag fanning in the breeze
微风中飘动的旗帜
成扇形展开(常与out连用)：
The troops fanned out as they advanced.
部队向前推进时呈扇形散开。
The fire fanned out in all directions.
大火向四周呈扇形蔓延。
[美国英语]【棒球】(击球员)三击不中出局
[口语]闲聊
[口语](为窃取钱币)拨弄公用电话机的贮钱装置
[英国英语](扒手为探明钱物往扒窃对象身上)快速地一摸
短语:
fan someone's tail
打屁股
flirt a (或 one's) fan
一下子把扇子打开(或合拢)
灵活地挥动扇子
hit the fan
[美国俚语]酿成大乱，产生严重后果；有极大的(往往是不良的)影响
变形：
vt.
fanned
. fanning
fan2
[fæn]
n.
[美国口语](运动、娱乐等的)狂热者，爱好者，热心之士，…迷；(对演员、电影明星的)狂热仰慕者"
fence,"n. 围墙, 栅栏, 买卖赃物的人, 剑术
vt. 用篱笆围住, 练习剑术, 防护
vi. 击剑, 搪塞"
fold, 乘以；…倍；由…部分组成
garage,"n. 车库, 汽车修理厂, 机库
vt. 把车送入修车场"
happiness,"n. 快乐, 幸运, 适当"
imagination,[网络] 想象
imitate,"vt. 模仿, 效法, 冒充, 仿造"
impression,"n. 印象, 意念, 盖印, 印记, 印数, 底色, 效果
[医] 压迹, 印模, 印象, 影响"
inspire,"vt. 使感动, 激发, 启示, 吸入, 鼓舞, 产生, 使生灵感
vi. 吸入, 赋予灵感"
jewellery,"n. 宝石, 贵重饰物, 珠宝, 宝石饰物, 受珍视的人/物, 宝贝, 有价值的人/物"
landscape,地景
like, 类似…的；有…特征的
mane,[网络] -鬃毛
marble,"n. 大理石, 石弹, 雕刻品
a. 大理石的, 冷酷无情的, 有大理石花纹的"
masterpiece,杰作
mercy,"n. 仁慈, 宽恕, 慈悲, 怜悯, 幸运
[法] 权宜处置权, 决定权, 宽恕"
missile,"n. 发射物, 导弹, 飞弹, 火箭
a. 可发射的"
opera,n. 歌剧
paint,"n. 油漆, 颜料, 绘画作品, 涂漆
vt. 油漆, 绘, 画, 描绘, 装饰, 点缀
vi. 绘画, 涂漆"
painting,"n. 画, 绘画, 油漆
[化] 涂漆"
photography,"n. 摄影, 摄影术
[化] 照相术"
poetry,"n. 诗, 韵文, 诗歌艺术"
portrait,"n. 肖像, 人像, 半身像, 描写, 竖排格式
[计] 纵向"
purpose,"n. 目的；用途；意志
vt. 决心；企图；打算"
realise,"vt. 实现, 认识到, 体会到, 了解, 认清, 使显得逼真, 变卖财产为现钱"
realistic,"a. 现实的, 逼真的, 现实主义的, 实在论的"
reality,"n. 实在, 事实, 实体, 逼真
[法] 现实, 实在存在的事物, 实在性"
relate,"vt. 讲, 叙述, 使互相关联
vi. 有关, 符合, 相处得好"
rent,n. [口语]爸；妈
shade,"n. 荫, 阴暗, 遮光物, 灯罩, 帘, 浓淡, 微量, 底纹
vi. 渐变
vt. 使阴暗, 使渐变, 遮蔽, 微减
[计] 底纹"
shallow,"n. 水浅的地方, 浅滩
a. 浅的, 肤浅的
v. (使)变浅"
skyscraper,"n. 摩天大楼
[网络] 擎天柱；擎天柱广告；搔天之塔"
soft,[网络] -柔软的
stage,"n. 阶段, 舞台, 场所, 戏剧, 站, 驿站, 级, 层, 脚手架
vt. 上演, 表演, 筹划
vi. 适于上演, 乘驿车旅行"
statue,"vt. 以雕像装饰
n. 雕像"
style," 表示：“…式样的”：familystyle; “按…式样”, “有点儿…地”; 表示“…柱式”,“…柱的”：distyle"
subway,"n. 地铁, 地道
vi. 乘地铁"
tomb,"n. 坟墓, 死亡
vt. 埋葬"
traditional,"a. 传统的, 惯例的
[经] 传统的, 惯例的"
true-to-life,逼真的
typical,"a. 典型的, 象征性的
[医] 典型的"
valuable,"a. 有价值的, 贵重的, 宝贵的, 可估价的
[经] 有价值的, 可估价的, 贵重的"
washroom,"un. 盥洗室
[网络] 洗手间；洗衣房；卫生间"
watercolour,[海洋] 水色
worm,"n. 虫, 蠕虫, 小人物, 螺纹, 蜗杆
vi. 蠕行, 慢慢前进
vt. 使蠕行, 慢慢地走, 除虫
[计] 蠕虫病毒"
angel,"n. 天使, 守护神, 善人"
emphasise,"vt. 强调, 重读, 加强...的语气, 着重"
fairytale,"神话故事, 童话, 谎言"
granite,"n. 花岗岩
[化] 花岗岩"
landlord,"n. 房东, 地主
[经] 业主, 地主, 房东"
offering,"n. 提供, 奉献物, 牲礼, 上市的股票(或证券等)
[经] 出售物"
phoenix,"n. 凤凰, 不死鸟, 死而复生的人, 完人, 殊品"
wavy,"a. 有波浪的, 多浪的, 波浪状的, 波动的, 不稳定的"
date back, 回溯至
date back to,"始于,可以追溯到…"
fix one's eyes on,注视，凝视，盯着
sort of,有几分地
try out,"na. (采用前)严密试验；筛矿；量(金属的)纯度
[网络] 试用；尝试；考验"
far too,"非常,极其,太"
crowd in," （使）拥[挤]入; 在时间表中挤进, 强安排进"
be known for,因...而众所周知
come off it,"不胡诌, 不胡闹"
lead a ... life,"过活,过日子"
lose heart,丧失勇气
earn one's living,"谋生, 维持生活"
carry on,"继续开展, 行为愚蠢(或越轨)
[经] 继续发展(经营)下去"
get across,"na. 使了解；使通过；使人了解；与(人)冲突
[网络] 讲清楚；说明；使被理解"
by chance,"偶然, 也许"
to one's surprise,使某人惊奇的是
give up,"na. 放弃；断绝；投降；自首
[网络] 停止；抛弃；认输"
be crazy about,"狂热爱好..., 着迷..."
be famous for,"因…而出名,以…着称"
play a part,"扮演角色, 参与, 有影响, 装腔骗人"
play a part in,"在…中扮演角色,在…中起作用"
comic strip,连环漫画
addict,"vt. 使沉溺, 使上瘾
n. 入迷的人, 上瘾者"
addictive,a. 上瘾的
anxious,"a. 忧虑的, 发愁的, 渴望的"
awful,"a. 可怕的, 庄严的, 虔敬的"
bacon,"n. 熏猪肉
[机] 腌肉"
balance,[网络] 平衡；达到平衡
barbecue,"n. 烤肉
vt. 烤肉, 烧烤"
bean,"n. 豆子
[化] 油嘴; 豆"
beard,"n. 胡须
vt. 抓住胡须, 公开反对"
benefit,"n. 利益
vt. 有益于
vi. 受益"
breast,"n. 胸部, 乳房, 胸怀
vt. 以胸对着, 面对"
cancer,康斯河
carrot,"n. 胡萝卜
[医] 胡萝卜"
clinic,n. 临床；诊所
combine,"v. (使)联合, (使)结合
n. (企业的)联合, 联合收割机"
connection,"n. 连接, 关系, 前后关系
[计] 连接"
consult,"vi. 商讨, 商量, 协商, 会诊
vt. 向...请教, 查阅, 考虑"
cucumber,"n. 黄瓜
[医] 黄瓜, 胡瓜"
customer,"n. 消费者
[化] 顾客"
danger,"n. 危险；危险物，威胁
n. (Danger)人名；(法)当热"
debt,"n. 债务, 罪过
[经] 借款, 欠款, 债务"
diagnose,v. 诊断
diet,"n. 日常饮食, 议会
vt. 照规定饮食
vi. 忌食"
digest,"n. 文摘
vi. 消化
vt. 消化, 理解
[计] 摘要"
distraction,"n. 娱乐, 分心的事物, 分心
[医] 注意力分散, 内脱位, 牙弓过宽"
dot,[计] Microsoft Word文档模板
eggplant, 茄
eye,"n. 眼睛, 视力, 看
vt. 看, 注视"
fat,"n. 脂肪, 脂油, 肥肉
a. 肥的, 胖的, 油腻的
n. 文件分配表
[计] 文件分配表"
fibre,"n. 纤维, 构造, 纤维制品
[化] 纤维"
fit,[网络] 美国纽约时装学院；弗雷德里克理工学院；注水试验
flu,"n. 流感；流行性感冒
[网络] 流行感冒；流感病毒；流行性感冒菌"
footstep,n. 脚步；脚步声；足迹
fry,"n. 油炸食物, 鱼苗
v. 油炸, 煎"
garlic,"n. 大蒜
[化] 大蒜"
glance,"n. 一瞥, 闪光, 掠过, 辉矿类
vi. 扫视, 闪光, 掠过, 提到, 略说
vt. 扫视, 反射, 使掠过"
glare,"n. 闪耀光, 刺眼
vi. 发眩光, 瞪视
vt. 瞪眼表示"
grasp,"v. 理解；领会；抓紧；明白
n. 领会；紧握；控制；紧抓
[网络] 抓住；掌握；抓牢"
grateful,"a. 感谢的, 感激的, 令人快意的, 受欢迎的"
hearing,"n. 听, 听觉, 听讯
[医] 听, 听觉"
helper,"n. 帮忙者, 有益的东西
[机] 助手"
hesitate,"vi. 犹豫, 迟疑, 踌躇, 支吾, 停顿"
horrible,"a. 可怕的, 遭透的, 极讨厌的"
hostess,"n. 女主人, 女房东, 女老板"
ignore,"vt. 不理睬, 忽视, 驳回, 忽略
[计] 忽略"
infectious,"a. 有传染性的, 易传染的
[医] 传染性的"
inject,"vt. 注射, 注入, 使入轨
[医] 注射"
injure,"[法] 在法律上, 依照法律"
injury,"n. 伤害, 侮辱
[医] 伤, 损伤"
insurance,n. 保险；保险费；保险契约；赔偿金
jaw,"n. 颚, 颌
v. 闲谈, 教训, 唠叨"
leaflet,"n. 小叶, 传单
[医] 小叶"
lemon,"n. 柠檬, 柠檬树, 柠檬色
[医] 柠檬"
lie,[网络] 长岛迷情；少男初体验；中间
lifestyle, 生活方式
limit,"n. 界限, 边界, 限度, 极限, 限制
vt. 限制, 限定"
loose,"n. 发射, 放任, 放纵
a. 宽松的, 松的, 宽的, 不牢固的, 散漫的, 自由的, 不精确的
vt. 释放, 放枪, 开船
vi. 变松, 开火
adv. 松散地"
lung,"n. 肺, 肺脏, 空地
[医] 肺"
mist,"n. 雾, 迷蒙, 朦胧不清
vt. 使模糊, 使蒙上雾
vi. 变模糊, 下雾"
mutton,n. 羊肉
nail,[网络] 钉
needle,"n. 针, 尖
vt. 用针缝
vi. 缝纫
[计] 探针"
nut,"n. 坚果, 核心, 螺帽
[计] Novell NetWare服务器实用程序"
ought,"aux. 应该, 大概
n. 责任"
overhead,[网络] 制造费用；顶置空间；过顶球
overweight,过重
pain,"n. 痛苦, 疼痛, 辛苦
vt. 使痛苦, 痛苦
vi. 作痛, 疼"
panic,"n. 恐慌, 惊慌
a. 惊慌的, 没有理由的, 恐慌的
vt. 使惊慌, 使狂热
vi. 惊慌"
pea,"n. 豌豆, 似豌豆的东西"
peach,"n. 桃子, 桃树, 桃色, 美人儿, 极好的事物
vt. 告发
vi. 告密, 检举"
pepper,"n. 胡椒粉, 胡椒, 辣椒
[化] 胡椒; 辣椒; 花椒"
powerful,"a. 有力的, 有权力的, 强大的
[机] 强力的"
prescription,"n. 处方, 命令, 指定
[医] 处方, 药方"
questionnaire,调查表
raised,"a. 凸起的, 浮雕的, 发酵的
[医] 隆起的"
rare,"a. 稀罕的, 罕有的, 珍奇的, 稀薄的, 半熟的, 非常好的
adv. 非常"
ratio,"n. 比, 比率
[医] 比, 比率, 比例"
raw,"n. 擦伤处, 半成品
a. 生的, 未加工的, 生疏的, 不成熟的, 阴冷的, 刺痛的, 擦掉皮的
vt. 擦伤
[计] 写后读"
recognise,[网络] 认识
roast,"n. 烤肉, 烘烤, 嘲笑
a. 烘烤的, 烤过的
vt. 烤, 炙, 烘焙, 嘲笑
vi. 烤, 炙, 烘焙"
sickness,"n. 疾病, 不健康, 呕吐
[医] 病"
sigh,"n. 叹息
vi. 叹息, 渴望
vt. 叹息着说"
slim,"a. 瘦的, 苗条的, 微小的, 稀少的, 微薄的
vi. 变苗条
vt. 使苗条"
sniff,"n. 以鼻吸气, 嗅, 气息
vi. 嗅, 蔑视, 嗤之以鼻
vt. 闻, 用力吸, 发觉"
stare,"vi. 注视, 凝视, 瞪视, 显眼
vt. 盯
n. 凝视"
strength,"n. 力量, 实力, 强度, 浓度, 人数, 抵抗力
[化] 强度"
suit,"n. 套装, 诉讼, 请求, 起诉, 套, 组
vt. 适合, 使适应
vi. 合适, 相称"
sweat,"n. 汗, 汗水, 水珠, 焦急
vi. 出汗, 渗出, 冒出水气, 结水珠, 烦恼, 懊恼
vt. 使出汗, 流出, 榨出, 使汗流浃背"
symptom,"n. 症状, 征候, 征兆
[医] 症状"
tap,"n. 轻打, 水龙头
vt. 轻打, 轻敲, 敲打出, 选择, 装上嘴子, 使流出, 开发, 分接, 向...乞讨
vi. 轻叩, 轻拍, 啪塔啪塔地走
[计] 接头"
throat,"n. 咽喉, 喉咙, 嗓音
vt. 用喉音说, 开沟于"
tobacco,"n. 烟草, 香烟
[医] 烟草"
toothache,[医] 牙痛
treatment,"n. 治疗, 待遇, 处理
[医] 疗法, 治疗; 处理"
triangle,"n. 三角形, 三个一组, 三角关系
[医] 三角, 三角形"
unhealthy,a. 不健康的
unlike,"a. 不像的, 不同的
prep. 不像, 和...不同"
vinegar,"n. 醋, 尖酸刻薄
vt. 加醋于"
weakness,n. 弱点；软弱；嗜好
X-ray,"X射线, X光, X光照片"
bull,"n. 公牛
[法] 买方, 买空者"
pigeon,"n. 【鸟】鸽子；〈非正式〉易受骗的人；〈非正式〉责任
[网络] 贝亲；野鸽；白鸽"
cola,"n. 可乐；可乐树（其子含咖啡碱）
n. (Cola)人名；(塞)措拉；(西、意、罗)科拉"
cooperation,n. 合作，协作；[劳经] 协力
kebab,n. 烤肉串配蔬菜
protective,"a. 给予保护的, 保护的
[医] 保护的, 防护的, 保护剂, 保护物, 油绸"
protein,"n. 蛋白质
a. 蛋白质的"
rickets,"n. 佝偻病
[医] 佝偻病"
scurvy,"a. 下流的, 卑鄙的, 无礼的
n. 坏血病"
stir,"n. 搅拌；轰动
vt. 搅拌；激起；惹起
vi. 搅动；传播；走动"
stir-fry,vt. 用旺火煸
sugary,"a. 含糖的, 糖一般的, 甜的"
vitamin,"n. 维生素
[化] 维生素"
bronchitis,"n. 支气管炎
[医] 支气管炎"
cannabis,"n. 大麻
[化] 大麻"
cocaine,?-古柯硷
pneumonia,"n. 肺炎
[医] 肺炎"
balanced diet,[医] 均衡饮食
before long,不久以后
cut down,"na. 砍倒；削减；减价；夺去…活动力
[网络] 减少；缩短；降低"
get away with,na. 拿走；避开责备[惩罚]；〈俚〉卷(款)潜逃；吃掉，喝掉
in debt,"un. 背上了债；负债；欠款
[网络] 欠债；欠债，欠情；欠著债"
in sight,被看到
lose weight,体重减轻
ought to,应该
put on weight,体重增加
reach out, （使）伸出
tell a lie,说谎话
watch out for,"戒备, 提防, 密切注意"
win ... back," 重新获得, 夺回"
wish for,"盼望, 企求"
side effect,"副作用
[计] 副作用"
become ill,[网络] 生病；口语用法；生病了
have a temperature,发烧
die from,"[法] 由于...而死, 死于"
motor neurone disease,运动神经元病
come down with,"被传染上,因…而病倒"
go on a diet,"用规定食谱, 节食"
get into shape,"健美,减肥,使健康状况良好"
ad,"n. 【网】打成平局后得分 = advantage. ad in (打成平局后)发球人得分
abbr. 〈外(=Anno Domini)公元
prep. 达；根据
[网络] 阿尔茨海默病(Alzheimer's disease)；活动目录(Active Directory)；广告(advertisement)"
administration,"n. 行政, 管理, 政府机关
[化] 给药"
advertise,"vt. 做广告, 通知, 公布
vi. 做广告"
advertisement,"n. 广告, 启事, 广告宣传
[法] 广告, 公告, 告示"
affair,"n. 事件, 事务, 恋爱事件"
agenda,"pl. 议程, 日常工作事项
[计] 待议事件"
AIDS,"n. 爱滋病(获得性免疫缺陷综合征)
[计] 高级综合数据系统, 先进交互调试系统, 自动图解文档编制系统
美国决策学学会, 信息自动显示系统, 自动综合调试系统"
Acquired Immune Deficiency Syndrome,爱滋病(获得性免疫缺陷综合征)
amateur,"n. 业余爱好者, 外行, 爱好者
[电] 业余家"
ambulance,"n. 救护车
[医] 救护车"
analyse,"vt. 分析, 细察, 分解
[经] 分析"
analysis,"n. 分析
[计] 分析机; 分析员; 分析; 分析程序"
announce,"vt. 宣布, 声称, 显示, 预告
vi. 当报幕员, 宣布参加竞选"
appeal,"n. 恳求, 诉请, 上诉, 吸引力
vi. 呼吁, 诉请, 要求, 上诉, 有吸引力
vt. 将...上诉"
aspect,"n. 外观, 方面, 面貌, 方向
[医] 方面, 局面; 外观"
attitude,"n. 态度, 看法, 姿势
[医] 体态, 姿势, 态度"
autograph,"n. 亲笔, 亲笔签名, 手稿
vt. 亲笔签名于, 亲笔写"
bar,[网络] 自动步枪；英美车队；文学士
beer,[网络] 铍-铒；阳痿早泄成为的人
belief,"n. 信念, 相信, 信仰"
blame,"n. 过失, 责备
vt. 责备, 归咎于"
bonus,"n. 奖金, 红利
[经] 奖金, 红利, 额外补贴"
boom,"n. 繁荣, 隆隆声
vi. 急速发展, 发隆隆声
vt. 使兴旺, 发隆隆声"
brand,[网络] 布兰多
bravery,n. 勇敢
breath,[网络] 呼吸
celebrity,"n. 名声, 名人"
channel,"n. 海峡, 航道, 频道
vt. 引导, 在...上挖沟, 形成河道
[计] 信道, 通道"
cheat,"n. 欺骗, 作弊, 骗子
v. 欺骗, 逃脱, 骗取"
cigarette,n. 香烟；纸烟
comprehension,"n. 理解, 包含"
concept,"n. 观念, 概念
[医] 概念"
conclude,"vt. 结束, 作结论, 推断
vi. 结束, 推断"
corporation,"n. 公司, 合作, 法人团体
[法] 法人团体, 社团, 法人"
cure,"n. 治疗, 治愈, 治疗法
vt. 治疗, 治愈, 改正, 腌制, 加工处理, 使硫化
vi. 受治疗, 被加工处理, 被硫化"
delighted,"a. 高兴的, 快乐的"
demand,"n. 要求, 需求, 需要
v. 要求, 查询"
disbelief,"n. 不信, 怀疑"
distinction,n. 区别
drug,"n. 药, 麻药, 麻醉药
vi. 吸毒
vt. 使服麻醉药, 使麻木"
economy,[网络] 经济；电子经济
editor,"n. 编者, 编辑, 主笔, 编辑器, 编辑装置
[计] 编辑器"
entertaining,"a. 使人愉快的, 有趣的"
eye-catching,"adj. 〈美口〉引人注目的
[网络] 惹眼；是引人注目的；捕声捉影"
faithfully,"adv. 忠实地, 诚心诚意地, 深信着地"
female,"n. 女性, 女人, 雌性动物
a. 女性的, 女子的"
fiancé,无
financial,"a. 财政的, 金融的
[经] 财政的, 金融的, 财务的"
fingernail,[医] 指甲
fog,"n. 雾, 迷惑, (割后的)最生草, 苔藓
vi. 被雾笼罩, 变模糊
vt. 使困惑, 以雾笼罩"
graceful,a. 优美的
grocery,"n. 食品杂货店, 食品杂货业"
headline,[经] 标题
incident,"n. 事件, 事变, 小事
a. 附带的, 易于发生的, 外来的, 入射的"
innocent,"a. 无罪的, 不懂事的, 无知的
n. 天真的人, 笨蛋"
interest,"n. 兴趣, 嗜好, 利息, 利益, 爱好, 趣味, 势力
vt. 使感兴趣, 与...有关系"
interrupt,"vt. 中止，中断，阻碍；遮断；打断(别人讲话等)；打扰；打破…的平衡(或连续性等)
vi. 打断；打扰
n. 中断；暂停；隔阂；距离；分隔；裂痕；【计算机】中断信号"
leap,"n. 跳跃, 剧增, 急变, 被越过之物
vi. 跳跃, 突然经过
vt. 跃过, 使跃过"
male,"n. 男人, 雄性动物
a. 男性的, 雄性的, 有力的"
media,"n. 媒体
[计] 媒质"
mental,"suf. 表示""行为的"""
moving,"adj. 移动的；动人的；活动的
v. 移动（move的ing形式）"
muddy,"a. 泥泞的, 浑浊的, 模糊的
vt. 使污浊, 使沾上泥污"
multiply,"vt. 乘；使增加；使繁殖；使相乘
vi. 乘；繁殖；增加
adv. 多样地；复合地
adj. 多层的；多样的"
nationwide,a. 全国的
nephew,"n. 侄子, 外甥"
niece,"n. 侄女, 甥女"
occasionally,"adv. 有时候, 偶而"
onto, （移动到）…上; 登上（公共交通工具）
packet,"n. 小包, 一批信件, 大量, 信息包
vt. 打包, 装进小包
[计] 分组, 分组报文, 数据分组"
painful,"a. 痛苦的, 困难的, 令人烦恼的
[医] 疼痛的"
part,[计] Go！Zilla部分下载文件
persuade,"vt. 劝, 使相信, 恳求, 敦促, 说服
vi. 劝服, 被说服"
photograph,[网络] 用光来写纪录
photographer,"n. 摄影师, 摄影者"
poisonous,"a. 有毒的, 恶毒的, 讨厌的
[医] 有毒的"
poster,"n. 海报, 招贴, 驿马"
producer,"n. 生产者, 制作者, 制作人
[化] 发生器; (炉煤气)发生炉; 制气炉; 生产者"
profit,[网络] 专家型；宝发实业有限公司
promote,"vt. 促进, 晋升, 创办, 推销
[经] 促进, 推广, 推销"
publish,"vt. 出版, 发行, 公开, 发表, 宣传, 公布
vi. 出版, 发行"
purchase,"n. 购买, 购买品, 紧握, 绞辘
vt. 购买, 赢得, 努力取得, 用滑轮起(锚等)"
quiz,"n. 考查, 课堂测验, 恶作剧, 智力测验
vt. 戏弄, 考查, 恶作剧"
recipe,"n. 食谱, 处方, 秘诀
[医] 取(处方头语), 处方"
recommend,"vt. 推荐, 介绍；劝告；使受欢迎；托付
vi. 推荐；建议"
reporter,n. 记者
review,"n. 回顾；复习；评论；检讨；检阅
vt. 回顾；检查；复审
vi. 回顾；复习功课；写评论"
rooftop,"na. 屋顶
[网络] 屋顶系统；屋顶雕像；屋顶超越"
royal,"n. 王室, 皇族
a. 王室的, 皇家的, 盛大的, 庄严的"
section,"n. 区段, 部分, 区域, 节, 截面, 处, 科, 区, 扇区
vt. 把...分段, 把...切片
vi. 被切成片
[计] 扇区"
self-employed, 自营；个体经营的
sew,"vt. 缝纫, 缝合, 缝
vi. 缝纫"
sex,[网络] 性别
shine,"n. 光泽, 阳光
vt. 使发光
vi. 照耀, 发光, 发亮"
sightseeing,"n. 观光, 游览
a. 观光的, 游览的"
skilful,"a. 灵巧的, 熟练的, 制作精巧的"
slave,"n. 奴隶, 从动装置, 卑鄙的人
vi. 拼命工作
[计] 从设备"
southwest,"n. 西南；西南方；西南地区
[网络] 西南部；西南区；英格兰西南"
spokesman,n. 发言人；代言人
strawberry,n. 草莓
suitable,"a. 适当的, 相配的
[法] 合适的, 适宜的, 适当的"
target,"n. 目标, 靶子, 指标
vt. 对准, 订指标"
telescope,"n. 望远镜
vi. 叠缩, 嵌进, 缩短
vt. 使叠缩, 使缩短"
telly,n. 电视
tyre,"n. 轮胎
vt. 装轮胎于"
unemployment,"n. 失业, 失业人数
[经] 失业"
universe,"n. 宇宙, 星系, (思想等)范围"
update,"vt. 更新；校正, 修正；使现代化
n. 更新；现代化"
urge,"n. 冲动, 推动力, 迫切的要求
vt. 驱策, 力劝, 竭力主张, 推动
vi. 强烈要求"
visual,"a. 视觉的
[医] 视觉的, 视力的, 视觉性记忆优势者"
welcome,"n. 欢迎, 欢迎词
a. 受欢迎的, 可随意的, 可喜的
vt. 欢迎, 接待
interj. 欢迎"
welfare,"n. 福利, 安宁, 幸福, 福利事业
a. 福利的"
youth,"n. 年轻, 青年时代, 青年们, 青春
[法] 青年, 青年时期, 青春时期"
yummy,"a. 美味的, 可口的, 赏心悦目的, 愉快的"
anti-smoking,"n. 反对吸烟；禁止吸烟
adj. 反对吸烟的
v. 反对吸烟（antismoke的现在分词）"
ex-husband,n. 前夫
latest,a. 最近的
paparazzi,"n. 狗仔队（专门追逐名人偷拍照片的摄影者或记者, paparazzo的复数）"
shampoo,"n. 洗头, 洗发剂
vt. 洗头, 洗发"
appeal to,[法] 诉诸...
bad breath,[医] 口臭
be tired of,厌烦
get tired of,"讨厌,厌倦"
be impressed with,"na. 深感；为…所感动
[网络] 对……印象深刻；留下深刻印象；留下深刻的印象"
be meant to,"有意要,打算"
be similar to,与...相似
begin with,"以…开始,首先"
believe in,"信仰, 信任"
care about,担心
come out,"到边远地区来, 出现, 露出, 出版, 罢工, 结果是, 褪去, 被解出, 宣布"
every now and then,"常常, 不时地"
fall for," 上当, 听信; 爱上"
figure out,"合计为, 计算出, 明白"
go ahead with, 继续进行
in favour of,"[经] 同意, 支持, 有利于..."
in surprise,惊异地
make a note of,"记录,把…记录下来"
put ... into ...,"na. 插入；注入；(船)入港
[网络] 使进入；放进；投入"
put off,"na. 延期；辩解
[网络] 推迟；拖延；推延"
related to,与…有关
so as to,"使得, 以致"
stand out,"突出, 坚持抵抗"
take one's advice,无
take turns,"轮流, 依次"
tell by,"v. 依据
[网络] 从…可以看出；根据……辨别；依据……而判断"
accountant,"n. 会计人员, 会计师
[经] 会计师, 会计人员"
adolescence,"n. 青春期
[医] 青年期, 青春期"
alarm,"n. 惊恐, 警报, 警钟
vt. 使惊恐, 警告
[计] 报警信号"
amount,"n. 总数, 总额
vi. 总计, 等同"
annoy,"vt. 使恼怒, 骚扰"
apron,"n. 围裙；[航] 停机坪；舞台口
vt. 着围裙于；围绕
n. (Apron)人名；(俄)阿普龙"
armchair,扶手椅
ashamed,"a. 惭愧的, 羞耻的"
automatic,"n. 自动手枪, 自动机械
a. 自动的, 机械的, 必然的, 无意识的"
basin,"n. 盆, 盆地
[医] 第三脑室, 骨盆"
bath,[网络] 阿拉伯复兴社会党；巴斯党
blouse,n. 宽松的上衣
businessman,"[经] 商人, 企业家"
cafe,"n. 咖啡馆, 酒店"
calm,"n. 平稳, 风平浪静
a. 平静的, 冷静的
vi. 平静下来, 镇静
vt. 使平静"
carpet,"n. 地毯, 地毯状物
vt. 铺以地毯, 铺盖"
cash,"n. 现金
vt. 兑现"
challenge,"n. 挑战, 盘问
vt. 向...挑战, 要求, 怀疑
vi. 挑战, 对(证据等)表示异议"
cigar,n. 雪茄
cleaner,"n. 清洁工人, 清洁剂, 干洗商
[化] 滤清器; 除垢器; 洗净剂; 清洁剂"
clothing,n. 衣服
comfort,"n. 舒适, 安慰, 安慰者
vt. 安慰"
concentrate,"n. 浓缩, 精选
v. 集中, 专心"
cookie,"n. 饼干, 小甜点
[建] 糕点"
cooking,"n. 烹饪
[化] 熬炼; 热炼; 蒸煮"
crowded,"a. 拥挤的, 塞满的"
curtain,"n. 帐, 幕, 窗帘
vt. 装帘子于, 遮蔽"
cycle,[网络] -周期
dial,"n. 刻度盘, 钟面, 转盘
v. 拨"
dislike,"n. 嫌恶
vt. 讨厌, 不喜欢"
document,"n. 文件, 公文, 文档
vt. 证明, 为...引证
[计] 文档"
drunk,"a. 喝醉了的
drink的过去式"
dusk,"n. 薄暮, 傍晚, 黄昏
a. 微暗的
v. (使)微暗"
DVD,abbr. 数字化视频光盘（Digital Video Disk）
digital versatile disc,数字式激光视盘，数位影音光碟，数码视象光碟，数码影碟
electric,"a. 电的, 导电的, 电动的
[医] 电的"
emergency,"n. 紧急状况, 紧急事件, 紧急需要
[化] 紧急情况"
error,"n. 错误, 过失, 失误, 误差
[计] 错误"
exactly,adv. 恰好地；正是；精确地；正确地
failure,[化] 事故; 失效
fax,[计] 传真类型图像
firm,"n. 公司, 商号
a. 坚定的, 坚强的, 牢固的, 结实的, 坚硬的, 坚挺的, 严格的, 确定的
vt. 使牢固, 使坚定
vi. 变稳固, 变坚实
adv. 稳固地"
flash,"n. 闪光, 闪现, 一瞬间
vi. 闪光, 闪现, 反射
vt. 使闪光, 反射"
gain,"n. 增益, 获得, 利润, 收获, 增加
vt. 得到, 增进, 赚到
vi. 获利, 增加
[计] 增益"
greedy,"a. 贪婪的, 贪得的, 贪吃的"
handle,"n. 柄, 把手, 把柄, 柄状物, 手感
vt. 触摸, 运用, 买卖, 处理, 操作
vi. 搬运, 易于操纵
n. 句柄
[计] 句柄"
hard,"a. 坚硬的, 硬的, 难的, 艰苦的, 困难的, 坚固的, 猛烈的, 艰难的, 结实的, 确实的
adv. 坚硬地, 努力地, 辛苦地, 接近地, 猛烈地, 牢固地"
hardworking,辛勤工作的
headphone,头挂听筒
homeland,"n. 本国, 故国"
including,prep. 包含，包括
insist,"v. 坚持, 坚决主张, 强调"
item,"n. 项目, 条款, 一则, 项
[计] 项"
journalist,"n. 新闻记者, 从事新闻杂志业的人"
kilogram,n. 公斤；千克
last,"a. 最后的, 末尾的, 最近的
vi. 持续, 支持, 维持
vt. 使维持, 够...用
adv. 最后, 后来
n. 最后, 末尾, 鞋楦头"
leather,"n. 皮革, 皮制品, 马镫的皮带
vt. 覆以皮革, 鞭苔, 抽打
a. 皮革的, 皮制的"
matter,[网络] 解决问题
midnight, [医]人定
mini-skirt,"n. 迷你裙,超短裙"
minus,"n. 负号, 不足
a. 减的, 负的, 阴性的
prep. 减, 缺
[计] 负差"
mostly,"adv. 大概, 大部分, 主要
[经] 大部份"
motherland,n. 祖国；母国
necklace,n. 项链
noisy,"a. 嘈杂的, 喧闹的
[机] 噪声的, 嘈杂的"
normal,"n. 常态, 标准, 正常, 普通
a. 正常的, 正规的, 标准的, 师范的, 正态的
[计] 标准, 普通"
otherwise,[网络] 聪明
overcoat,"n. 大衣, 外套"
pack,comb.form 表示“(瓶、罐头等)一箱”
paperwork,日常文书工作
partner,[网络] 拍挡；互牵内手成为舞伴；在活动中担当学生的伙伴
pill,"n. 药丸, 弹丸, 屈辱, 胡说
v. 做成药丸, 形成丸状, 服药丸, 挫败, 抢劫"
popcorn,爆粒玉米
portable,"a. 可携带的, 可搬运的, 可移动的
[计] 可移植的"
post,"n. 柱, 杆, 准星, 邮件, 邮政, 标竿, 职位, 岗位, 哨所, 兵营
vt. 张帖, 邮递, 公布, 登入帐, 使熟悉, 布置
vi. 快速行进
adv. 急速地
[计] 记入; 登记, 上电自检"
practical,"a. 实际的, 现实的, 实用性的
[法] 事实上的, 实际上的, 接近...的"
pressure,"n. 压, 榨, 按, 强制, 压力, 压迫, 压强
vt. 迫使, 使增压, 密封"
product,[网络] 产品；产品创新
properly,"adv. 适当地, 相当地"
recover,"v. 重新盖；改装(伞等的)面子
[网络] 重新盖给…换新面子；再覆盖；再盖"
refrigerator,"n. 电冰箱, 冷藏库
[计] 冷冻机; 致冷器"
relaxing,a. 令人轻松的
salesgirl,n. 女店员
salesman,"推销员,男店员,售货员,业务代表"
scarf,"n. 围巾, 头巾, 领带, 领巾, 嵌接
vt. 用围巾围, 嵌接"
second-hand,"中间人, 助手
[经] 旧货"
settle,"n. 有背长椅
vt. 决定, 整理, 安放, 使定居, 使平静, 支付, 安排, 解决, 结算
vi. 停留, 下陷, 沉淀, 澄清, 安下心来, 结清, 定居, 安家"
shopping,[网络] 购物娱乐游；休闲购物
soil,"n. 土壤, 土地, 国家, 国土, 温床, 污物, 粪便, 水池
vt. 弄脏, 污辱
vi. 变脏"
stand,[网络] 热连轧机因受轧机
starve,"v. (使)饿死, (使)挨饿"
stove,"n. 火炉, 窑
vt. 用火炉烤
stave的过去式和过去分词"
stress,"suf. [用于表示阴性] =-ster:seamstress,songstress"
suffer,"vt. 遭受, 经历, 忍受
vi. 受痛苦, 受损害"
suppose,"vt. 假设；认为；让（虚拟语气）；推想
vi. 猜想；料想
conj. 假使…结果会怎样"
swap,"n. 以货易货
v. 交换, 替换, 交易
[计] 交换"
system,[网络] 系统；系统层
tend,伸
thunder,"n. 雷, 雷声
vi. 打雷, 轰隆地响, 怒喝
vt. 大声喊出, 轰隆地发出"
tip,"n. 顶, 尖端, 梢, 末端, 倾斜, 垃圾场, 小费, 轻击, 指点, 秘密消息
vt. 装顶端, 使倾斜, 使翻倒, 泄露, 告诫, 暗示, 给...小费, 轻击
vi. 倾斜, 翻倒, 倾覆, 踮脚走, 给小费
[计] 终端接口处理器, 提示, 技巧"
tolerate,"vt. 宽容, 容许, 有耐力"
upset,上端局设备
urgent,"a. 紧急的, 急迫的, 催逼的
[经] 紧急的, 急迫的"
vest,"n. 背心, 汗背心
vt. 使穿衣服, 授予
vi. 穿衣服, 归属"
waist,"n. 腰部, 腰
[医] 腰"
wallet,"n. 皮夹
[法] 皮包, 皮夹, 钱袋"
weight-loss,[化] 失重; 重量减轻
wisdom,"n. 智慧, 明智行为, 学识, 名言, 贤人"
work,"n. 工作；作品；劳动；功
v. 劳动；干活；奏效；运行
[网络] 运转；职业；有效"
worried,"a. 担心的, 闷闷不乐的"
couch,"n. 长沙发, 睡椅, 卧榻
vt. 横躺, 表达
vi. 躺下, 蹲伏"
gadget,"n. 小配件, 小玩意, 诡计"
incredibly,adv. 不能相信地
laptop,n. 笔记本电脑
membership,"n. 会员的资格, 全体会员, 会员数目
[法] 会员资格, 成员资格, 会籍"
pizza,n. 比萨饼
psychological,"a. 心理学的, 精神上的, 心灵的
[法] 心理上的, 心理学的"
resolution,[网络] 再溶解；稀土溶液
shepherd,"n. 牧羊人, 牧羊犬, 牧师, 保护者
vt. 看守, 领导, 指导, 牧羊"
workaholic,"n. 专心工作的人；醉心于工作的人；为免遭辞退而工作过份卖力的人
adj. 醉心于工作的"
gossip,"n. 闲聊, 随笔, 流言, 爱讲闲话的人
vi. 说闲话, 闲聊"
loneliness,"n. 寂寞, 孤独, 清静"
Nazi,"n. 纳粹党人；纳粹主义信徒
adj. 纳粹党的；纳粹主义的
n. (Nazi)人名；(布基)纳齐；(俄)娜济"
secondly,"adv. 第二, 其次"
spellbind,vt. 迷住；用妖术迷惑
vet,"n. 兽医
vi. 当兽医
vt. 诊断, 检审"
add up,合计
as a matter of fact,事实上
at dusk,黄昏时刻
be concerned about,关心...
be hard on,"对…来说很艰苦,对…很严酷"
calm down,"平静下来, 镇定下来"
can't wait to do sth.,无
credit card,"[计] 信用卡, 记帐卡
[经] 信用卡片, 赊购证, 购物信用卡"
fall out,"脱落, 离队, 争吵, 结果是
[化] 落下; 脱落; 散落物; 核爆炸散落物; 沉降物; 落下灰"
garbage can,垃圾桶
get along with,"进展, 走开"
get on,"na. 上马；安上；过日子；相投 (with together)
[网络] 上车；进展；相处"
give away,"na. 赠送；分发；放弃；露马脚
[网络] 泄露；出卖；分送"
go through,"经历, 经受, 仔细检查, 搜查, 参加, 履行, 被通过, 用完"
have got to,"必须, 不得不"
insist on,"坚持, 坚决要求"
mobile phone, 移动电话
pack up,"打包, 整理, 收工, 结束"
pack sth. up,"打包, 整理, 收工, 结束"
suffer from,"忍受, 遭受
[法] 患...病, 苦于, 因...损害"
talk show,访谈节目
walk the dog,[网络] 遛狗；溜狗；遇狗
light bulb,n. 灯泡
hang on,"v. 坚守；守住；坚持；支撑着
[网络] 坚持下去；抓紧不放；等一下"
concentrate on,"集中, 全神贯注于"
be supposed to,"应该, 被期望"
in cash,[经] 用现金
acre,n. 英亩
across,[网络] 交叉；十字
agreement,"n. 同意, 合约, 协议
[经] 契约, 协议, 协定"
agriculture,"n. 农业
[机] 农业, 农学"
ancient,"a. 古代的, 古老的, 年老的, 旧的"
approximately,"adv. 大约, 大致, 近于
[经] 大约, 近似"
boot,"n. 长靴, 踢, 解雇, 效用
vt. 使穿靴, 踢, 解雇, 有用
[计] 引导, 自举"
booth,"n. 亭, 摊棚
[经] 货摊, 电话间"
border,"n. 边缘, 边境, 边界, 花坛
vt. 在...上镶边, 接近
vi. 接界, 近似
[计] 边框"
broad,二级公路
buffet,"n. 自助餐, 小卖部, 碗橱, 殴打, 冲击
vt. 连续打, 冲击, 搏斗
vi. 奋斗"
bush,"n. 矮树丛
[化] 管衬"
Canadian,a. 加拿大的
carrier,"n. 运送者, 邮递员, 带菌者
[计] 载波"
charity,"n. 慈悲, 博爱, 慈善团体, 施舍
[法] 宽大, 宽恕, 慈善机关"
chat,"n. 闲谈
vi. 闲谈, 聊天"
civilisation,"n. 文明, 文明世界, 文化, 开化, 教化"
Colombia,n. 哥伦比亚
confirm,"vt. 证实, 确定, 批准, 使巩固
[计] 确认"
dawn,"n. 破晓, 黎明
vi. 破晓"
development,[网络] 开发；的发展；不断发展
distance,[网络] 距离
downtown,"[经] 城市中心, 商业区"
eastward,"n. 朝东方向
a. 向东方的
adv. 向东"
Egyptian,"n. 埃及人
a. 埃及的, 埃及人的"
expectancy,"n. 期待, 期望的事物, 嘱望, 希望, 期望, 预期
[医] 预期"
face,"n. 脸, 面容, 正面, 外观
vt. 面对, 朝, 正视, 面临
vi. 朝, 向
[计] 现场可改变的控制元件"
feature,"n. 面孔的一部分(如眼、口等), 特征, 容貌, 特色, 特写
vt. 是...的特色, 特写, 放映
vi. 起重要作用
[计] 特性"
frost,"n. 霜, 冰冻, 冷漠
vt. 覆着霜, 冻结, 结霜
vi. 受冻, 起霜"
geographical,"a. 地理学的, 地理的"
German,"n. 德国人, 德语
a. 德国的, 德国人的, 德国语的, 同父母的"
govern,"v. 统治, 支配, 管理"
head,"n. 头；头部；头脑；负责人
v. 主管；领导；朝（某方向）行进；位于排行之首
adj. 头的；主要的
[网络] 海德；磁头；扬程"
household,"n. 家眷, 家务, 王室
a. 家务的, 家常的"
human,"n. 人, 人类
a. 人类的, 似人类的, 人性的, 有同情心的"
income,"n. 收入, 收益, 流入
[经] 收益"
index,"n. 索引, 指针, 指数, 指标
vt. 编入索引中, 指出
vi. 做索引
[计] 下标; 附标; 变址; 索引; 编索引"
industrial,"a. 工业的, 供工业用的, 工业高度发展的, 产业的
n. 工业工人, 工业股票"
inhabitant,"n. 居民, 居住者
[医] 居民"
Italy,n. 意大利
Jordan,"n. 约旦, 约旦河, 尿壶"
kingdom,"n. 王国, 领域
[医] 界(动物,植物,矿物)"
landmark,"[法] 地界, 界标"
located,"a. 处于, 位于；坐落的"
location,[网络] 偏重于以区位
Malaysia,"n. 马来西亚
[经] 马来西亚"
maple,"n. 枫, 枫木, 淡棕色
[机] 枫木"
measure,"n. 尺寸, 量度器, 量度标准, 测量, 量具, 程度, 范围, 限度, 分寸, 措施, 方法
vt. 测量, 测度, 估量, 权衡, 调节, 拿(自己或自己的力量等)作较量
vi. 度量"
minister,"n. 部长, 牧师, 公使
vi. 服侍, 救助, 主持宗教仪式"
mix,"n. 混合物, 混乱, 糊涂
vt. 使混合, 弄混, 使结合, 混淆
vi. 相混合, 交往, 参与"
nation,"n. 国家, 民族
[法] 民族, 国家"
navy,"n. 海军, 海军人员, 海军军力, 烟蒂"
nearby,"在…附近,接近,靠近"
Netherlands,n. 荷兰
officially,"adv. 作为公务员, 职务上, 官方地"
opposite,"a. 相对的, 相反的, 对面的
prep. 对面
n. 对立面"
parliament,"n. 国会, 议会
[法] 会议, 国会, 议院"
pleased,"a. 高兴的, 喜欢的, 满足的"
political,"a. 政治的, 政治上的, 政党的, 从事政治的
[法] 政治的, 政治上的, 党派政治的"
politician,"n. 政客, 政治家, 从事党派政治的人
[法] 政客, 政治家"
politics,"n. 政治, 政治学, 政见, 政治活动
[法] 政治, 政治学, 政纲"
position,[网络] 位置
poverty,"n. 贫穷, 贫困, 缺乏
[医] 贫乏, 缺乏"
president,[网络] 总统；会长
produce,"n. 生产品, 物产, 后代
vt. 产生, 生产, 提出, 出示
vi. 生产, 制造"
project,"n. 计划, 设计, 事业
vt. 计划, 设计, 投掷, 发射, 使凸出, 放映
vi. 凸出"
province,"n. 省, 地方, 职权, 领域
[法] 省, 地方, 领域"
range,"n. 排, 行, 山脉, 范围, 行列, 射程
vt. 排列, 归类于, 使并列, 放牧
vi. 平行, 延伸, 漫游
[计] 量程; 范围; 域; 距离"
region,"n. 区域, 地带, 地区, 领域, 范围, 区
[计] 区, 区域"
representative,"n. 代表, 众议员, 典型
a. 描写的, 表现的, 代理的, 代表的, 代议制的, 典型的"
republic,"n. 共和国, 共和政体, 团体, 界"
schoolmate,"n. 同学
[网络] 同校生；清凉学园；帝京高校时代同校同学"
sculpture,"n. 雕刻, 雕塑
vt. 雕刻, 雕塑
vi. 当雕刻师"
sign,"n. 符号, 招牌, 征兆, 正负号, 手势
vt. 签名, 打手势表达
vi. 签名
[计] 正负号; 符号; 符号字符"
Singapore,n. 新加坡
situated,"a. 位于...的, 坐落在...的, 处于某种境地的
[法] 坐落...的, 位于...的, 处于某种境地的"
slight,"adj. 轻微的；略微的；细小的；纤细的
n. 侮慢；冷落；轻视
v. 侮慢；冷落；轻视
[网络] 微小的；少量的；细长的"
smart,[网络] 硬盘错误侦测；硬盘已使用时间；设定工具
soldier,"n. 军人；[昆] 兵蚁；懒汉；一片烤面包
vi. 当兵；磨洋工；坚持干；假称害病"
Spain,n. 西班牙
spy,"n. 间谍, 侦探, 侦察
vt. 侦察, 找出, 发现
vi. 做密探, 侦查"
surround,"vt. 包围, 环绕, 围绕
n. 围绕物"
symbol,"n. 符号, 象征, 代号, 信条
[计] 符号; 码元"
terrify,"vt. 使恐惧, 恐吓"
tradition,"n. 传说, 传统, 交付
[法] 传统, 惯例, 移交"
unfortunate,"a. 不幸的, 不合适的, 不吉利的"
upward,"a. 向上的
adv. 以上"
vast,"adj. 辽阔的；巨大的；庞大的；大量的
n. 〈诗〉广大无边的空间；大海
[网络] 广阔的；广大的"
wealthy,"a. 富有的, 丰裕的, 充分的"
westward,[网络] 狂野西部
whereabouts,"n. 下落, 所在之处
adv. 在何处"
beaver,"n. 海狸(毛皮)
[机] 轻型及中型飞机加油"
Cantonese,"n. 广东人, 广东话"
county,"n. 县, 郡"
cowboy,n. 牛仔；牧童；莽撞的人
governor,"n. (美)州长, (英)总督, 统治者, 管理者, 理事
[医] 节制器, 调节器"
grizzly,"a. 略为灰色的, 呈灰色的
n. 灰熊"
Jewish,"a. 犹太人的, 犹太族的"
pearl,"n. 珍珠, 珠灰色, 杰出者, 珍贵之物
vt. 用珍珠镶, 使成珠状
vi. 成珠子状, 采珍珠, 用珍珠做"
workplace,"[经] 工作场所, 车间, 工厂"
continental,"a. 大陆的, 洲的
n. 欧洲大陆人"
catch sight of,瞥见
in the distance,在远处
manage to do, 设法做成某事
prime minister,"总理, 首相
[法] 总理, 首相, 内阁总理"
rather than,与其...不如...
settle down,"使舒服地坐下, 定居, 平静下来, 专心于"
on guard,"na. 看守；值班
[网络] 站岗；警惕；防范"
split up, <非正>瓜分; 劈成; （使）分成若干小部分; <非正>（使）断绝关系
back out,"停止不干, 食言
[法] 收回, 不再担保, 不承认"
break out,"突发, 爆发, 叫嚷, 倒空, 取出, 使作准备
[机] 铸漏"
give in,"na. 让步；屈服；投降；上交
[网络] 交上；认输；放弃"
put ... into prison,[网络] 关进监狱；把……投进监狱；使……坐牢
be at war with,"处于交战状态, 进行竞争"
the United Nations,联合国
cash crop,"[经] 经济作物, 专供销售(或即可销售)的农作物"
look down upon, 蔑视，瞧不起; 鄙夷; 看轻; 掩鼻而过
look down on,"轻视, 看不起"
look up to," 抬头看（某人或某物）, 尊重[敬仰]（某人）; 企慕; 瞧得起; 仰慕"
mix up,"na. 调匀；混淆；使结交坏朋友；【拳击】猛烈互击
[网络] 混合；搞糊涂；混合在一起"
in total,"总共, 总计
[经] 合计, 全部"
keep one's word,守信
take control of,"控制,掌管"
at war,在交战状态中
spy on,"侦查, 暗中监视"
acid,酸
afford,"vt. 买得起, 足以, 给予"
altogether,"adv. 完全地, 总而言之"
ancestor,"n. 祖先, 祖宗"
approach,"n. 接近, 入门
vt. 接近, 近似, 找...商量
vi. 靠近"
architecture,"n. 建筑学, 建筑式样
[计] 体系结构"
Arctic,"a. 北极的, 极寒的
n. 北极圈, 北极"
astronaut,"n. 太空旅行者, 宇航员
[法] 美国太空人"
astronomy,n. 天文学
atom,"n. 原子, 核能, 微粒, 微量
[计] 原子"
attract,"vt. 吸引, 诱惑
vi. 有吸引力"
bay,"n. 海湾, 狗吠声, 月桂
vt. 吠, 使走投无路
vi. 吠"
billion,"num. 十亿, 十亿个"
bother,"vt. 烦扰, 迷惑
vi. 烦恼, 操心
n. 麻烦, 纠纷, 讨厌的人"
brake,"n. 刹车, 阻碍, 丛林
v. 刹车"
capsule,密封舱
centimetre,[网络] 厘米
chain,"n. 链条；链子；锁链；一系列
v. 用锁链拴住（或束缚、固定）
[网络] 连锁；一连串；项圈"
climate,"n. 气候, 社会趋势, 气候区
[医] 气候"
contact,[网络] 装饰用套子
cosmology,"n. 宇宙哲学, 宇宙论
[电] 宇宙论"
cosmonaut,n. 宇航员
crash,"n. 哗啦声, 猛撞, 崩溃, 粗布
v. 撞碎, 破碎, (使)...坠毁
a. 速成的
[计] 崩溃"
debate,"n. 辩论, 讨论
v. 争论, 辩论"
deed,"n. 行为；行动；证书
adv. 〈口〉同“indeed”
v. 〈美〉立契转让(财产)
[网络] 契约；契据；事迹"
disagree,"vi. 不一致, 不适宜
[法] 抵触, 不同意, 争执"
discount,"n. 折扣, 贴现率
vt. 打折扣
vi. 贴现"
district,"n. 区域, 地方
[医] 地区, 地段"
exist,"vi. 存在, 生存, 发生"
fascinating,"a. 迷人的, 吸引人的, 使人神魂颠倒的"
fundamental,"n. 基本原理, 原则, 基波
a. 基本的, 重要的, 原音的"
gallery,"n. 走廊, 最高楼座, 画廊, 收集, 图库
[计] 图库"
gentle,"a. 温和的, 文雅的"
globe,"n. 球, 球状物, 地球仪, 天体
v. (使)成球状"
gorgeous,"a. 华丽的, 灿烂的"
gravity,"n. 地心引力, 重力
[化] 重力"
harbour,[地理] 港湾
harmful,"a. 有害的, 伤害的"
hometown,"故乡,家乡,祖国"
leak,"n. 漏洞, 漏处, 漏出, 泄漏
vi. 漏, 泄漏
vt. 使渗漏"
length,comb.form 表示“(达到某一点或某一部分的)具体长度的”，“有…距离的”
manual,"n. 手册, 指南
a. 手的, 手动的, 手工的, 体力的
[计] 人工的, 手动的"
north-east,[地名] 东北镇 ( 美 )
Oceania,n. 大洋洲
orbit,"n. 轨道, 常轨, 眼眶
vt. 绕...轨道而行
vi. 进入轨道, 盘旋"
over-fishing, [水产]捕捞过度
oxygen,"n. 氧
[化] 氧O-2"
park,"n. 公园, 停车处
vt. 停车, 置于
vi. 停车"
physicist,"n. 物理学家, 机械唯物论者, 自然科学家
[医] 菲西克氏手术(虹膜圆片切除)"
pole,[网络] -极
port,"n. 港口, 埠, 舱门, 避风港, 左舷, 炮眼, 姿势, 意义
vt. 左转舵, 持(枪)
vi. 左转舵
[计] 端口, 移植"
present,"n. 现在, 礼品, 瞄准
a. 现在的, 出席的
vt. 介绍, 引见, 赠送, 提出, 呈现, 上演
vi. 举枪瞄准"
present-day, 当代；现代；当今
pretty,"a. 漂亮的, 优美的, 机灵的, 狡猾的, 恰当的
adv. 相当, 颇"
professional,"n. 专业人才
a. 专业的, 职业的"
pull,"vt. 拉, 拖, 拔, 牵, 撕开, 吸引
vi. 拉, 拖, 拔, 有吸引力
n. 拉, 拖, 拔, 拉力, 牵引力, 划船, 吸引"
puzzle,[网络] 难题
religion,"n. 宗教, 信仰
[法] 宗教, 宗教信仰, 信仰"
satellite,"n. 人造卫星
[医] 伴行静脉, 陪静脉, 陪病部, 随体, 卫星"
shark,"n. 鲨鱼, 骗子
v. 诈骗"
shopkeeper,"[经] 零售商人, 店主, 业主"
ski,[网络] -滑雪
solar,"a. 太阳的, 日光的, 源自太阳的
[医] 太阳的; 腹腔丛的"
solution,"n. 解决, 解答, 溶液
[化] 溶液"
soul,"n. 灵魂, 心灵, 精神, 精髓, 人, 化身, 典型, 鬼魂
a. 黑人的"
sound,"n. 声音, 语音, 吵闹, 声调, 听力范围, 探条, 海峡
a. 健全的, 可靠的, 合理的, 健康的, 彻底的, 资金充实的
adv. 彻底地, 充分地
vi. 发出声音, 回响, 测深, 试探, 听起来
vt. 使发声, 宣告, 听诊, 测...深, 试探
[计] 声音"
south-west,"n. 西南；西南方；西南地区
[网络] 西南部；西南区；英格兰西南"
spaceship,"[法] 太空船, 航天飞船"
spirit,"n. 精神, 心灵, 灵魂, 态度, 志气, 人格, 情绪, 心情, 烈酒
vt. 诱拐, 鼓励, 鼓舞"
suburb,"n. 市郊住宅区, 郊区, 边缘"
theory,"n. 理论, 学说, 原理, 意见, 推测
[化] 理论"
tourist,"n. 观光客, 旅行者
a. 旅游的"
traffic,"n. 交通, 通行, 运输, 交通量, 贸易, 交易, 交往, 通信量
vi. 交易, 做买卖
vt. 用...作交换
[计] 通信量, 传输量"
unable,"a. 不能的, 不会的
[法] 无能力的, 无资格的, 没有办法的"
underwater,"(在生活中)失败,潦倒"
unemployed,"a. 失业的, 未被利用的
[经] 没有被雇用的, 失业的, 没有被利用的"
unknown,[网络] 未知的；不明身份
up-to-date,"最近的, 最新的
[经] 直到最近的, 现代的"
volcano,n. 火山
voyage,"n. 航行, 航海, 航程, 旅行, 航空
vi. 航海, 航行
vt. 航行越过, 飞过"
barrel,"n. 桶；枪管；一桶（的量）
v. 飞驰
[网络] 琵琶桶；圆筒；滚筒"
coral,"香豆磷,蝇毒磷"
crab,"n. 螃蟹, 偏航, 脾气乖戾的人, 沙果
vi. 捕蟹, 偏航, 发牢骚
vt. 使偏航, 抱怨, 破坏"
further,"a. 更远的, 此外的, 更多的
vt. 促进, 增进, 助长
adv. 更进一步地, 更远地, 此外"
whirlpool,"n. 漩涡, 涡流
[化] 涡流"
windsurfing,(wind-surf 的现在分词) 风帆
amphibian,"a. 两栖类的, 水陆两用的
n. 两栖动物, 水旱两生植物, 水陆两用飞机"
exhaust,"n. 排气, 排气装置, 废气
vt. 抽完, 用尽, 耗尽, 使精疲力尽
vi. 排气"
geologist,"n. 地质学家, 地质学者"
lessen,"vt. 减少, 缩小, 减轻
vi. 变小"
nitrogen,"n. 氮
[化] 氮N-2"
shellfish, [医]水生贝壳类动物
vapour,蒸气，雾
weightlessly, 失重地
nuisance,"n. 讨厌的东西, 讨厌的人, 损害
[医] 损害, 讨厌"
taikonaut,n. 中国太空人
all at once,"突然, 同时
[计] 整批发送"
block out,"na. 画略图；拟大纲；同“block in ”
[网络] 挡住；封闭；把对方球员挡住"
carbon dioxide,"二氧化碳
[化] 二氧化碳"
cheer up,"v. 鼓舞；振作一点
[网络] 振作起来；高兴起来；使高兴起来"
get into trouble,"na. 遇到麻烦；卷入纠纷；受责备；未结婚而怀孕
[网络] 陷入困境；陷入麻烦；惹上麻烦"
give birth to,产生
in one's turn,轮到某人
in time,"na. 经过一段时间以后；早晚；在恰好的时候；和…合拍
[网络] 及时；钟点战；时间规划局"
make a living,"谋生, 挣钱度日, 维持生活"
make it to, 赶上，到达
pick up,"v. 拾起；探出；重新开始
[网络] 捡起；拿起；学会"
prevent ... from,"阻止, 妨碍"
set sail,"张帆, 开航"
solar system,"太阳系
[电] 太阳系"
the Antarctic,"n. 南极地区
[网络] 南极洲；南极区；北极地区"
watch out,"密切注意, 当心, 戒备, 提防"
water skiing,水橇
give out,"分发, 发出, 发表, 用尽, 精疲力竭"
in all,"总共
[经] 合计, 全部"
in terms of,"用...的话, 根据, 按照, 在...方面
[法] 用...话, 以...措词, 按照"
the North pole,"n. 北极
[网络] 之北极；北极点；北极镇"
Big Bang,n. 宇宙大爆炸；创世大爆炸
get the hang of,"了解,理解,掌握…的窍门,摸清…的底细"
the Milky Way,n. 银河
absolutely,adv. 绝对地；完全地
achievement,"n. 完成, 成就, 功业"
AD,"n. 【网】打成平局后得分 = advantage. ad in (打成平局后)发球人得分
abbr. 〈外(=Anno Domini)公元
prep. 达；根据
[网络] 阿尔茨海默病(Alzheimer's disease)；活动目录(Active Directory)；广告(advertisement)"
Anno Domini,"耶稣纪元, 公元"
afterwards,adv. 后来；然后
ahead, 一捆；一束；一头；一棵
anti-black,adj. 反黑人的
argue,"vi. 提出理由, 争论, 辩论
vt. 主张, 辩论, 证明, 说服"
ash,辅酶A
attack,"n. 攻击；抨击；疾病发作
vt. 攻击；抨击；动手干
vi. 攻击；腐蚀
n. (Attack)人名；(瑞典)阿塔克"
aware,"a. 知道的, 有觉悟的"
BC,abbr. 公元前（Before Christ）
before Christ,公元前
beg,"v. 乞求, 乞讨, 请求"
behave,"vi. 表现；（机器等）运转；举止端正；（事物）起某种作用
vt. 使守规矩；使表现得…"
behaviour,作，行为；性能，特性，品质；状态，工况，运行情况
bomb,"n. 炸弹
vt. 轰炸, 投弹于
vi. 失败"
bond,"n. 捆绑物, 结合, 债券, 契约, 粘合剂, 保证人, 键, 关栈保留
vt. 存入关栈, 使黏合
vi. 结合"
breakthrough,"突围, 突破
[计] 断缺"
breathe,"vi. 呼吸, 生存, 低语
vt. 呼吸, 使喘息, 发散, 低声说"
campaign,"n. 战役, 运动, 竞选运动
vi. 参加运动, 作战"
candidate,n. 候选人，候补者；应试者
career,"n. 事业, 生涯, 成功
[法] 职业, 专业, 履历"
category,"n. 种类, 类项
[计] 分类"
chairman,"n. 主席, 会长
[经] 主席"
clear,"a. 清楚的, 明确的, 澄清的
adv. 清晰地
vt. 澄清, 清除障碍
vi. 放晴, 变清澈
n. 空隙
[计] 清除"
coincidence,[网络] 巧合；生命中的每一刻都是巧合；发生之状况
commit,"vt. 委托(托付), 犯罪, 指派...作战, 使承担义务
[法] 犯, 做, 把...交托给"
companion,"n. 朋友, 陪伴, 指南, 升降口围罩
vt. 陪伴"
condition,[网络] 要件；经营环境；条件
considerate,adj. 体谅的，体贴的，关切的；考虑周全的，周密的；[废语]谨慎的；深思熟虑的
consideration,"n. 考虑, 原因
[法] 考虑, 思考, 报酬"
convert,"n. 皈依者, 改变宗教信仰者
vt. 使改变信仰, 转换, 兑换, 倒置
vi. 皈依
[计] 转换"
corrupt,"a. 腐败的, 贪污的, 讹误充斥的
vt. 使腐烂, 腐蚀, 使恶化
vi. 腐烂, 堕落"
cruelty,"n. 残酷, 野蛮, 残酷行为
[法] 残酷, 残忍, 虐待"
curious,"a. 好奇的, 求知的, 古怪的"
death, [人名] 迪阿思
declare,"v. 宣布, 声明, 申报, 断言"
deliver,"vt. 递送, 陈述, 释放, 发表, 引渡, 投递, 交付
[经] 交运"
desire,"n. 欲望, 要求
vt. 想要, 请求
vi. 渴望"
destroy,vt. 破坏；消灭；毁坏
devote,"vt. 投入于, 献身"
devotion,"n. 热爱, 投入"
discourage,"vt. 使气馁, 阻碍"
disturb,"vt. 扰乱, 妨碍, 使不安
[法] 滋扰, 扰乱"
explode,"vi. 爆炸, 爆发, 激增
vt. 使爆炸"
flee,"vt. 逃避, 逃跑, 逃走
vi. 逃, 消失"
fortune,"n. 财富, 运气, 兴隆, 大量财产, 好运, 命运
[法] 命运, 财产, 大量财产"
found,"vt. 建立, 创立, 铸造
find的过去式和过去分词"
generation,"n. 一代, 一世, 产生
[医] 生殖, 世代"
generous,"具,有"
glory,"n. 光荣, 荣耀, 荣誉, 壮丽, 繁荣
vi. 自豪"
god,[网络] 住好啲；上帝
guidance,"n. 指导, 领导
[医] 导"
gunpowder,火药
honesty,"n. 诚实, 公正, 正直"
hopeful,"n. 有希望之人, 有前途之人
a. 有希望的, 怀抱希望的, 保持乐观的"
importance,"n. 重要, 重要性, 重要地位, 自大
[机] 重要, 重要性"
influential,"a. 有影响的, 有势力的"
intend,"vt. 计划, 打算, 意思是
[法] 想要, 打算, 意旨"
lawyer,"n. 律师；法学家
n. (Lawyer)人名；(英)劳耶"
leading,"n. 领导, 指挥, 神示, 铅板
a. 领导的, 主要的, 在前的"
march,abbr. Master of Architecture 建筑学硕士
memorial,"n. 纪念物, 请愿书
a. 记念的, 记忆的"
millennium,"n. 千禧年, 一千年"
modest,"a. 谦逊的, 羞怯的, 端庄的, 适度的
[经] 适当的"
mud,[网络] 书背作准给他上密西根
murder,[网络] 谋杀罪
nationality,"n. 国籍, 国家, 民族性
[法] 国家, 民族, 国民"
nickname,n. 昵称
observe,"vt. 觉察到, 遵守, 注意到, 庆祝
vi. 注意, 评论"
opinion,"n. 意见, 评价, 主张
[经] 意见"
original,"a. 最初的, 原始的, 有创意的
n. 原物, 原作"
partly,"adv. 部分地, 在一定程度上"
peaceful,"a. 平静的, 和平的, 和平时期的, 爱好和平的, 喜爱安静的
[法] 和平的, 爱好和平的, 和平时期的"
philosophy,"n. 哲学, 人生观, 哲学思想, 哲理, 基本原理, 见解, 达观, 沉着"
poison,"n. 毒药, 毒, 毒物, 有毒害的事物
vt. 毒害, 毒杀, 使中毒
vi. 放毒, 下毒"
pot,[计] Microsoft Powerpoint模块
pour,"n. 流出, 倾泻, 骤雨
vt. 倒, 灌, 注, 倾泻, 诉说, 倾吐
vi. 倾泻, 蜂涌而来, 下大雨"
principle,"n. 原则, 原理, 主义
[化] 原理"
punishment,"n. 处罚, 刑罚, 惩罚
[法] 罚, 处罚, 刑罚"
quality,"n. 品质, 特性, 才能, 质量
a. 优质的
[计] 品质"
rate,"n. 比率, 率, 速度, 价格, 费用, 等级
vt. 估价, 认为, 鉴定等级, 责骂
vi. 被评价, 责骂"
refer,"vt. 提交, 归诸于, 把...提交, 使求助于
vi. 提到, 涉及, 查阅, 查询, 咨询"
remains,"n. 剩余物, 废墟, 残余
[法] 遗体, 尸体, 遗骸"
requirement,"n. 需求, 必要条件, 要求
[化] 要求; 合同要求"
resign,"v. 重新签署
[网络] 续签；再签名；再签署"
revolution,"n. 革命, 大变革, 旋转, 转数, 循环
[化] 回转"
reward,"n. 报酬, 酬谢, 赏金
vt. 奖赏, 酬谢, 给...应有报应"
riddle,"n. 谜, 谜语, 粗筛
vt. 解谜, 给...出谜, 筛, 寻根究底地检验, 充满于
vi. 出谜"
salary,"n. 薪水
vt. 给...加薪"
scholar,"n. 学者, 奖学金获得者, 有文化者, 学习者"
self,suff. 自己
selfish,"a. 自私的, 利己主义的, 自我中心的"
sentence,"n. [语][计] 句子，命题；宣判，判决
vt. 判决，宣判"
shortly,"adv. 不久, 简短, 唐突地"
staple,"n. 主要产物, 常用品, 主要要素, 原料, 订书钉, 钩环
a. 主要的, 重要的
vt. 分级, 钉住"
status,"n. 状态, 情形, 地位, 要人身份
[计] 状态"
support,[网络] 支承
swallow,"n. 燕子, 吞咽, 喉
vt. 咽, 淹没, 吞没, 耗尽, 轻信, 忍受, 抑制
vi. 吞下, 咽下"
terror,"n. 恐怖, 可怕的人
[医] 惊吓, 惊悸"
thinker,"n. 思想者, 思想家"
troop,"n. 军队, 一群, 一队
vi. 群集, 结队, 成群而行"
victim,"n. 受害人, 牺牲者, 牺牲品
[法] 受害人, 被害人, 遭难者"
violence,n. 暴力；侵犯；激烈；歪曲
willing,"a. 乐意的, 自愿的, 甘愿的"
worthwhile,"na. 有…的价值；有利益的
[网络] 值得；值得的；值得去做"
yield,"n. 生产量, 投资收益
vt. 出产, 给予, 让出, 放弃, 使屈服
vi. 出产, 屈服, 投降, 倒塌"
bullet,"n. 子弹
[医] 弹, 子弹, 距节(马)"
curse,"n. 咒骂, 诅咒
vt. 诅咒, 咒骂"
glow,"n. 赤热, 光辉, 热情, 热烈, 红光
vi. 发红光, 红光焕发, 发热, 洋溢, 激动"
lord,"n. 统治者, 阁下, 上帝
vi. 称王, 作威作福
vt. 使成贵族"
racism,"n. 种族主义, 种族偏见
[法] 种族主义, 种族歧视, 种族歧视主张"
soar,"n. 高扬, 翱翔
vi. 往上飞舞, 高耸, 翱翔"
workshop,"[计] 专题讨论会, 学术会议"
easy-going, 从容不迫的
invader,"n. 侵略者
[化] 侵入物"
landmine,n. 地雷
nationalism,"n. 民族主义, 民族特性"
passbook,"[经] 银行存折, 顾客赊欠帐簿"
Quaker,n. 贵格会教徒
release,"vt. 释放；发射；让与；允许发表
n. 释放；发布；让与"
warm-hearted,"a. 热烈的, 热心的, 富有同情心的, 热情的"
monk,"n. 修道士, 僧侣, 和尚"
sterile,"a. 不毛的, 不孕的, 无菌的, 贫瘠的, 无效的, 枯燥的
[医] 无菌的, 消毒的; 不育的"
as a result of,作为结果
be in control,[网络] 在掌控中；掌控之中；自我控制
be in control of sth.,无
be sentenced to, 被判处……
blow up,"v. 炸掉；爆炸；充气；放大
[网络] 炸毁；发脾气；爆发"
come across,偶遇
come to do sth.,[网络] 开始做某事；逐渐；强调过程
come to power,"上台,夺取政权"
commit suicide,[法] 自杀
get involved with,被…缠住了
human being,"人类
[法] 自然人, 人类"
in my opinion, 依我看来; 据我看来
in trouble,"处于不幸中, 在监禁中"
pull through,"(使)渡过难关, (使)恢复健康"
refer to,"v. 查阅；提到
[网络] 参考；涉及；谈到"
result in,"导致
[法] 产生, 导致"
rise up against,无
set up,"na. 建立；创立；发起；开办
[网络] 设立；设置；成立"
stand in one's path,无
take over,"na. 接管；继承
[网络] 接收；接任；接替"
turn to,"转向, 变成, 求助于, 起劲地开始行动"
You've got a point there.,无
Youth League, 青年联盟
Nobel Peace Prize, 诺贝尔和平奖
account,"n. 账户；解释；账目，账单；理由
vi. 解释；导致；报账
vt. 认为；把…视为"
act,[计] Microsoft office助手文件
adventure,"n. 冒险, 冒险经历
v. 冒险"
amuse,"vt. 消遣, 娱乐, 使发笑"
astonish,vt. 使惊讶
audience,"n. 听众, 观众, 读者
[法] 听讼, 观众, 听众"
author,"n. 作家, 作家的著作, 创始人
[法] 作者, 著作人, 本人"
barber,n. 理发师
bark,"n. 树皮, 吠声
vi. 吠, 叫骂
vt. 喊出, 剥树皮"
birthplace,出生地
bow,[网络] 兵器；生化武器；生化兵器
character,"n. 个性, 字符, 人物, 性质, 品格, 资格
[计] 字符"
chew,"vt. 咀嚼, 嚼碎
vi. 咀嚼, 细想
n. 咀嚼, 咀嚼物"
childhood,儿童期
classic,"n. 古典作品, 杰作, 大艺术家
a. 第一流的, 最优秀的, 古典的"
comedy,"n. 喜剧, 有趣的事情"
content,"n. 内容, 满足, 意义, 要旨
a. 满足的, 满意的
vt. 使...满足, 使...安心
[计] 内容"
contrary,"a. 相反的, 矛盾的, 对立的
n. 相反, 对立面
adv. 相反地"
convince,"vt. 说服, 使相信
[法] 使确信, 使信服, 使人认识错误"
direct,"a. 直接的, 坦白的
vt. 指示, 指挥, 命令, 导演
vi. 指导, 指挥
adv. 直接地"
divorce,[网络] 离婚
drama,"n. 戏剧, 戏剧艺术"
embassy,"n. 大使馆, 大使馆全体人员
[经] 大使馆"
entertain,"vt. 娱乐, 招待, 怀抱
vi. 款待"
envelope,"n. 信封, 封套, 封袋
[医] 膜, 包袋"
explanation,"n. 解释, 说明, 辩解, 表明
[经] 解释, 注释, 说明"
fault,"n. 过错, 故障, 毛病
vt. 挑剔
vi. 产生断层, 弄错
[计] 故障"
fiction,"n. 小说, 虚构故事
[法] 虚构的事实, 捏造, 拟制"
fortunate,"a. 幸运的, 幸福的"
genuine,"a. 真正的, 真实的, 诚恳的
[医] 真性的"
homeless,"a. 无家的, 无养主的"
humour,"液；体液, 体液"
indeed,真正
kindness,"n. 仁慈, 亲切, 和蔼"
literary,"a. 文学的, 文艺的, 精通文学的
[法] 文学的, 从事文学的, 从事写作的"
literature,"n. 文学, 文艺, 著作
[经] 广告, 商品介绍等文学"
love,[网络] 爱到底；林俊杰；香奈儿香水广告曲
manner,"n. 样子, 礼貌, 风格
[法] 方式, 方法, 样式"
mean,"a. 低劣的, 卑贱的, 简陋的, 吝啬的, 惭愧的, 平均的, 中间的, 普通的
vt. 意谓, 想要, 意欲, 预定
vi. 用意, 有意义
n. 平均数, 中间, 中庸"
mess,"n. 食堂, 伙食, 用膳, 一份食品, 混乱, 乱七八糟, 困境
vt. 将...弄糟, 妨碍, 使紊乱, 使就餐
vi. 陷入困境, 搞乱, 用膳"
moustache,触须
novel,"n. 小说, 长篇故事
a. 新奇的, 异常的"
occasion,"n. 场合, 时机, 机会, 诱因, 理由
vt. 惹起, 引起"
ordinary,"a. 平常的, 普通的, 平凡的
n. 平常的人(或事)"
outgoing,a. 外向的
outspoken,[网络] 直言的
outstanding,"adj. 杰出的；显著的；未解决的；未偿付的
n. 未偿贷款"
overcome,"vt. 克服；胜过
vi. 克服；得胜"
pancake,[网络] 班戟蛋糕；松饼；煎锅蛋糕
particular,"n. 一项(或条、点), 个别项目, 详细说明
a. 特别的, 独有的, 挑剔的, 详尽的"
passage,"n. 一段（文章）；走廊；通路
n. (Passage)人名；(英)帕西奇；(法)帕萨热"
permit,"n. 许可证, 许可, 执照, 通行证
vt. 允许, 容许, 可能, 使放手做
vi. 容许, 给以机会, 提供可能"
phrase,"n. 惯用语, 词组, 成语, 措词, 乐句
vt. 用短语表达, 把(乐曲)分成短句
[计] 短语"
pineapple,[网络] 凤梨；菠萝
plot,"n. 小块土地, 地区图, 图, 阴谋, 情节
vt. 划分, 绘图, 密谋
vi. 密谋, 策划
[计] 绘制"
porridge,"n. 粥, 糊"
rag,[=radium-G]镭-G
scene,"n. 场, 情景, 镜头, 发生地点, 道具, 布景, 景色
[化] 现场"
scream,"n. 尖叫声
vi. 尖叫, 大笑, 尖啸, 令人震惊
vt. 尖叫着说, 大叫大嚷着要求"
seek,"vt. 寻求, 寻找, 探索, 追求, 搜索, 请求
vi. 寻找, 搜索
[计] 查找"
series,"n. 串联, 序列, 连续, 系列, 丛书, 套, 级数, 组
[计] 系列"
setting,"n. 环境, 背景, 布景, 镶嵌, 调整, 沉落, 一副餐具
[计] 设置"
slide,"n. 滑, 滑道, 山崩, 雪崩, 幻灯片
vt. 使滑动, 偷偷放入
vi. 滑动, 滑落, 不知不觉陷入, 偷偷地走"
spot,"n. 污点, 地点, 斑点, 点, 娱乐场所, 处境, 少量
a. 当场的, 现场的, 现货买卖的, 现金交易的, 抽样的
vt. 点缀, 玷污, 认出, 准确定...的位, 用灯光照射
vi. 玷污, (从空中)侦察敌方目标"
steak,"n. 牛排, 鱼排, 肉排"
superhero,[网络] 超级英雄；成为超级英雄
superior,"n. 长者, 占优势的人, 上级
a. 上级的, 出众的, 高傲的"
superman, [电影]曾是超人的男子
Switzerland,n. 瑞士
throughout,[网络] 生产量；有效产出；透背
title,"n. 头衔, 名称, 标题, 书名, 扉页, 权利, 资格, 冠军, 字幕
vt. 授予头衔, 加标题于
[计] 标题"
unbelievable,a. 难以置信的
wander,"vi. 游荡, 漫步, 徘徊, 迷路, 离题, 蜿蜒
vt. 在...漫游"
whisper,"n. 耳语, 密谈, 谣传, 沙沙声
vi. 耳语, 密谈, 沙沙地响
vt. 低声说"
worn,"a. 用旧的, 穿旧的
wear的过去分词"
writer,"n. 作家, 撰稿者, 抄写员
[化] 记录器"
boyhood,n. 少年时代
brighten,"vi. 变亮, 活跃
vt. 使生辉, 使快活"
charming,"a. 迷人的, 有吸引力的"
depressed,"adj. 沮丧的；萧条的；压低的
v. 使沮丧；使萧条（depress的过去式和过去分词形式）；压低"
fake,"n. 假货, 欺骗, 诡计
a. 假的
vt. 假造, 仿造
vi. 伪装"
fathom,"n. 英寻(长度单位,合6英尺)
vt. 测量深度, 看穿, 彻底了解
vi. 测深"
issue,"n. 发行, 问题, 后果, 流出, 出口, 争端
vi. 发行, 流出, 造成...结果, 传下
vt. 使流出, 放出, 发行, 发布, 发给"
lace,"n. 饰带, 花边, 缎带, 鞋带
vt. 结带子, 饰以花边
vi. 系带子
[计] 全穿孔"
mime,"n. 哑剧, 小丑, 滑稽戏
v. 摸拟表演
[计] 多用途互连网邮件扩展"
mouthful,"n. 一口, 满口"
narrator,"n. 讲述者, 叙述者
[法] 陈述者, 叙述者"
nightfall, [电影]大追捕; 追捕
nonverbal,adj. 非用言语的
optimism,"n. 乐观主义, 乐观, 乐天
[医] 乐观主义, 乐观"
penniless,"a. 赤贫的, 贫穷的"
punchline,妙语
snowstorm, 暴风雪，雪暴; “雪花”干扰
teens,n. 十三岁到十九岁
underdog,"斗输的狗;失败者,受压迫者"
unpaid,"a. 未付款的, 不支薪水的
[经] 未付的, 未缴纳的"
verbal,"a. 用言辞的, 言语的, 口头的, 逐字的, 动词的
[医] 言语的, 口述的"
thriller,"n. 使人激动的东西, 使人毛骨悚然的东西, 使人毛骨悚然的小说"
account for,对…负有责任；对…做出解释；说明……的原因；导致；（比例）占
as for,至于
badly off,"穷的, 缺少的"
bring up,"na. 抚养；教导；教育；在…长大
[网络] 培养；提出；养育"
by accident,偶然
cut off,"na. 削除；截止；截断(退路等)；割下来
[网络] 切断；断绝；切掉"
feel content with,无
be content with,以...为满足
go ahead,前进
in rags,"穿着破衣服,衣衫褴褛"
on the contrary,"正相反
[法] 正相反, 相反地"
pick out,"na. 挑选；掘出；闻出；领会
[网络] 挑出；选出；选出，挑出，拣出"
star in,"在…里演主角, 由…出演主角"
stare at,"凝视, 盯住"
take a chance,冒险
up to now,到目前为止
be in love with,与...恋爱
fall in love, 陷入爱河（歌名）; [电影]追爱总动员
fall in love with,爱上
at the age of,在…年龄的时候
break into,"破门而入, 侵占
[法] 破门而入"
burn down,"烧成平地, 火力减弱
[机] 烧去, 火力衰退"
make up,"na. 弥补；起草；定；签订
[网络] 组成；化妆；编造"
fairy tale,"神话故事, 童话, 谎言"
make a bet,打赌
accuse,"vt. 指责, 控告, 归咎于
vi. 指责, 控告"
alternative,"n. 两者择一, 供替代的选择
a. 两者择一的, 供选择的
[计] 选择对象"
beast,"n. 畜生, 动物, 野兽, 兽性"
built-in, 安装在里面的
button,"n. 按钮；钮扣
vt. 扣住；扣紧；在…上装钮扣
vi. 扣住；装有钮扣；扣上钮扣
n. (Button)人名；(英)巴顿"
catalogue,型绿
ceiling,"n. 天花板
[经] 顶点, 顶线, 上限"
central,"adj. 中心的；主要的；中枢的
n. 电话总机"
chaos,"n. 大混乱, 混沌
[化] 混沌; 浑沌"
chief,"n. 领袖, 酋长, 长官, 主要部分
a. 主要的, 首位的"
clay,"n. 泥土, 肉体, 黏土
[化] 粘土"
colony,"n. 殖民地, 移民队
[医] 菌(集)落, 菌丛; 移民区"
constant,"n. 常数, 恒量
a. 不变的, 一定的, 时常的
[计] 常量; 常数; 恒值"
convenience,"n. 方便, 便利的事物, 方便的时候"
crime,"n. 犯罪, 罪行, 罪恶
[法] 犯罪, 罪, 罪恶"
criminal,"n. 罪犯, 犯人, 刑事
a. 犯了罪的, 刑事的, 有罪的"
disability,"n. 无力, 无能, 残疾
[医] 劳动能力丧失, 病废"
disabled,"a. 残废的, 有缺陷的, 失效的
[计] 失效的"
disappear,"vi. 消失；失踪；不复存在
vt. 使…不存在；使…消失"
disappointed,a. 失望的
dishwasher,洗碟机；洗碗人员
escape,"n. 逃亡, 避难设备, 逃跑
vi. 逃脱, 避开, 溜走
vt. 逃避, 避免, 被...忘掉"
eventually,"adv. 最后, 终于"
exit,"n. 出口, 退场, 离去, 去世
vi. 退出, 脱离, 去世
[计] 退出; DOS内部命令:本命令用于退出当前的命令处理器(COMMAND.COM)
恢复前一个命令处理器"
fade,"vi. 褪色, 消失, 凋谢
vt. 使褪色
n. 淡入, 淡出
a. 平淡的"
fire,"n. 火, 炉火, 电炉, 火灾, 闪光体, 炮火, 热情
vt. 点燃, 烧制, 使发光, 激动, 放枪, 解雇
vi. 着火, 烧火, 开枪, 射击, 激动"
firefighter,[法] 消防人员
flesh,"n. 肉, 肉体, 肉欲, 人性, 亲属, 人类, 众生, 人体
vt. 以肉喂, 激起...的杀戳情绪, 使肥, 赋以血肉
vi. 长胖"
float,"n. 漂流物, 浮舟, 漂浮, 浮萍, 彩车
vi. 浮动, 飘动, 散播, 摇摆, 动摇, 浮动
vt. 使漂浮, 容纳, 淹没, 发行, 实行
[计] 浮动"
flood,"n. 洪水, 大量之水, 涨潮
vt. 淹没, 使泛滥, 注满
vi. 被淹, 溢出, 涌进"
global,"a. 通用的, 全球的, 球形的, 综合的, 普遍的
[计] 共用"
growth,"n. 生长, 栽培, 增长
[计] 等比级数"
guide,"n. 引导者, 导游, 指南, 路标
vt. 指导, 支配, 管理, 带领, 操纵
vi. 任向导
[计] 辅助线"
hire,"n. 雇用，租用；租金，工钱
vt. 雇用；出租
vi. 雇用，租用；受雇"
landfill,土地填筑
liquid,"n. 液体, 流体, 流音
a. 液体的, 透明的, 明亮的, 流动的, 易变的"
load,"n. 负载，负荷；工作量；装载量
vi. [力] 加载；装载；装货
vt. 使担负；装填"
mankind,"n. 人类, 男性"
master,[网络] 主设备；万事达
material,"n. 材料, 物资, 素材, 布料, 资料
a. 物质的, 肉体的, 重要的"
modem,"n. 调制解调器
[计] 调制解调器"
monitor,"n. 监督器, 级长, 监听员, 班长, 监视器, 告诫物
v. 监视, 监听, 监督
[计] 监视器, 监视程序; 监视"
mushroom,"n. 蘑菇形物, 蘑菇, 暴发户
vi. 迅速生长, 迅速增加, 采蘑菇
a. 蘑菇形的, 迅速生长的"
non-smoker,"n. 不吸烟的人
[网络] 非吸烟者；不抽烟；禁菸"
nuclear,"a. 核子的, 原子能的, 核的, 中心的
[医] 核的"
obvious,"a. 明显的, 明白的, 显然的, 平淡无奇的"
online,"[经] (与主机)联机, 在线, 机内"
optimistic,"a. 乐观的, 乐观主义的, 乐天的"
outpatient,n. 门诊病人
pad,"n. 填补, 衬垫, 印色盒, 路
vt. 填补, 走, 夸大
vi. 步行
[计] 焊接点; 包装配/拆卸"
passive,"a. 消极的, 被动的, 冷漠的, 顺从的, 无源的
[医] 被动的"
PC, [医][=phlogistic corticoid]炎性皮质激素类
personal computer,"个人电脑
[计] 个人计算机"
planning,"n. 计划的制订, 策划, 设计, 规划
[计] 计划, 规划"
powder,"n. 粉, 粉末, 火药
vt. 搽粉于, 搽粉, 撒粉, 使成粉末
vi. 搽粉, 变成粉末"
powder-free,[网络] 无需洗衣粉的；无粉末；无粉
predict,"v. 预知, 预言, 预报"
presentation,"n. 赠与, 描述, 介绍
[计] 简报"
printer,"n. 印刷工, 打印机
[计] 打印机"
rapidly,"adv. 飞快地, 迅速地, 赶紧地"
recreation,"n. 再创造；重新创造；再创造的事物
[网络] 二度创造"
reject,"n. 被拒之人, 被弃之物, 不合格品, 次品
vt. 拒绝, 抵制, 否决, 驳回, 丢弃, 呕出"
resource,"n. 资源, 财力, 办法, 策略, 急智, 消遣
[计] 资源"
risky,a. 危险的
secure,"a. 无虑的, 安心的, 安全的, 可靠的, 保险的
vt. 固定, 获得, 保证, 使安全, 掩护, 招致
vi. 停止操作, 船抛锚"
settlement,"n. 安顿, 解决, 处理, 结算, 殖民, 殖民地, 沉降
[医] 居住区; 沉渣"
shape,"n. 形状, 形态, 外形, 形式, 身材
vt. 定形, 使成形, 塑造, 计划, 使符合
vi. 成形, 形成, 成长
[计] 形状"
smoker,"n. 吸烟者, 吸烟的人, 吸烟车厢, (美)(非正式)蒸汽火车头"
social,"a. 社会的, 群居的, 社交的
n. 联欢会"
softball,容易处理的事情
spaceport,航天港
squirrel,"n. 松鼠, 松鼠毛皮
vt. 贮藏"
steel,"n. 钢, 钢制品, 钢铁, 坚硬, 坚固
a. 钢的, 钢制的, 钢铁业的, 坚强的
vt. 使坚强, 钢化, 使冷酷"
studio,"n. 工作室, 画室, 演播室, 电影制片厂"
suggestion,"n. 提议, 意见
[医] 暗示"
sunlight,[医] 日光
sunshine,[网络] 阳光；阳光照射；阳光灿
surgery,"n. 外科, 手术, 手术室, 换球术"
switch,"n. 开关, 电闸, 转换, 软枝, 鞭子, 道岔
vt. 转变, 切换, 摆动, 转换, 使转轨
vi. 转换, 变换, 摆动
[计] 交换机；开关; 翻转; 转移"
telesurgery,[网络] 手术；远程手术；远程外科手术
terrorist,"n. 恐怖分子
[法] 恐怖份子, 恐怖主义"
upwards,"adv. 以上, 向上"
urban,"a. 都市的, 住在都市的, 习惯于都市的
[法] 城市的, 都市的, 市区的"
user,"pron. 我们
[网络] 美国(United States)；美国码；的缩写更新服务参数(Update Service)"
whale,"n. 鲸
vi. 捕鲸
vt. 使惨败, 猛揍"
winning,"n. 胜利, 获得, 成功, 赢得物
a. 得胜的, 胜利的"
zip,"n. 拉链；拉锁；能量；速度
v. 拉上拉链；用拉链锁上；（使沿某方向）快速移动；压缩（文件）
[网络] 邮编；压缩档；解压缩"
3-D,abbr. 三维的（three dimensional）
Brazilian,"n. 巴西人
a. 巴西的, 巴西人的"
Chinatown,[网络] 中国城；唐人街；牛车水
cyberspace,网际空间之意
destruction,"n. 破坏, 毁灭
[医] 破坏"
evolve,"vi. 进展, 进化, 展开
vt. 使发展, 使推断出, 使进化"
fashion,na. comb. F. 加在名词之后
hacker,"[计] 计算机窃贼, 计算机新技术挑战者, 黑客"
headset,"(头戴式)耳机,听筒"
locate,"vt. 找出, 设于, 位于
vi. 定居"
Maori,"n. 毛利人, 毛利语
a. 毛利人的, 毛利语的"
piracy,"n. 海盗行为, 海上劫掠, 剽窃, 著作权侵害, 非法翻印
[法] 海盗行为, 海上掠夺, 海盗罪"
programming,划，规划；程序设计，程序编制
spider,"n. 蜘蛛, 设圈套者
[化] 星形轮"
toe,[=total organic extracts]总有机提取物
virtual,"a. 实际上起作用的, 虚的, 实质的, 有效的, 事实上生效的
[计] 虚拟"
doormat,门垫
flick,"n. 快速的轻打, 轻打声, 弹开
v. 轻弹, 轻轻拂去, 忽然摇动"
add to,"na. 增加
[网络] 增添；增进；添加"
as to,"根据,按照,依照;关于,至于,就…而言"
as well as,"也, 又"
be up to,"胜任,达到,由…负责"
come true,"实现, 成为事实"
for a start,"作为开始, 首先, 第一点"
for sure,确实
free of charge,"免费
[经] 免费"
get in touch, 取得联系
get rid of,"摆脱, 除去"
global warming,n. 全球变暖
in the flesh,"以肉体形式, 亲自"
last but not least,最后但并不是最不重要的(一点)
look out,"na. 挑选；注意；看外头；展望 (on；over)
[网络] 当心；小心；留神"
on the way out,即将灭亡
put forward,"na. 提出(计划,意见等)；建议；促进；推举(候补人等)
[网络] 提前；推荐；表提出"
run out,"na. 耗尽；用光；过有效期；失效
[网络] 用完；用尽；到期"
run out of,用完
manned spaceship,载人航天器
millions of,"成千上万的..., 无数的..."
on one's own,"na. 独自地；独立地；凭自己力量；主动地
[网络] 单独；靠自己；靠自己的力量"
out of work,"失业, 机器有毛病
[化] 不能工作的; 工作有妨碍的; 失效的"
remote control,"[计] 遥控
[化] 远程操纵; 遥控"
switch off,"切断
[电] 断接"
switch on,"v. 打开；接通；参见
[网络] 开启；合闸；打开开关"
switch over,"[计] 转接, 切换"
