barbecue,"n. meat that has been barbecued or grilled in a highly seasoned sauce
n. a cookout in which food is cooked over an open fire; especially a whole animal carcass roasted on a spit
n. a rack to hold meat for cooking over hot charcoal usually out of doors"
chips,"n strips of potato fried in deep fat
n a small fragment of something broken off from the whole
n a triangular wooden float attached to the end of a log line
n a piece of dried bovine dung
n a thin crisp slice of potato fried in deep fat
n a mark left after a small piece has been chopped or broken off of something
n a small disk-shaped counter used to represent money when gambling
n electronic equipment consisting of a small crystal of a silicon semiconductor fabricated to carry out a number of electronic functions in an integrated circuit
n (golf) a low running approach shot
n the act of chipping something
v break off (a piece from a whole)
v cut a nick into
v play a chip shot
v form by chipping
v break a small piece off from"
biscuit,n. small round bread leavened with baking-powder or soda
bottle,"n. a glass or plastic vessel used for storing drinks or other liquids; typically cylindrical without handles and with a narrow neck that can be plugged or capped
n. the quantity contained in a bottle
n. a vessel fitted with a flexible teat and filled with milk or formula; used as a substitute for breast feeding infants and very young children
v. store (liquids or gases) in bottles"
chocolate,"n. a food made from roasted ground cacao beans
n. a medium brown to dark-brown color"
coffee,"n. a beverage consisting of an infusion of ground coffee beans
n. any of several small trees and shrubs native to the tropical Old World yielding coffee beans"
cook,"n. someone who cooks food
n. English navigator who claimed the east coast of Australia for Britain and discovered several Pacific islands (1728-1779)
v. prepare a hot meal
v. prepare for eating by applying heat"
cooker,n. a utensil for cooking
cream,"n. the best people or things in a group
n. the part of milk containing the butterfat
n. toiletry consisting of any of various substances in the form of a thick liquid that have a soothing and moisturizing effect when applied to the skin
v. make creamy by beating"
dinner,"n. the main meal of the day served in the evening or at midday
n. a party of people assembled to have dinner together"
ice cream,n frozen dessert containing cream and sugar and flavoring
jam,"n. preserve of crushed fruit
v. push down forcibly
v. crush or bruise
v. interfere with or prevent the reception of signals"
juice,"n. the liquid part that can be extracted from plant or animal tissue by squeezing or cooking
n. energetic vitality
n. electric current
n. any of several liquids of the body"
kitchen,n. a room equipped for preparing meals
knife,"n. edge tool used as a cutting instrument; has a pointed blade with a sharp edge and a handle
n. a weapon with a handle and blade with a sharp point
v. use a knife on"
lemon,"n. yellow oval fruit with juicy acidic flesh
n. a small evergreen tree that originated in Asia but is widely cultivated for its fruit
n. a distinctive tart flavor characteristic of lemons
n. an artifact (especially an automobile) that is defective or unsatisfactory"
pizza,n. Italian open pie made of thin bread dough spread with a spiced mixture of e.g. tomato sauce and cheese
plate,"n. a sheet of metal or wood or glass or plastic
n. a full-page illustration (usually on slick paper)
n. dish on which food is served or from which food is eaten
n. the quantity contained in a plate"
potato,"n. an edible tuber native to South America; a staple food of Ireland
n. annual native to South America having underground stolons bearing edible starchy tubers; widely cultivated as a garden vegetable; vines are poisonous"
salad,n. food mixtures either arranged on a plate or tossed and served with a moist dressing; usually consisting of or including greens
salt,"n. a compound formed by replacing hydrogen in an acid by a metal (or a radical that acts like a metal)
n. white crystalline form of especially sodium chloride used to season and preserve food
n. the taste experience when common salt is taken into the mouth
v. add salt to"
bowl,"n. a round vessel that is open at the top; used chiefly for holding food or liquids; 
n. a concave shape with an open top
n. a dish that is round and open at the top for serving foods
n. the quantity contained in a bowl"
breakfast,"n. the first meal of the day (usually in the morning)
v. eat an early morning meal
v. provide breakfast for"
burger,n. United States jurist appointed chief justice of the United States Supreme Court by Richard Nixon (1907-1995)
butter,"n. an edible emulsion of fat globules made by churning milk or cream; for cooking and table use
n. a fighter who strikes the opponent with his head
v. spread butter on"
carrot,"n. deep orange edible root of the cultivated carrot plant
n. perennial plant widely cultivated as an annual in many varieties for its long conical orange edible roots; temperate and tropical regions
n. orange root; important source of carotene
n. promise of reward as in ""carrot and stick"";"
cheese,"n. a solid food prepared from the pressed curd of milk
v. used in the imperative (get away, or stop it)
v. wind onto a cheese"
chicken,"n. the flesh of a chicken used for food
n. a domestic fowl bred for flesh or eggs; believed to have been developed from the red jungle fowl
n. a foolhardy competition; a dangerous activity that is continued until one competitor becomes afraid and stops
s. easily frightened"
dish,"n. a piece of dishware normally used as a container for holding or serving food
n. a particular item of prepared food
n. the quantity that a dish will hold
n. directional antenna consisting of a parabolic reflector for microwave or radio frequency radiation"
drink,"n. a single serving of a beverage
n. the act of drinking alcoholic beverages to excess
n. any large deep body of water
v. take in liquids"
fork,"n. cutlery used for serving and eating food
n. the region of the angle formed by the junction of two branches
n. an agricultural tool used for lifting or digging; has a handle and metal prongs
v. place under attack with one's own pieces, of two enemy pieces"
fridge,n a refrigerator in which the coolant is pumped around by an electric motor
fruit,"n. the ripened reproductive body of a seed plant
n. the consequence of some effort or action
v. cause to bear fruit
v. bear fruit"
grape,"n. any of various juicy fruit of the genus Vitis with green or purple skins; grow in clusters
n. any of numerous woody vines of genus Vitis bearing clusters of edible berries"
steak,n. a slice of meat cut from the fleshy part of an animal or large fish
sugar,"n. a white crystalline carbohydrate used as a sweetener and preservative
v. sweeten with sugar"
tomato,"n. mildly acid red or yellow pulpy fruit eaten as a vegetable
n. native to South America; widely cultivated in many varieties"
vegetable,"n. edible seeds or roots or stems or leaves or bulbs or tubers or nonsweet fruits of any of numerous herbaceous plant
n. any of various herbaceous plants cultivated for an edible part such as the fruit or the root of the beet or the leaf of spinach or the seeds of bean plants or the flower buds of broccoli or cauliflower"
waiter,"n. a person whose occupation is to serve at table (as in a restaurant)
n. a person who waits or awaits"
waitress,n. a woman waiter
onion,"n. the bulb of an onion plant
n. bulbous plant having hollow leaves cultivated worldwide for its rounded edible bulb
n. an aromatic flavorful vegetable"
meat,n. the flesh of animals (including fishes and birds and snails) used as food
pepper,"n. climber having dark red berries (peppercorns) when fully ripe; southern India and Sri Lanka; naturalized in northern Burma and Assam
n. pungent seasoning from the berry of the common pepper plant of East India; use whole or ground
n. sweet and hot varieties of fruits of plants of the genus Capsicum
v. add pepper to"
lemonade,n. sweetened beverage of diluted lemon juice
main course,none
menu,"n. a list of dishes available at a restaurant
n. the dishes making up a meal
n. (computer science) a list of options available to a computer user
n. an agenda of things to do"
mineral,"n. solid homogeneous inorganic substances occurring in nature having a definite chemical composition
a. relating to minerals
s. composed of matter other than plant or animal"
pasta,"n. a dish that contains pasta as its main ingredient
n. shaped and dried dough made from flour and water and sometimes egg"
picnic,"n. any informal meal eaten outside or on an excursion
v. eat alfresco, in the open air"
sandwich,"n. two (or more) slices of bread with a filling between them
v. make into a sandwich
v. insert or squeeze tightly between two people or objects"
slice,"n. a share of something
n. a golf shot that curves to the right for a right-handed golfer
n. a thin flat piece cut off of some object
n. a spatula for spreading paint or ink"
snack,"n a light informal meal
v eat a snack; eat lightly"
soup,"n. liquid food especially of meat or fish or vegetable stock often containing pieces of solid food
n. any composition having a consistency suggestive of soup
n. an unfortunate situation
v. dope (a racehorse)"
cake,"n. a block of solid substance (such as soap or wax)
n. baked goods made from or based on a mixture of flour, sugar, eggs, and fat"
omelette,n beaten eggs or an egg mixture cooked until just set; may be folded around e.g. ham or cheese or jelly
meal,"n. the food served and eaten at one time
n. any of the occasions for eating food that occur by custom or habit at more or less fixed times
n. coarsely ground foodstuff; especially seeds of various cereal grasses or pulse"
grill,"n. a framework of metal bars used as a partition or a grate
v. cook over a grill
v. examine thoroughly"
boil,"n. a painful sore with a hard core filled with pus
v. come to the boiling point and change from a liquid to vapor
v. immerse or be immersed in a boiling liquid, often for cooking purposes
v. bring to, or maintain at, the boiling point"
roast,"n. a piece of meat roasted or for roasting and of a size for slicing into more than one portion
v. cook with dry heat, usually in an oven
s. (meat) cooked by dry heat in an oven"
burn,"n. pain that feels hot as if it were on fire
n. an injury caused by exposure to heat or chemicals or radiation
n. a place or area that has been burned (especially on a person's body)
n. damage inflicted by fire"
hungry,a. feeling hunger; feeling a need or desire to eat food
fried,s. cooked by frying in fat
sweet,"n. English phonetician; one of the founders of modern phonetics (1845-1912)
n. a food rich in sugar
n. the taste experience when sugar dissolves in the mouth
a. having or denoting the characteristic taste of sugar"
thirsty,"s. needing moisture
a. feeling a need or desire to drink
s. able to take in large quantities of moisture"
grilled,"v cook over a grill
v examine thoroughly
s cooked by radiant heat (as over a grill)
s cooked over an outdoor grill"
cleaner,"n. the operator of dry-cleaning establishment
n. someone whose occupation is cleaning"
customer,n. someone who pays for goods or services
engineer,"n. a person who uses scientific knowledge to solve practical problems
n. the operator of a railway locomotive
v. design as an engineer"
painter,"n. an artist who paints
n. a worker who is employed to cover objects with paint
n. a line that is attached to the bow of a boat and used for tying up (as when docking or towing)"
driver,"n. the operator of a motor vehicle
n. someone who drives animals that pull a vehicle
n. a golfer who hits the golf ball with a driver
n. (computer science) a program that determines how a computer will communicate with a peripheral device"
photographer,n. someone who takes photographs professionally
actor,"n. a theatrical performer
n. a person who acts and gets things done"
doctor,"n. a licensed medical practitioner
n. children take the roles of physician or patient or nurse and pretend they are at the physician's office
n. a person who holds Ph.D. degree (or the equivalent) from an academic institution
v. give medical treatment to"
artist,n. a person whose creative work shows sensitivity and imagination
chemist,n. a scientist who specializes in chemistry
dentist,n. a person qualified to practice dentistry
journalist,n. a writer for newspapers and magazines
receptionist,n. a secretary whose main duty is to answer the telephone and receive visitors
colleague,"n. an associate that one works with
n. a person who is member of one's class or profession"
guest,"n. a visitor to whom hospitality is extended
n. United States journalist (born in England) noted for his syndicated homey verse (1881-1959)
n. a customer of a hotel or restaurant etc."
guide,"n. someone who shows the way by leading or advising
n. a structure or marking that serves to direct the motion or positioning of something
v. be a guiding or motivating force or drive
v. use as a guide"
mechanic,s. resembling the action of a machine
nurse,"n. one skilled in caring for young children or the sick (usually under the supervision of a physician)
v. try to cure by special care of treatment, of an illness or injury
v. serve as a nurse; care for sick or handicapped people
v. treat carefully"
pilot,"n. someone who is licensed to operate an aircraft in flight
n. a person qualified to guide ships through difficult waters going into or out of a harbor"
secretary,"n. a person who is head of an administrative department of government
n. an assistant who handles correspondence and clerical work for a boss or an organization
n. a desk used for writing"
shop assistant,none
staff,"n. personnel who assist their superior in carrying out an assigned task
n. a strong rod or stick with a specialized utilitarian purpose
n. the body of teachers and administrators at a school
n. building material consisting of plaster and hair; used to cover external surfaces of temporary structure (as at an exposition) or for decoration"
tour guide,none
businessman,n. a person engaged in commercial or industrial business (especially an owner or executive)
company,"n. an institution created to conduct business
n. small military unit; usually two or three platoons
n. the state of being with someone
n. organization of performers and associated personnel (especially theatrical)"
computer,n. a machine for performing calculations automatically
diploma,n. a document certifying the successful completion of a course of study
earn,v. acquire or deserve by one's efforts or actions
instruction,n. (computer science) a line of code written as part of a computer program
occupation,"n. the principal activity in your life that you do to earn money
n. the control of a country by military forces of a foreign power
n. any activity that occupies a person's attention
n. the act of occupying or taking possession of a building"
pharmacy,"n. the art and science of preparing and dispensing drugs and medicines,"
uniform,"n. clothing of distinctive design worn by members of a particular group as a means of identification
v. provide with uniforms
a. always the same; showing a single form or character in all occurrences
s. evenly spaced"
appointment,"n. the act of putting a person into a non-elective position
n. (usually plural) furnishings and equipment (especially for a ship or hotel)
n. the job to which you are (or hope to be) appointed
n. (law) the act of disposing of property by virtue of the power of appointment"
assistant,n. a person who contributes to the fulfillment of a need or furtherance of an effort or purpose
exhibition,"n. the act of exhibiting
n. a collection of things (goods or works of art etc.) for public display"
morning,n. the time period between dawn and noon
afternoon,n. the part of the day between noon and evening
evening,"n. the latter part of the day (the period of decreasing daylight from late afternoon until nightfall)
n. a later concluding time period
n. the early part of night (from dinner until bedtime) spent in a special way"
January,n. the first month of the year; begins 10 days after the winter solstice
February,n. the month following January and preceding March
March,"n. the month following February and preceding April
n. the act of marching; walking with regular steps (especially in a procession of some kind)
n. a steady advance
n. a procession of people walking together"
April,n. the month following March and preceding May
May,n. the month following April and preceding June
June,n. the month following May and preceding July
July,n. the month following June and preceding August
August,"n. the month following July and preceding September
s. of or befitting a lord
s. profoundly honored"
September,n. the month following August and preceding October
October,n. the month following September and preceding November
November,n. the month following October and preceding December
December,n. the last (12th) month of the year
spring,"n. the season of growth
n. a metal elastic device that returns to its shape or position when pushed or pulled or pressed
n. a natural flow of ground water
n. a point at which water issues forth"
summer,"n. the warmest season of the year; in the northern hemisphere it extends from the summer solstice to the autumnal equinox
n. the period of finest development, happiness, or beauty
v. spend the summer"
autumn,n the season when the leaves fall from the trees
fall,"n. the season when the leaves fall from the trees
n. the lapse of mankind into sinfulness because of the sin of Adam and Eve
n. a lapse into sin; a loss of innocence or of chastity
n. a sudden decline in strength or number or importance"
winter,"n. the coldest season of the year; in the northern hemisphere it extends from the winter solstice to the vernal equinox
v. spend the winter"
Sunday,"n. first day of the week; observed as a day of rest and worship by most Christians
n. United States evangelist (1862-1935)"
Monday,n. the second day of the week; the first working day
Tuesday,n. the third day of the week; the second working day
Wednesday,n. the fourth day of the week; the third working day
Thursday,n. the fifth day of the week; the fourth working day
Friday,n. the sixth day of the week; the fifth working day
Saturday,n. the seventh and last day of the week; observed as the Sabbath by Jews and some Christians
noon,n. the middle of the day
night,"n. the time after sunset and before sunrise while it is dark outside
n. a period of ignorance or backwardness or gloom
n. the period spent sleeping
n. the dark part of the diurnal cycle considered a time unit"
midnight,n. 12 o'clock at night; the middle of the night
moment,"n. a particular point in time
n. an indefinitely short time
n. a turning force produced by an object acting at a distance (or a measure of that force)
n. the n-th moment of a distribution is the expected value of the n-th power of the deviations from a fixed value"
weekend,"n. a time period usually extending from Friday night through Sunday; more loosely defined as any period of successive days including one and only one Sunday
v. spend the weekend"
heart attack,none
cancer,"n. any malignant growth or tumor caused by abnormal and uncontrolled cell division; it may spread to other parts of the body through the lymphatic system or the blood stream
n. (astrology) a person who is born while the sun is in Cancer
n. a small zodiacal constellation in the northern hemisphere; between Leo and Gemini
n. the fourth sign of the zodiac; the sun is in this sign from about June 21 to July 22"
accident,"n. an unfortunate mishap; especially one causing damage or injury
n. anything that happens suddenly or by chance without an apparent cause"
dentist,n. a person qualified to practice dentistry
medicine,"n. the branches of medical science that deal with nonsurgical techniques
n. (medicine) something that treats or prevents or alleviates the symptoms of disease
n. the learned profession that is mastered by graduate training in a medical school and that is devoted to preventing or alleviating or curing diseases and injuries"
problem,"n. a state of difficulty that needs to be resolved
n. a question raised for consideration or solution"
pain,"n. a symptom of some physical hurt or disorder
n. emotional distress; a fundamental feeling that people try to avoid
n. a somatic sensation of acute discomfort
n. a bothersome annoying person"
ambulance,n. a vehicle that takes people to and from hospitals
appointment,"n. the act of putting a person into a non-elective position
n. (usually plural) furnishings and equipment (especially for a ship or hotel)
n. the job to which you are (or hope to be) appointed
n. (law) the act of disposing of property by virtue of the power of appointment"
chemist,n. a scientist who specializes in chemistry
comb,"n. a flat device with narrow pointed teeth on one edge; disentangles or arranges hair
n. the fleshy red crest on the head of the domestic fowl and other gallinaceous birds
n. any of several tools for straightening fibers
n. ciliated comb-like swimming plate of a ctenophore"
hospital,"n. a health facility where patients receive treatment
n. a medical institution where sick or injured people are given medical or surgical care"
insurance,n. promise of reimbursement in the case of loss; paid to people or companies so concerned about hazards that they have made prepayments to an insurance company
soap,"n. a cleansing agent made from the salts of vegetable or animal fats
n. money offered as a bribe
n. street names for gamma hydroxybutyrate
v. rub soap all over, usually with the purpose of cleaning"
toothbrush,n. small brush; has long handle; used to clean teeth
hurt,"v. give trouble or pain to
v. cause damage or affect negatively
v. hurt the feelings of
v. feel physical pain"
burn,"n. pain that feels hot as if it were on fire
n. an injury caused by exposure to heat or chemicals or radiation
n. a place or area that has been burned (especially on a person's body)
n. damage inflicted by fire"
feel,"n. an intuitive awareness; 
n. manual stimulation of the genital area for sexual pleasure
v. undergo an emotional sensation or be in a particular state of mind
v. perceive by a physical sensation, e.g., coming from the skin or muscles"
check,"n. a written order directing a bank to pay money
n. the bill in a restaurant
n. the act of inspecting or verifying
n. a mark left after a small piece has been chopped or broken off of something"
die,"n. a small cube with 1 to 6 spots on the six faces; used in gambling to generate random numbers
n. a device used for shaping metal
n. a cutting tool that is fitted into a diestock and used for cutting male (external) screw threads on screws or bolts or pipes or rods
v. pass from physical life and lose all bodily attributes and functions necessary to sustain life"
lie down,none
break,"n. an unexpected piece of good luck
n. the occurrence of breaking
n. an abrupt change in the tone or register of the voice (as at puberty or due to emotion)
n. the opening shot that scatters the balls in billiards or pool"
dead,"n. people who are no longer living
n. a time when coldness (or some other quality associated with death) is intense
a. no longer having or seeming to have or expecting to have life
a. not showing characteristics of life especially the capacity to sustain life; no longer exerting force or having energy or heat"
sick,"n. people who are sick
s. deeply affected by a strong feeling"
dangerous,"a. involving or causing danger or risk; liable to hurt or harm
s. causing fear or anxiety by threatening great harm"
brother,"n. a male with the same parents as someone else
n. a male person who is a fellow member (of a fraternity or religion or other group)
n. used as a term of address for those male persons engaged in the same movement
n. (Roman Catholic Church) a title given to a monk and used as form of address"
child,"n. a young person of either sex
n. a human offspring (son or daughter) of any age
n. an immature childish person
n. a member of a clan or tribe"
cousin,n. the child of your aunt or uncle
daughter,n. a female human offspring
family,"n. a social unit living together
n. primary social group; parents and children
n. people descended from a common ancestor
n. (biology) a taxonomic group containing one or more genera"
grandchild,n. a child of your son or daughter
granddaughter,n. a female grandchild
grandfather,n. the father of your father or mother
grandmother,n the mother of your father or mother
grandparent,n. a parent of your father or mother
grandson,n. a male grandchild
father,"n. a male parent (also used as a term of address to your father)
n. `Father' is a term of address for priests in some churches (especially the Roman Catholic Church or the Orthodox Catholic Church); `Padre' is frequently used in the military
n. a person who holds an important or distinguished position in some organization
n. God when considered as the first person in the Trinity"
mother,"n. a woman who has given birth to a child (also used as a term of address to your mother)
n. a stringy slimy substance consisting of yeast cells and bacteria; forms during fermentation and is added to cider or wine to produce vinegar
n. a term of address for an elderly woman
n. a term of address for a mother superior"
dad,n. an informal term for a father; probably derived from baby talk
mum,"n. secrecy
s. failing to speak or communicate etc when expected to"
love,"n. a strong positive emotion of regard and affection
n. any object of warm affection or devotion; 
n. a deep feeling of sexual desire and attraction
n. a score of zero in tennis or squash"
married,"n. a person who is married
a. joined in matrimony"
Mr.,n a form of address for a man
Mrs.,n. a form of address for a married woman
Ms.,n a form of address for a woman
neighbour,"n a person who lives (or is located) near another
n a nearby object of the same kind
v live or be located as a neighbor
v be located near or adjacent to"
pen-friend,n a person you come to know by frequent friendly correspondence
surname,n. the name used to identify the members of a family (as distinguished from each member's given name)
teenager,n a juvenile between the onset of puberty and maturity
guest,"n. a visitor to whom hospitality is extended
n. United States journalist (born in England) noted for his syndicated homey verse (1881-1959)
n. a customer of a hotel or restaurant etc."
colleague,"n. an associate that one works with
n. a person who is member of one's class or profession"
friend,"n. a person you know well and regard with affection and trust
n. a member of the Religious Society of Friends founded by George Fox (the Friends have never called themselves Quakers)"
husband,n. a married man; a woman's partner in marriage
wife,n. a married woman; a man's partner in marriage
advertisement,n a public promotion of some product or service
art,"n. the products of human creativity; works of art collectively
n. the creation of beautiful or significant things
n. a superior skill that you can learn by study and practice and observation"
band,"n. instrumentalists not including string players
n. a stripe or stripes of contrasting color
n. an adornment consisting of a strip of a contrasting color or material
n. a range of frequencies between two limits"
camera,n. equipment for taking photographs (usually consisting of a lightproof box with a lens at one end and light-sensitive film at the other)
cassette,n. a container that holds a magnetic tape used for recording or playing sound or video
competition,"n. a business relation in which two parties compete to gain customers
n. the act of competing as for profit or a prize"
concert,"n. a performance of music by players or singers not involving theatrical staging
v. contrive (a plan) by mutual agreement
v. settle by agreement"
conversation,n. the use of speech for informal exchange of views or ideas or information etc.
drum,"n. a musical percussion instrument; usually consists of a hollow cylinder with a membrane stretched across each end
n. the sound of a drum
n. a cylindrical metal container used for shipping or storage of liquids
n. small to medium-sized bottom-dwelling food and game fishes of shallow coastal and fresh waters that make a drumming noise"
exhibition,"n. the act of exhibiting
n. a collection of things (goods or works of art etc.) for public display"
email,"n (computer science) a system of world-wide electronic communication in which a computer user can compose a message at one terminal that can be regenerated at the recipient's terminal when the recipient logs in
v communicate electronically on the computer"
guidebook,n. something that offers basic information or instruction
guitar,n. a stringed instrument usually having six strings; played by strumming or plucking
information,"n. a message received and understood
n. knowledge acquired through study or experience or instruction
n. formal accusation of a crime
n. (communication theory) a numerical measure of the uncertainty of an outcome"
internet,n. a computer network consisting of a worldwide network of computer networks that use the TCP/IP network protocols to facilitate data transmission and exchange
journalist,n. a writer for newspapers and magazines
magazine,"n. a periodic publication containing pictures and stories and articles of interest to those who purchase it or subscribe to it
n. product consisting of a paperback periodic publication as a physical object
n. a business firm that publishes magazines
n. a light-tight supply chamber holding the film and supplying it for exposure as required"
mobile,"n. a river in southwestern Alabama; flows into Mobile Bay
n. a port in southwestern Alabama on Mobile Bay
n. sculpture suspended in midair whose delicately balanced parts can be set in motion by air currents
s. migratory"
mobile phone,none
mouse,"n. any of numerous small rodents typically resembling diminutive rats having pointed snouts and small ears on elongated bodies with slender usually hairless tails
n. person who is quiet or timid
n. a hand-operated electronic device that controls the coordinates of a cursor on your computer screen as you move it around on a pad; on the bottom of the device is a ball that rolls on the surface of the pad
v. manipulate the mouse of a computer"
museum,n. a depository for collecting and displaying objects having scientific or historical or artistic value
opera,"n. a drama set to music; consists of singing with orchestral accompaniment and an orchestral overture and interludes
n. a commercial browser
n. a building where musical dramas are performed"
painter,"n. an artist who paints
n. a worker who is employed to cover objects with paint
n. a line that is attached to the bow of a boat and used for tying up (as when docking or towing)"
photography,"n. the act of taking and printing photographs
n. the process of producing images of objects on photosensitive surfaces
n. the occupation of taking and printing photographs or making movies"
practice,"n. a customary way of operation or behavior
n. translating an idea into action
n. the exercise of a profession
n. knowledge of how something is usually done"
practise,"v engage in a rehearsal (of)
v carry out or practice; as of jobs and professions
v learn by repetition"
prize,"n. something given for victory or superiority in a contest or competition or for winning a lottery
v. hold dear"
programme,"n an announcement of the events that will occur as part of a theatrical or sporting event
n an integrated course of academic studies
n a radio or television show
n (computer science) a sequence of instructions that a computer can interpret and execute
n a system of projects or services intended to meet a public need
n a series of steps to be carried out or goals to be accomplished
n a performance (or series of performances) at a public presentation
v write a computer program
v arrange a program of or for"
website,n a computer connected to the internet that maintains a series of web pages on the World Wide Web
present,"n. the period of time that is happening now; any continuous stretch of time including the moment of speech
n. something presented as a gift
n. a verb tense that expresses actions or states at the time of speaking
v. bring forward and present to the mind"
assistant,n. a person who contributes to the fulfillment of a need or furtherance of an effort or purpose
bookshop,n. a shop where books are sold
cash,"n. money in the form of bills or coins
n. prompt payment for goods or services in currency or by check
n. United States country music singer and songwriter (1932-2003)
v. exchange for cash"
change,"n. an event that occurs when something passes from one state or phase to another
n. a relational difference between states; especially between states before and after some event
n. the action of changing something
n. the result of alteration or modification"
cheap,"a. relatively low in price or charging low prices
s. embarrassingly stingy"
cheque,v. withdraw money by writing a check
customer,n. someone who pays for goods or services
department store,none
dollar,"n. the basic monetary unit in many countries; equal to 100 cents
n. a piece of paper money worth one dollar
n. a United States coin worth one dollar
n. a symbol of commercialism or greed"
Euro,"n. the basic monetary unit of most members of the European Union (introduced in 1999); in 2002 twelve European nations (Germany, France, Belgium, Luxembourg, the Netherlands, Italy, Spain, Portugal, Ireland, Greece, Austria, Finland) adopted the euro as their basic unit of money and abandoned their traditional currencies"
for sale,none
pay for,none
pence,"n a fractional monetary unit of Ireland and the United Kingdom; equal to one hundredth of a pound
n a coin worth one-hundredth of the value of the basic unit"
cost,"n. the total spent for goods or services including money and time and labor
v. be priced at
v. require to lose, suffer, or sacrifice"
closed,"a. not open or affording passage or access
a. (set theory) of an interval that contains both its endpoints
a. used especially of mouth or eyes
s. requiring union membership"
expensive,a. high in price or charging high prices
penny,"n. a fractional monetary unit of Ireland and the United Kingdom; equal to one hundredth of a pound
n. a coin worth one-hundredth of the value of the basic unit"
pence,"n a fractional monetary unit of Ireland and the United Kingdom; equal to one hundredth of a pound
n a coin worth one-hundredth of the value of the basic unit"
pennies,"n a fractional monetary unit of Ireland and the United Kingdom; equal to one hundredth of a pound
n a coin worth one-hundredth of the value of the basic unit"
pound,"n. 16 ounces avoirdupois
n. a unit of apothecary weight equal to 12 ounces troy
n. a nontechnical unit of force equal to the mass of 1 pound with an acceleration of free fall equal to 32 feet/sec/sec
n. United States writer who lived in Europe; strongly influenced the development of modern literature (1885-1972)"
shop assistant,none
supermarket,n. a large self-service grocery store selling groceries and dairy products and household goods
try on,n putting clothes on to see whether they fit
bill,"n. a statute in draft before it becomes law
n. an itemized statement of money owed for goods shipped or services rendered
n. a piece of paper money (especially one issued by a central bank)
n. the entertainment offered at a public presentation"
credit card,none
price,"n. the amount of money needed to purchase something
n. value measured by what must be given or done or undergone to obtain something
n. the high value or worth of something
n. a monetary reward for helping to catch a criminal"
present,"n. the period of time that is happening now; any continuous stretch of time including the moment of speech
n. something presented as a gift
n. a verb tense that expresses actions or states at the time of speaking
v. bring forward and present to the mind"
purse,"n. a sum of money spoken of as the contents of a money purse
n. a small bag for carrying money
n. a sum of money offered as a prize
v. contract one's lips into a rounded shape"
wallet,n. a pocket-size case for holding papers and paper money
address,"n. (computer science) the code that identifies where a piece of information is stored
n. the place where a person or organization can be found or communicated with
n. the act of delivering a formal spoken communication to an audience
n. the manner of speaking to another individual"
bathroom,n. a room (as in a residence) containing a bathtub or shower and usually a washbasin and toilet
bedroom,n. a room used primarily for sleeping
blanket,"n. bedding that keeps a person warm in bed
n. anything that covers
n. a layer of lead surrounding the highly reactive core of a nuclear reactor
v. cover as if with a blanket"
bookshelf,n. a shelf on which to keep books
bowl,"n. a round vessel that is open at the top; used chiefly for holding food or liquids; 
n. a concave shape with an open top
n. a dish that is round and open at the top for serving foods
n. the quantity contained in a bowl"
chair,"n. a seat for one person, with a support for the back
n. a particular seat in an orchestra
v. act or preside as chair, as of an academic department in a university"
cupboard,n. a small room (or recess) or cabinet used for storage space
dining room,n a room used for dining
downstairs,"a. on or of lower floors of a building
r. on a floor below"
flat,"n. a level tract of land
n. a shallow box in which seedlings are started
n. a musical notation indicating one half step lower than the note named
n. a deflated pneumatic tire"
floor,"n. the inside lower horizontal surface (as of a room, hallway, tent, or other structure)
n. a structure consisting of a room or set of rooms at a single position along a vertical scale
n. a lower limit
n. the ground on which people and animals move about"
furniture,n. furnishings that make a room or other area ready for occupancy
garage,"n. an outbuilding (or part of a building) for housing automobiles
n. a repair shop where cars and trucks are serviced and repaired
v. keep or store in a garage"
garden,"n. a plot of ground where plants are cultivated
n. the flowers or vegetables or fruits or herbs that are cultivated in a garden
n. a yard or lawn adjoining a house
v. work in the garden"
gate,"n. a movable barrier in a fence or wall
n. a computer circuit with several inputs but only one output that can be activated by particular combinations of inputs
n. total admission receipts at a sports event
n. passageway (as in an air terminal) where passengers can embark or disembark"
hall,"n. a large room for gatherings or entertainment
n. English writer whose novel about a lesbian relationship was banned in Britain for many years (1883-1943)
n. United States child psychologist whose theories of child psychology strongly influenced educational psychology (1844-1924)
n. United States chemist who developed an economical method of producing aluminum from bauxite (1863-1914)"
kitchen,n. a room equipped for preparing meals
living room,n a room in a private house or establishment where people can sit and talk and relax
pillow,"n. a cushion to support the head of a sleeping person
v. rest on or as if on a pillow"
plate,"n. a sheet of metal or wood or glass or plastic
n. a full-page illustration (usually on slick paper)
n. dish on which food is served or from which food is eaten
n. the quantity contained in a plate"
roof,"n. a protective covering that covers or forms the top of a building
n. protective covering on top of a motor vehicle
n. the inner top surface of a covered area or hollow space
v. provide a building with a roof; cover a building with a roof"
shower,"n. a plumbing fixture that sprays water over you
n. washing yourself by standing upright under water sprayed from a nozzle
n. a brief period of precipitation
n. a sudden downpour (as of tears or sparks etc) likened to a rain shower"
sitting room,none
sofa,n. an upholstered seat for more than one person
toilet,"n. a room or building equipped with one or more toilets
n. a plumbing fixture for defecation and urination
n. the act of dressing and preparing yourself"
light,"n. (physics) electromagnetic radiation that can produce a visual sensation
n. any device serving as a source of illumination
n. a particular perspective or aspect of a situation
n. an illuminated area"
dark,"n. absence of light or illumination
n. an unenlightened state
a. devoid of or deficient in light or brightness; shadowed or black
a. (used of color) having a dark hue"
black,"n. the quality or state of the achromatic color of least lightness (bearing the least resemblance to white)
n. British chemist who identified carbon dioxide and who formulated the concepts of specific heat and latent heat (1728-1799)
n. popular child actress of the 1930's (born in 1928)
n. a person with dark skin who comes from Africa (or whose ancestors came from Africa)"
blue,"n. blue color or pigment; resembling the color of the clear sky in the daytime
n. blue clothing
n. any organization or party whose uniforms or badges are blue
n. any of numerous small butterflies of the family Lycaenidae"
brown,"n. an orange of low brightness and saturation
n. Scottish botanist who first observed the movement of small particles in fluids now known a Brownian motion (1773-1858)
n. abolitionist who was hanged after leading an unsuccessful raid at Harper's Ferry, Virginia (1800-1859)
v. fry in a pan until it changes color"
green,"n. green color or pigment; resembling the color of growing grass
n. United States labor leader who was president of the American Federation of Labor from 1924 to 1952 and who led the struggle with the Congress of Industrial Organizations (1873-1952)
n. an environmentalist who belongs to the Green Party
n. a river that rises in western Wyoming and flows southward through Utah to become a tributary of the Colorado River"
grey,"n. United States writer of western adventure novels (1875-1939)
n. Queen of England for nine days in 1553; she was quickly replaced by Mary Tudor and beheaded for treason (1537-1554)
n. Englishman who as Prime Minister implemented social reforms including the abolition of slavery throughout the British Empire (1764-1845)
n. any organization or party whose uniforms or badges are grey"
orange,"n. round yellow to orange fruit of any of several citrus trees
n. orange color or pigment; any of a range of colors between red and yellow
n. any citrus tree bearing oranges
n. any pigment producing the orange color"
pink,"n. a light shade of red
n. any of various flowers of plants of the genus Dianthus cultivated for their fragrant flowers
v. sound like a car engine that is firing too early
v. cut in a zigzag pattern with pinking shears, in sewing"
purple,"n. a purple color or pigment
n. of imperial status
v. become purple
v. color purple"
red,"n. red color or pigment; the chromatic color resembling the hue of blood
n. a tributary of the Mississippi River that flows eastward from Texas along the southern boundary of Oklahoma and through Louisiana
s. of a color at the end of the color spectrum (next to orange); resembling the color of blood or cherries or tomatoes or rubies"
white,"n. a member of the Caucasoid race
n. the quality or state of the achromatic color of greatest lightness (bearing the least resemblance to black)
n. United States jurist appointed chief justice of the United States Supreme Court in 1910 by President Taft; noted for his work on antitrust legislation (1845-1921)
n. Australian writer (1912-1990)"
yellow,"n. yellow color or pigment; the chromatic color resembling the hue of sunflowers or ripe lemons
v. turn yellow
s. of the color intermediate between green and orange in the color spectrum; of something resembling the color of an egg yolk
s. changed to a yellowish color by age"
blonde,"n a person with fair skin and hair
n a light grayish yellow to near white
a being or having light colored skin and hair and usually blue or grey eyes"
centimeter,n. a metric unit of length equal to one hundredth of a meter
degree,"n. a position on a scale of intensity or amount or quality
n. a specific identifiable position in a continuum or series or especially in a process
n. a measure for arcs and angles
n. the highest power of a term or variable"
gram,"n. a metric unit of weight equal to one thousandth of a kilogram
n. Danish physician and bacteriologist who developed a method of staining bacteria to distinguish among them (1853-1938)"
gramme,n a metric unit of weight equal to one thousandth of a kilogram
kilo,n one thousand grams; the basic unit of mass adopted under the Systeme International d'Unites
kilometre,n a metric unit of length equal to 1000 meters (or 0.621371 miles)
litre,"n a metric unit of capacity, formerly defined as the volume of one kilogram of pure water under standard conditions; now equal to 1,000 cubic centimeters (or approximately 1.75 pints)"
mile,"n. a unit of length equal to 1,760 yards or 5,280 feet; exactly 1609.344 meters
n. a large distance
n. an ancient Roman unit of length equivalent to 1620 yards
n. a Swedish unit of length equivalent to 10 km"
minute,"n. a unit of time equal to 60 seconds or 1/60th of an hour
n. a unit of angular distance equal to a 60th of a degree
n. a short note
s. characterized by painstaking care and detailed examination"
moment,"n. a particular point in time
n. an indefinitely short time
n. a turning force produced by an object acting at a distance (or a measure of that force)
n. the n-th moment of a distribution is the expected value of the n-th power of the deviations from a fixed value"
quarter,"n. a district of a city having some distinguishing character
n. (football, professional basketball) one of four divisions into which some games are divided
n. a unit of time equal to 15 minutes or a quarter of an hour
n. one of four periods into which the school year is divided"
second,"n. 1/60 of a minute; the basic unit of time adopted under the Systeme International d'Unites
n. following the first in an ordering or series
n. a 60th part of a minute of arc
n. the official attendant of a contestant in a duel or boxing match"
temperature,"n. the degree of hotness or coldness of a body or environment (corresponding to its molecular activity)
n. the somatic sensation of cold or heat"
week,"n. any period of seven consecutive days
n. a period of seven consecutive days starting on Sunday"
bill,"n. a statute in draft before it becomes law
n. an itemized statement of money owed for goods shipped or services rendered
n. a piece of paper money (especially one issued by a central bank)
n. the entertainment offered at a public presentation"
book,"n. a written work or composition that has been published (printed on pages bound together)
n. physical objects consisting of a number of pages bound together
n. a collection of playing cards satisfying the rules of a card game
n. a collection of rules or prescribed standards on the basis of which decisions are made"
card,"n. one of a set of small pieces of stiff paper marked in various ways and used for playing games or for telling fortunes
n. a card certifying the identity of the bearer
n. a rectangular piece of stiff paper used to send messages (may have printed greetings or pictures)
n. thin cardboard, usually rectangular"
diploma,n. a document certifying the successful completion of a course of study
form,"n. the phonological or orthographic sound or appearance of a word that can be used to describe or identify something
n. a perceptual structure
n. the visual appearance of something or someone
n. a printed document with spaces in which to write"
insurance,n. promise of reimbursement in the case of loss; paid to people or companies so concerned about hazards that they have made prepayments to an insurance company
licence,"n excessive freedom; lack of due restraint
n freedom to deviate deliberately from normally applicable rules or practices (especially in behavior or speech)
n a legal document giving official permission to do something
v authorize officially"
magazine,"n. a periodic publication containing pictures and stories and articles of interest to those who purchase it or subscribe to it
n. product consisting of a paperback periodic publication as a physical object
n. a business firm that publishes magazines
n. a light-tight supply chamber holding the film and supplying it for exposure as required"
menu,"n. a list of dishes available at a restaurant
n. the dishes making up a meal
n. (computer science) a list of options available to a computer user
n. an agenda of things to do"
message,"n. a communication (usually brief) that is written or spoken or signaled
n. what a communication that is about something is about
v. send a message to
v. send as a message"
newspaper,"n. a daily or weekly publication on folded sheets; contains news and articles and advertisements
n. a business firm that publishes newspapers
n. the physical object that is the product of a newspaper publisher
n. cheap paper made from wood pulp and used for printing newspapers"
note,"n. a brief written record
n. a short personal letter
n. a notation representing the pitch and duration of a musical sound
n. a tone of voice that shows what the speaker is feeling"
passport,n. a document issued by a country to a citizen allowing that person to travel abroad and re-enter the home country
postcard,n. a card for sending messages by post without an envelope
project,"n. a planned undertaking
v. communicate vividly
v. transfer (ideas or principles) from one domain into another
v. project on a screen"
afterwards,r happening at a time subsequent to a reference time
bag,"n. a flexible container with a single opening
n. the quantity of game taken in a particular period (usually by one person)
n. a container used for carrying money and small personal items or accessories (especially by women)
n. the quantity that a bag will hold"
belt,"n. endless loop of flexible material between two rotating shafts or pulleys
n. a band to tie or buckle around the body (usually at the waist)
n. an elongated region where a specific condition or characteristic is found
n. ammunition (usually of small caliber) loaded in flexible linked strips for use in a machine gun"
blouse,n. a top worn by women
boot,"n. footwear that covers the whole foot and lower leg
n. British term for the luggage compartment in a car
n. protective casing for something that resembles a leg
n. an instrument of torture that is used to heat or crush the foot and leg"
clothes,"n clothing in general
v provide with clothes or put clothes on
v furnish with power or authority; of kings or emperors
v cover as if with clothing"
coat,"n. an outer garment that has sleeves and covers the body from shoulder down; worn outdoors
n. growth of hair or wool or fur covering the body of an animal
v. put a coat on; cover the surface of; furnish with a surface
v. cover or provide with a coat"
dress,"n. a one-piece garment for a woman; has skirt and bodice
v. put on clothes
v. provide with clothes or put clothes on
v. put a finish on"
glasses,"n optical instrument consisting of a frame that holds a pair of lenses for correcting defective vision
n a brittle transparent solid with irregular atomic structure
n a container for holding liquids while drinking
n the quantity a glass will hold
n a small refracting telescope
n an amphetamine derivative (trade name Methedrine) used in the form of a crystalline hydrochloride; used as a stimulant to the nervous system and as an appetite suppressant
n a mirror; usually a ladies' dressing mirror
n glassware collectively
v furnish with glass
v scan (game in the forest) with binoculars
v enclose with glass
v put in a glass container
v become glassy or take on a glass-like appearance"
hat,"n. headdress that protects the head from bad weather; has shaped crown and usually a brim
n. an informal term for a person's role
v. put on or wear a hat
v. furnish with a hat"
jacket,"n. a short coat
n. an outer wrapping or casing
n. the outer skin of a potato
n. the tough metal shell casing for certain kinds of ammunition"
pocket,"n. a small pouch inside a garment for carrying small articles
n. a supply of money
n. (bowling) the space between the headpin and the pins behind it on the right or left
n. a small isolated group of people"
purse,"n. a sum of money spoken of as the contents of a money purse
n. a small bag for carrying money
n. a sum of money offered as a prize
v. contract one's lips into a rounded shape"
raincoat,n. a water-resistant coat
shirt,"n. a garment worn on the upper half of the body
v. put a shirt on"
shoe,"n. footwear shaped to fit the foot (below the ankle) with a flexible upper of leather or plastic and a sole and heel of heavier material
n. (card games) a case from which playing cards are dealt one at a time
v. furnish with shoes"
shorts,"n trousers that end at or above the knee
n underpants worn by men
n the location on a baseball field where the shortstop is stationed
n accidental contact between two points in an electric circuit that have a potential difference
n the fielding position of the player on a baseball team who is stationed between second and third base
v cheat someone by not returning him enough money
v create a short circuit in"
skirt,"n. cloth covering that forms the part of a garment below the waist
n. a garment hanging from the waist; worn mainly by girls and women
v. pass around or about; move along the border
v. form the edge of"
suit,"n. a set of garments (usually including a jacket and trousers or skirt) for outerwear all of the same fabric and color
n. (slang) a businessman dressed in a business suit
n. a petition or appeal made to a person of superior status or rank
n. playing card in any of four sets of 13 cards in a pack; each set has its own symbol and color"
sweater,n. a crocheted or knitted garment covering the upper part of the body
tights,n. skintight knit hose covering the body from the waist to the feet worn by acrobats and dancers and as stockings by women and girls
trainers,"n one who trains other persons or animals
n simulator consisting of a machine on the ground that simulates the conditions of flying a plane"
trousers,"n (usually in the plural) a garment extending from the waist to the knee or ankle, covering each leg separately
n a garment (or part of a garment) designed for or relating to trousers"
try on,n putting clothes on to see whether they fit
T-shirt,n a close-fitting pullover shirt
umbrella,"n. a lightweight handheld collapsible canopy
n. a formation of military planes maintained over ground operations or targets
n. having the function of uniting a group of similar things
s. covering or applying simultaneously to a number of similar items or elements or groups"
uniform,"n. clothing of distinctive design worn by members of a particular group as a means of identification
v. provide with uniforms
a. always the same; showing a single form or character in all occurrences
s. evenly spaced"
wallet,n. a pocket-size case for holding papers and paper money
wear,"n. impairment resulting from long use
n. the act of having on your person as a covering or adornment
v. be dressed in
v. have on one's person"
comfortable,"a. providing or experiencing physical well-being or relief (`comfy' is informal)
a. free from stress or conducive to mental ease; having or affording peace of mind
s. more than adequate
s. sufficient to provide comfort"
leather,"n. an animal skin made smooth and flexible by removing the hair and then tanning
v. whip with a leather strap"
jeans,"n (usually plural) close-fitting trousers of heavy denim for manual work or casual wear
n a coarse durable twill-weave cotton fabric"
apartment,n. a suite of rooms usually on one floor of an apartment house
bank,"n. sloping land (especially the slope beside a body of water)
n. a long ridge or pile
n. an arrangement of similar objects in a row or in tiers
n. a supply or stock held in reserve for future use (especially in emergencies)"
machine,"n. any mechanical or electrical device that transmits or modifies energy to perform or assist in the performance of human tasks
n. an efficient person
n. an intricate organization that accomplishes its goals efficiently
n. a device for overcoming resistance at one point by applying force at some other point"
bookshop,n. a shop where books are sold
building,"n. a structure that has a roof and walls and stands more or less permanently in one place
n. the occupants of a building"
bus station,none
café,none
campsite,n. a site where people on holiday can pitch a tent
castle,"n. a large building formerly occupied by a ruler and fortified against attack
n. (chess) the piece that can move any number of unoccupied squares in a direction parallel to the sides of the chessboard
n. interchanging the positions of the king and a rook
v. move the king two squares toward a rook and in the same move the rook to the square next past the king"
cathedral,"n. any large and important church
n. the principal Christian church building of a bishop's diocese
a. relating to or containing or issuing from a bishop's office or throne"
centre,n. a low-lying region in central France
church,"n. one of the groups of Christians who have their own beliefs and forms of worship
n. a place for public (especially Christian) worship
n. the body of people who attend or belong to a particular local church
v. perform a special church rite or service for"
cinema,n. a theater where films are shown
club,"n. a formal association of people with similar interests
n. stout stick that is larger at one end
n. a playing card in the minor suit that has one or more black trefoils on it
v. unite with a common purpose"
city,"n. a large and densely populated urban area; may include several independent administrative districts
n. an incorporated administrative district established by state charter
n. people living in a large densely populated municipality"
college,"n. the body of faculty and students of a college
n. an institution of higher education created to educate and grant degrees; often a part of a university
n. a complex of buildings in which an institution of higher education is housed"
corner,"n. a place off to the side of an area
n. the point where two lines meet or intersect
n. an interior angle formed by two meeting walls
n. the intersection of two streets"
department store,none
disco,"n. popular dance music (especially in the late 1970s); melodic with a regular bass beat; intended mainly for dancing at discotheques
n. a public dance hall for dancing to recorded popular music
v. dance to disco music"
entrance,"n. something that provides access (to get in or get out)
n. a movement into or inward
n. the act of entering
v. put into a trance"
exhibition,"n. the act of exhibiting
n. a collection of things (goods or works of art etc.) for public display"
exit,"n. an opening that permits escape or release
n. the act of going out
v. move out of or depart from
v. lose the lead"
factory,n. a plant consisting of one or more buildings with facilities for manufacturing
farm,"n. workplace consisting of farm buildings and cultivated land as a unit
v. be a farmer; work as a farmer
v. collect fees or profits"
flat,"n. a level tract of land
n. a shallow box in which seedlings are started
n. a musical notation indicating one half step lower than the note named
n. a deflated pneumatic tire"
guesthouse,n. a house separate from the main house; for housing guests
hospital,"n. a health facility where patients receive treatment
n. a medical institution where sick or injured people are given medical or surgical care"
hotel,n. a building where travelers can pay for lodging and meals and other services
library,"n. a room where books are kept
n. a collection of literary documents or records kept for reference or borrowing
n. a depository built to contain books and other materials for reading and study
n. (computing) a collection of standard programs and subroutines that are stored and available for immediate use"
lift,"n. the act of giving temporary assistance
n. a wave that lifts the surface of the water or ground
n. a device worn in a shoe or boot to make the wearer look taller or to correct a shortened leg
n. one of the layers forming the heel of a shoe or boot"
market,"n. the world of commercial activity where goods and services are bought and sold
n. the customers for a particular product or service
n. the securities markets in the aggregate
v. engage in the commercial promotion, sale, or distribution of"
museum,n. a depository for collecting and displaying objects having scientific or historical or artistic value
newsagent,n. someone who sells newspapers
post office,n. See under 4th Post.
restaurant,n. a building where people go to eat
ruin,"n. an irrecoverable state of devastation and destruction
n. a ruined building
n. an event that results in destruction
v. destroy or cause to fail"
sports centre,none
square,"n. (geometry) a plane rectangle with four equal sides and four right angles; a four-sided regular polygon
n. the product of two equal terms
n. something approximating the shape of a square
n. someone who doesn't understand what is going on"
stadium,n. a large structure for open-air sports or entertainments
supermarket,n. a large self-service grocery store selling groceries and dairy products and household goods
theatre,"n a building where theatrical performances or motion-picture shows can be presented
n the art of writing and producing plays
n a region in which active military operations are in progress"
tourist information centre,none
travel agency,none
village,"n. a community of people smaller than a town
n. a settlement smaller than a town"
zoo,n the facility where wild animals are housed for exhibition
poster,n. a sign posted in a public place as an advertisement
baseball,"n. a ball game played with a bat and ball between two teams of nine players; teams take turns at bat trying to score runs
n. a ball used in playing baseball"
basketball,"n. a game played on a court by two opposing teams of 5 players; points are scored by throwing the ball through an elevated horizontal hoop
n. an inflated ball used in playing basketball"
football,"n. any of various games played with a ball (round or oval) in which two teams try to kick or carry or propel the ball into each other's goal
n. the inflated oblong ball used in playing American football"
volleyball,"n. a game in which two teams hit an inflated ball over a high net using their hands
n. an inflated ball used in playing volleyball"
golf,"n. a game played on a large open course with 9 or 18 holes; the object is use as few strokes as possible in playing all the holes
v. play golf"
hockey,"n a game resembling ice hockey that is played on an open field; two opposing teams use curved sticks try to drive a ball into the opponents' net
n a game played on an ice rink by two opposing teams of six skaters each who try to knock a flat round puck into the opponents' goal with angled sticks"
riding,"n. the sport of siting on the back of a horse while controlling its movements
n. travel by being carried on horseback"
sailing,"n. riding in a sailboat
n. the departure of a vessel from a port"
skiing,n. a sport in which participants must travel on skis
swimming,n. the act of swimming
table tennis,none
sports centre,none
stadium,n. a large structure for open-air sports or entertainments
pool,"n. an excavation that is (usually) filled with water
n. an organization of people or resources that can be shared
n. any communal combination of funds
n. a small body of standing water (rainwater) or other liquid"
competition,"n. a business relation in which two parties compete to gain customers
n. the act of competing as for profit or a prize"
game,"n. a contest with rules to determine a winner
n. a single play of a sport or other contest
n. an amusement or pastime
n. animal hunted for food or sport"
race,"n. any competition
n. a contest of speed
n. people who are believed to belong to the same genetic stock
v. compete in a race"
team,"n. a cooperative unit (especially in sports)
n. two or more draft animals that work together to pull something
v. form a team"
winner,"n. the contestant who wins the contest
n. a gambler who wins a bet"
prize,"n. something given for victory or superiority in a contest or competition or for winning a lottery
v. hold dear"
trainer,n. one who trains other persons or animals
hobby,"n. a child's plaything consisting of an imitation horse mounted on rockers; the child straddles it and pretends to ride
n. small Old World falcon formerly trained and flown at small birds"
holiday,n. a day on which work is suspended by law or custom
luck,"n. an unknown and unpredictable phenomenon that causes an event to result one way rather than another
n. an unknown and unpredictable phenomenon that leads to a favorable outcome"
magazine,"n. a periodic publication containing pictures and stories and articles of interest to those who purchase it or subscribe to it
n. product consisting of a paperback periodic publication as a physical object
n. a business firm that publishes magazines
n. a light-tight supply chamber holding the film and supplying it for exposure as required"
newspaper,"n. a daily or weekly publication on folded sheets; contains news and articles and advertisements
n. a business firm that publishes newspapers
n. the physical object that is the product of a newspaper publisher
n. cheap paper made from wood pulp and used for printing newspapers"
beach,"n. an area of sand sloping down to the water of a sea or lake
v. land on a beach"
bicycle,"n. a wheeled vehicle that has two wheels and is moved by foot pedals
v. ride a bicycle"
bike,"n a motor vehicle with two wheels and a strong frame
n a wheeled vehicle that has two wheels and is moved by foot pedals
v ride a bicycle"
boat,"n. a small vessel for travel on water
v. ride in a boat on water"
camera,n. equipment for taking photographs (usually consisting of a lightproof box with a lens at one end and light-sensitive film at the other)
member,"n. one of the persons who compose a social group (especially individuals who have joined and participate in a group organization)
n. anything that belongs to a set or class
n. an organization that is a member of another organization (especially a state that belongs to a group of nations)"
party,"n. an organization to gain political power
n. a group of people gathered together for pleasure
n. a band of people associated temporarily in some activity
n. an occasion on which people can assemble for social interaction and entertainment"
picnic,"n. any informal meal eaten outside or on an excursion
v. eat alfresco, in the open air"
tent,"n. a portable shelter (usually of canvas stretched over supporting poles and fastened to the ground with ropes and pegs)
n. a web that resembles a tent or carpet"
camp,"n. temporary living quarters specially built by the army for soldiers
n. a group of people living together in a camp
n. temporary lodgings in the country for travelers or vacationers
n. a penal institution (often for forced labor)"
campsite,n. a site where people on holiday can pitch a tent
catch,"n. a drawback or difficulty that is not readily evident
n. the quantity that was caught
n. a person regarded as a good matrimonial prospect
n. anything that is caught (especially if it is worth catching)"
climb,"n. an event that involves rising to a higher point (as in altitude or temperature or intensity etc.)
n. the act of climbing something
v. go upward with gradual or continuous progress
v. move with difficulty, by grasping"
club,"n. a formal association of people with similar interests
n. stout stick that is larger at one end
n. a playing card in the minor suit that has one or more black trefoils on it
v. unite with a common purpose"
throw,"n. the act of throwing (propelling something with a rapid movement of the arm and wrist)
n. a single chance or instance
n. the maximum movement available to a pivoted or reciprocating piece by a cam
n. bedclothes consisting of a lightweight cloth covering (an afghan or bedspread) that is casually thrown over something"
tired,a. depleted of strength or energy
watch,"n. a small portable timepiece
n. a period of time (4 or 2 hours) during which some of a ship's crew are on duty
n. a purposeful surveillance to guard or observe
n. the period during which someone (especially a guard) is on duty"
beginner,"n someone new to a field or activity
n a person who founds or establishes some institution"
pupil,n. the contractile aperture in the center of the iris of the eye; resembles a large black dot
university,"n. the body of faculty and students at a university
n. establishment where a seat of higher learning is housed, including administrative and living quarters as well as facilities for research and teaching
n. a large and diverse institution of higher learning created to educate for life and for a profession and to grant degrees"
college,"n. the body of faculty and students of a college
n. an institution of higher education created to educate and grant degrees; often a part of a university
n. a complex of buildings in which an institution of higher education is housed"
school,"n. an educational institution
n. a building where young people receive education
n. the process of being formally educated at a school
n. a body of creative artists or writers or thinkers linked by a similar style or by similar teachers"
board,"n. a committee having supervisory powers
n. a stout length of sawn timber; made in a wide variety of sizes and used for many purposes
n. a flat piece of material designed for a special purpose
n. food or meals in general"
library,"n. a room where books are kept
n. a collection of literary documents or records kept for reference or borrowing
n. a depository built to contain books and other materials for reading and study
n. (computing) a collection of standard programs and subroutines that are stored and available for immediate use"
bookshelf,n. a shelf on which to keep books
course,"n. education imparted in a series of lessons or meetings
n. a connected series of events or actions or developments
n. general line of orientation
n. a mode of action"
subject,"n. the subject matter of a conversation or discussion
n. something (a person or object or scene) selected by an artist or photographer for graphic representation
n. (grammar) one of the two main constituents of a sentence; the grammatical constituent about which something is predicated
n. a person who is subjected to experimental or other observational procedures; someone who is an object of investigation"
Science,n. a particular branch of scientific knowledge
Geography,n. study of the earth's surface; includes people's responses to topography and climate and soil and vegetation
History,"n. the aggregate of past events
n. a record or narrative description of past events
n. the discipline that records and interprets past events involving human beings
n. the continuum of events occurring in succession leading from the past to the present and even into the future"
Mathematics,n. a science (or group of related sciences) dealing with the logic of quantity and shape and arrangement
exam,n a set of questions or exercises evaluating skill or knowledge
examination,"n. the act of examining something closely (as for mistakes)
n. a set of questions or exercises evaluating skill or knowledge
n. the act of giving students or candidates a test (as by questions) to determine what they know or have learned"
homework,n. preparatory school work done outside school (especially at home)
project,"n. a planned undertaking
v. communicate vividly
v. transfer (ideas or principles) from one domain into another
v. project on a screen"
dictionary,n. a reference book containing an alphabetical list of words with information about them
example,"n. an item of information that is typical of a class or group
n. punishment intended as a warning to others"
language,"n. a systematic means of communicating by the use of sounds or conventional symbols
n. the mental faculty or power of vocal communication"
level,"n. height above ground
n. indicator that establishes the horizontal when a bubble is centered in a tube of liquid
n. an abstract place usually conceived as having depth
v. aim at"
instructions,"n a manual usually accompanying a technical device and explaining how to install or operate it
n a message describing how something is to be done
n the activities of educating or instructing; activities that impart knowledge or skill
n the profession of a teacher
n (computer science) a line of code written as part of a computer program"
information,"n. a message received and understood
n. knowledge acquired through study or experience or instruction
n. formal accusation of a crime
n. (communication theory) a numerical measure of the uncertainty of an outcome"
diploma,n. a document certifying the successful completion of a course of study
cassette,n. a container that holds a magnetic tape used for recording or playing sound or video
cassette player,none
cassette recorder,none
bottom,"n. the lower side of anything
n. the lowest part of anything
n. the second half of an inning; while the home team is at bat
n. a cargo ship"
beautiful,"a. delighting the senses or exciting intellectual or emotional admiration
s. (of weather) highly enjoyable"
boring,"n. the act of drilling a hole in the earth in the hope of producing petroleum
s. so lacking in interest as to cause mental weariness"
clever,s. showing inventiveness and skill
difficult,a. not easy; requiring great physical or mental effort to accomplish or comprehend or endure
excellent,s. very good; of the highest quality
fail,"v. fail to do something; leave something undone
v. be unsuccessful
v. disappoint, prove undependable to; abandon, forsake
v. stop operating or functioning"
improve,"v to make better
v get better"
spell,"n. a verbal formula believed to have magical force
v. orally recite the letters of or give the spelling of
v. indicate or signify
v. write or name the letters that comprise the conventionally accepted form of (a word or part of a word)"
spelt,n. hardy wheat grown mostly in Europe for livestock feed
spelt,n. hardy wheat grown mostly in Europe for livestock feed
remember,"v. recall knowledge from memory; have a recollection
v. keep in mind for attention or consideration
v. recapture the past; indulge in memories
v. show appreciation to"
learn,"v. gain knowledge or skills
v. get to know or become aware of, usually accidentally
v. be a student of a certain subject"
as well as,none
plane,"n. (mathematics) an unbounded two-dimensional shape
n. a level of existence or development
n. a power tool for smoothing or shaping wood
n. a carpenter's hand tool with an adjustable blade for smoothing or shaping wood"
aeroplane,n an aircraft that has a fixed wing and is powered by propellers or jets
plane,"n. (mathematics) an unbounded two-dimensional shape
n. a level of existence or development
n. a power tool for smoothing or shaping wood
n. a carpenter's hand tool with an adjustable blade for smoothing or shaping wood"
helicopter,n. an aircraft without wings that obtains its lift from the rotation of overhead blades
ambulance,n. a vehicle that takes people to and from hospitals
police car,none
lorry,"n. a large low horse-drawn wagon without sides
n. a large truck designed to carry heavy loads; usually without sides"
coach,"n. (sports) someone in charge of training an athlete or a team
n. a person who gives private instruction (as in singing, acting, etc.)
n. a carriage pulled by four horses with one driver
v. teach and supervise (someone); act as a trainer or coach (to), as in sports"
airport,n. an airfield equipped with control tower and hangars as well as accommodations for passengers and cargo
flight,"n. a formation of aircraft in flight
n. an instance of traveling by air
n. a stairway (set of steps) between one floor or landing and the next
n. an air force unit smaller than a squadron"
garage,"n. an outbuilding (or part of a building) for housing automobiles
n. a repair shop where cars and trucks are serviced and repaired
v. keep or store in a garage"
journey,n. the act of traveling from one place to another
bridge,"n. a structure that allows people or vehicles to cross an obstacle such as a river or canal or railway etc.
n. a circuit consisting of two branches (4 arms arranged in a diamond configuration) across which a meter is connected
n. something resembling a bridge in form or function
n. the hard ridge that forms the upper part of the nose"
passport,n. a document issued by a country to a citizen allowing that person to travel abroad and re-enter the home country
petrol,n a volatile flammable mixture of hydrocarbons (hexane and heptane and octane etc.) derived from petroleum; used mainly as a fuel in internal-combustion engines
petrol station,none
pilot,"n. someone who is licensed to operate an aircraft in flight
n. a person qualified to guide ships through difficult waters going into or out of a harbor"
platform,"n. a raised horizontal surface
n. a document stating the aims and principles of a political party
n. the combination of a particular computer and a particular operating system
n. any military structure or vehicle bearing weapons"
problem,"n. a state of difficulty that needs to be resolved
n. a question raised for consideration or solution"
suitcase,n a portable rectangular container for carrying clothes
ticket,"n. a commercial document showing that the holder is entitled to something (as to ride on public transportation or to enter a public entertainment)
n. a summons issued to an offender (especially to someone who violates a traffic regulation)
n. the appropriate or desirable thing
v. issue a ticket or a fine to as a penalty"
accident,"n. an unfortunate mishap; especially one causing damage or injury
n. anything that happens suddenly or by chance without an apparent cause"
tour guide,none
tourist,n. someone who travels for pleasure
driving licence,none
engine,"n. motor that converts thermal energy to mechanical work
n. something used to achieve a purpose
n. an instrument or machine that is used in warfare, such as a battering ram, catapult, artillery piece, etc."
engineer,"n. a person who uses scientific knowledge to solve practical problems
n. the operator of a railway locomotive
v. design as an engineer"
luggage,n cases used to carry belongings when traveling
mechanic,s. resembling the action of a machine
mile,"n. a unit of length equal to 1,760 yards or 5,280 feet; exactly 1609.344 meters
n. a large distance
n. an ancient Roman unit of length equivalent to 1620 yards
n. a Swedish unit of length equivalent to 10 km"
mirror,"n. polished surface that forms images by reflecting light
n. a faithful depiction or reflection
v. reflect as if in a mirror
v. reflect or resemble"
motorway,n a broad highway designed for high-speed traffic
traffic,"n. the aggregation of things (pedestrians or vehicles) coming and going in a particular locality during a specified period of time
n. buying and selling; especially illicit trade
n. the amount of activity over a communication system during a given period of time
v. deal illegally"
canal,"n. (astronomy) an indistinct surface feature of Mars once thought to be a system of channels; they are now believed to be an optical illusion
n. long and narrow strip of water made for boats or for irrigation
v. provide (a city) with a canal"
crossroads,n. a point where a choice must be made
passenger,n. a traveler riding in a vehicle (a boat or bus or car or plane or train etc) who is not operating it
railway,n. line that is the commercial organization responsible for operating a system of transportation for trains that pull passengers or freight
roundabout,"n a road junction at which traffic streams circularly around a central island
n a large, rotating machine with seats for children to ride or amusement
s marked by obliqueness or indirection in speech or conduct
s deviating from a straight course"
traffic lights,plural of traffic-light
travel agency,none
wheel,"n. a simple machine consisting of a circular frame with spokes (or a solid disc) that can rotate on a shaft or axle (as in vehicles or other machines)
n. forces that provide energy and direction
n. a circular helm to control the rudder of a vessel
v. change directions as if revolving on a pivot"
visitor,n. someone who visits
left,"n. location near or direction toward the left side; i.e. the side to the north when a person or object faces east
n. those who support varying degrees of social or political or economic change designed to promote the public welfare
n. the hand that is on the left side of the body
n. a turn toward the side of the body that is on the north when the person is facing east"
tour,"n. a journey or route all the way around a particular place or area
v. make a tour of a certain place"
brake,"n. a restraint used to slow or stop a vehicle
n. any of various ferns of the genus Pteris having pinnately compound leaves and including several popular houseplants
n. an area thickly overgrown usually with one kind of plant
n. anything that slows or hinders a process"
arrive,"v. reach a destination; arrive by movement or progress
v. succeed in a big way; get to the top"
leave,"n. the period of time during which you are absent from work or duty
n. permission to do something
v. go away from a place
v. go and leave behind, either intentionally or by neglect or forgetfulness"
carry,"n. the act of carrying something
v. have with oneself; have on one's person
v. serve as a means for expressing something
v. bear or be able to bear the weight, pressure,or responsibility of"
cross,"n. a wooden structure consisting of an upright post with a transverse piece
n. a representation of the structure on which Jesus was crucified; used as an emblem of Christianity or in heraldry
n. any affliction that causes great suffering
v. fold so as to resemble a cross"
pack,"n. a complete collection of similar things
n. a convenient package or parcel (as of cigarettes or film)
n. a group of hunting animals
n. a cream that cleanses and tones the skin"
visit,"n. the act of going to see some person or place or thing for a short time
n. a meeting arranged by the visitor to see someone (such as a doctor or lawyer) for treatment or advice
n. the act of visiting in an official capacity (as for an inspection)
n. the act of going to see some person in a professional capacity"
delay,"n. time during which some action is awaited
n. the act of delaying; inactivity resulting in something being put off until a later time
v. cause to be slowed down or delayed
v. act later than planned, scheduled, or required"
park,"n. a large area of land preserved in its natural state as public property
n. a piece of open land for recreational use in an urban area
n. Scottish explorer in Africa (1771-1806)
n. a gear position that acts as a parking brake"
hurry,n. a condition of urgency making it necessary to hurry
through,"s. (of a route or journey etc.) continuing without requiring stops or changes
r. from beginning to end
r. over the whole distance
r. to completion"
tonight,"n. the present or immediately coming night
r. during the night of the present day"
underground,"n. a secret group organized to overthrow a government or occupation force
r. in or into hiding or secret operation
r. beneath the surface of the earth"
crowded,a. overfilled or compacted or concentrated
terrible,"s causing fear or dread or terror
s exceptionally bad or displeasing
s intensely or extremely bad or unpleasant in degree or quality
s extreme in degree or extent or amount or impact"
famous,s widely known and esteemed
east,"n. the cardinal compass point that is at 90 degrees
n. the countries of Asia
n. the region of the United States lying to the north of the Ohio River and to the east of the Mississippi River
n. the direction corresponding to the eastward cardinal compass point"
north,"n. the region of the United States lying to the north of the Mason-Dixon line
n. the cardinal compass point that is at 0 or 360 degrees
n. a location in the northern part of a country, region, or city
n. the direction corresponding to the northward cardinal compass point"
south,"n. the region of the United States lying to the south of the Mason-Dixon line
n. the cardinal compass point that is at 180 degrees
n. a location in the southern part of a country, region, or city
n. the direction corresponding to the southward cardinal compass point"
west,"n. the countries of (originally) Europe and (now including) North America and South America
n. the cardinal compass point that is a 270 degrees
n. the region of the United States lying to the west of the Mississippi River
n. the direction corresponding to the westward cardinal compass point"
country,"n. the territory occupied by a nation
n. an area outside of cities and towns"
countryside,n. rural regions
winter,"n. the coldest season of the year; in the northern hemisphere it extends from the winter solstice to the vernal equinox
v. spend the winter"
summer,"n. the warmest season of the year; in the northern hemisphere it extends from the summer solstice to the autumnal equinox
n. the period of finest development, happiness, or beauty
v. spend the summer"
spring,"n. the season of growth
n. a metal elastic device that returns to its shape or position when pushed or pulled or pressed
n. a natural flow of ground water
n. a point at which water issues forth"
flower,"n. a plant cultivated for its blooms or blossoms
n. reproductive organ of angiosperm plants especially one having showy or colorful parts
n. the period of greatest prosperity or productivity"
hill,"n. a local and well-defined elevation of the land
n. United States railroad tycoon (1838-1916)
n. risque English comedian (1925-1992)
v. form into a hill"
mountain,n. a land mass that projects well above its surroundings; higher than a hill
ice,"n. water frozen in the solid state
n. the frozen part of a body of water
n. diamonds
n. a frozen dessert with fruit flavoring (especially one containing no milk)"
water,"n. binary compound that occurs at room temperature as a clear colorless odorless tasteless liquid; freezes into ice below 0 degrees centigrade and boils above 100 degrees centigrade; widely used as a solvent
n. once thought to be one of four elements composing the universe (Empedocles)
n. a liquid necessary for the life of most animals and plants
v. supply with water, as with channels or ditches or streams"
river,n. a large natural stream of water (larger than a creek)
lake,"n. a body of (usually fresh) water surrounded by land
n. a purplish red pigment prepared from lac or cochineal
n. any of numerous bright translucent organic pigments"
sea,"n. a division of an ocean or a large body of salt water partially enclosed by land
n. turbulent water with swells of considerable size"
island,"n. a land mass (smaller than a continent) that is surrounded by water
n. a zone or area resembling an island"
beach,"n. an area of sand sloping down to the water of a sea or lake
v. land on a beach"
space,"n. the unlimited expanse in which everything is located
n. an empty area (usually bounded in some way between things)
n. an area reserved for some particular purpose
n. a blank character used to separate successive words in writing or printing"
sky,n. the atmosphere and outer space as viewed from the earth
star,"n. (astronomy) a celestial body of hot gases that radiates energy derived from thermonuclear reactions in the interior
n. any celestial body visible (as a point of light) from the Earth at night
n. an actor who plays a principal role
n. a plane figure with 5 or more points; often used as an emblem"
cloud,"n. any collection of particles (e.g., smoke or dust) or gases that is visible
n. a visible mass of water or ice particles suspended at a considerable altitude
n. out of touch with reality
n. a cause of worry or gloom or trouble"
sun,"n. the star that is the source of light and heat for the planets in the solar system
n. a person considered as a source of warmth or energy or glory etc
n. any star around which a planetary system revolves
v. expose one's body to the sun"
moon,"n. the natural satellite of the Earth
n. any object resembling a moon
n. United States religious leader (born in Korea) who founded the Unification Church in 1954; was found guilty of conspiracy to evade taxes (born in 1920)
n. any natural satellite of a planet"
weather,"n. the atmospheric conditions that comprise the state of the atmosphere in terms of temperature and wind and clouds and precipitation
v. face and withstand with courage
v. cause to slope
v. sail to the windward of"
air,"n. a mixture of gases (especially oxygen) required for breathing; the stuff that the wind consists of
n. the region above the ground
n. a distinctive but intangible quality surrounding a person or thing
n. once thought to be one of four elements composing the universe (Empedocles)"
fog,"n. droplets of water vapor suspended in the air near the ground
n. an atmosphere in which visibility is reduced because of a cloud of some substance"
wind,"n. air moving (sometimes with considerable force) from an area of high pressure to an area of low pressure
n. a tendency or force that influences events
n. breath
n. empty rhetoric or insincere or exaggerated talk"
storm,"n. a violent weather condition with winds 64-72 knots (11 on the Beaufort scale) and precipitation and thunder and lightning
n. a violent commotion or disturbance
n. a direct and violent assault on a stronghold
v. take by force"
thunderstorm,n. a storm resulting from strong rising air currents; heavy rain or hail along with thunder and lightning
grass,"n. narrow-leaved green herbage: grown as lawns; used as pasture for grazing animals; cut and dried as hay
n. German writer of novels and poetry and plays (born 1927)
v. shoot down, of birds
v. cover with grass"
tree,"n. a tall perennial woody plant having a main trunk and branches forming a distinct elevated crown; includes both gymnosperms and angiosperms
n. a figure that branches from a single root
n. English actor and theatrical producer noted for his lavish productions of Shakespeare (1853-1917)
v. plant with trees"
forest,"n. the trees and other plants in a large densely wooded area
n. land that is covered with trees and shrubs"
wood,"n. the hard fibrous lignified substance under the bark of trees
n. United States film actress (1938-1981)
n. English conductor (1869-1944)
n. English writer of novels about murders and thefts and forgeries (1814-1887)"
wool,"n. a fabric made from the hair of sheep
n. fiber sheared from animals (such as sheep) and twisted into yarn for weaving
n. outer coat of especially sheep and yaks"
world,"n. people in general; especially a distinctive group of people with some shared interest
n. all of your experiences that determine how things appear to you
n. a part of the earth that can be considered separately
n. all of the living human inhabitants of the earth"
field,"n. a piece of land cleared of trees and usually enclosed
n. somewhere (away from a studio or office or library or laboratory) where practical work is done or data is collected
n. the space around a radiating body within which its electromagnetic oscillations can exert force on another similar body not in contact with it
n. a particular kind of commercial enterprise"
fire,"n. the event of something burning (often destructive)
n. the act of firing weapons or artillery at an enemy
n. the process of combustion of inflammable materials producing heat and light and (often) smoke
n. a fireplace in which a relatively small fire is burning"
plant,"n. buildings for carrying on industrial labor
n. (botany) a living organism lacking the power of locomotion
n. an actor situated in the audience whose acting is rehearsed but seems spontaneous to the audience
n. something planted secretly for discovery by another"
rain,"n. water falling in drops from vapor condensed in the atmosphere
n. drops of fresh water that fall as precipitation from clouds
n. anything happening rapidly or in quick successive
v. precipitate as rain"
snow,"n. precipitation falling from clouds in the form of ice crystals
n. a layer of snowflakes (white crystals of frozen water) covering the ground
n. English writer of novels about moral dilemmas in academe (1905-1980)
v. fall as snow"
grow,"v. become larger, greater, or bigger; expand or gain
v. increase in size by natural process
v. cause to grow or develop
v. cultivate by growing, often involving improvements by means of agricultural techniques"
outdoor,"a. located, suited for, or taking place in the open air
a. pertaining to or concerning the outdoors or outdoor activities"
foggy,"s stunned or confused and slow to react (as from blows or drunkenness or exhaustion)
s indistinct or hazy in outline
s filled or abounding with fog or mist
s obscured by fog"
sunny,s bright and pleasant; promoting a feeling of cheer
warm,"v. get warm or warmer
v. make warm or warmer
a. having or producing a comfortable and agreeable degree of heat or imparting or maintaining heat
a. psychologically warm; friendly and responsive"
wet,"v. cause to become wet
v. make one's bed or clothes wet by urinating
a. covered or soaked with a liquid such as water
a. containing moisture or volatile components"
cold,"n. a mild viral infection involving the nose and respiratory passages (but not the lungs)
n. the sensation produced by low temperatures
a. having a low or inadequate temperature or feeling a sensation of coldness or having been made cold by e.g. ice or refrigeration
a. extended meanings; especially of psychological coldness; without human warmth or emotion"
hot,"a. used of physical heat; having a high or higher than desirable temperature or giving off heat or feeling or causing a sensation of heat or burning
s. characterized by violent and forceful activity or movement; very intense
a. extended meanings; especially of psychological heat; marked by intensity or vehemence especially of passion or enthusiasm
s. (color) bold and intense"
windy,"s. resembling the wind in speed, force, or variability"
