accuse of,none
accuse,v. bring an accusation against; level a charge against
act on,"n. A stuffed jacket worn under the mail, or (later) a jacket
   plated with mail."
adapt to,none
adapt,"v. make fit for, or change to suit a new purpose"
add to,none
add,"v. make an addition (to); join or combine or unite with others; increase the quality, quantity, size or scope of
v. state or say further
v. make an addition by combining numbers
v. constitute an addition"
adhere to,none
adhere,"v. be compatible or in accordance with
v. follow through or carry out a plan without deviation
v. be a devoted follower or supporter
v. stick to firmly"
aim for,none
apply to,none
apply,"v. be pertinent or relevant or applicable
v. ask (for something)
v. refer (a word or name) to a person or thing
v. apply oneself to"
approve of,none
approve,"v. give sanction to
v. judge to be right or commendable; think well of"
arise from,none
arise,"v. originate or come into being
v. rise to one's feet
v. result or issue"
a bit of,none
above all,none
access to,none
access,"n. the right to obtain or make use of or take advantage of something (as services or membership)
n. a way of entering or leaving
n. a code (a series of characters or digits) that must be entered in some way (typed or dialed or spoken) to get the use of something (a telephone line or a computer or a local area network etc.)
n. (computer science) the operation of reading or writing stored information"
accessible to,none
accessible,"a. capable of being reached
s. capable of being read with comprehension
s. easily obtained
s. easy to get along with or talk to; friendly"
according to,none
accord,"n. concurrence of opinion
n. sympathetic compatibility
v. allow to have"
accountable to,none
accountable,s. liable to account for one's actions
agreeable to,none
along with,none
anything but,none
apart from,none
apart,"s. remote and separate physically or socially
s. having characteristics not shared by others
r. separated or at a distance in place or position or time
r. not taken into account or excluded from consideration"
as a means of,none
as a result,none
as a result of,none
as far as,none
as for,none
as to,none
as if,none
as usual,none
as well as,none
at all,none
at all costs,none
at large,none
at length,none
length,"n. the linear extent in space from one end to the other; the longest dimension of something that is fixed in place
n. the property of being the extent of something from beginning to end
n. a section of something that is long and narrow"
at odds with,none
odds,"n. the likelihood of a thing occurring rather than not occurring
n. the ratio by which one better's wager is greater than that of another"
at risk,none
at stake,none
stake,"n. instrument of execution consisting of a vertical post that a victim is tied to for burning
n. the money risked on a gamble
n. a strong wooden or metal post with a point at one end so it can be driven into the ground
v. mark with a stake"
at the end of,none
at times,none
abide by,none
abide,"v dwell
v put up with something or somebody unpleasant"
account for,none
account,"n. a formal contractual relationship established to provide for regular banking or brokerage or business services
n. importance or value
n. a statement of recent transactions and the resulting balance
n. the quality of taking advantage"
act for,none
adjust to,none
adjust,"v. alter or regulate so as to achieve accuracy or conform to a standard
v. adapt or conform oneself to new or different conditions
v. make correspondent or conformable
v. decide how much is to be paid on an insurance claim"
agree on,none
agree to,none
agree with,none
aim at,none
appeal to,none
appeal,"n. attractiveness that interests or pleases or stimulates
n. (law) a legal proceeding in which the appellant resorts to a higher court for the purpose of obtaining a review of a lower court decision and a reversal of the lower court's judgment or the granting of a new trial
v. take a court case to a higher court for review
v. request earnestly (something from somebody); ask for aid or protection"
apply for,none
apply,"v. be pertinent or relevant or applicable
v. ask (for something)
v. refer (a word or name) to a person or thing
v. apply oneself to"
argue for,none
arm with,none
arrive in,none
associate with,none
attach importance to,none
importance,"n. the quality of being important and worthy of note
n. a prominent status"
attach to,none
attach,"v. cause to be attached
v. be attached; be in contact with
v. become attached"
attempt to,none
attribute to,none
attribute,n. an abstraction belonging to or characteristic of an entity
avail oneself of,none
avail,"n. a means of serving
v. use to one's advantage
v. be of use to, be useful to
v. take or use"
agreement on,none
agreement,"n. the statement (oral or written) of an exchange of promises
n. compatibility of observations
n. harmony of people's opinions or actions or characters
n. the thing arranged or agreed to"
alien to,none
alien from,none
alien,"v. transfer property or ownership
s. not contained in or deriving from the essential nature of something
s. being or from or characteristic of another place or part of the world"
all in all,none
all the same,none
a majority of,none
a matter of,none
analogous to,none
analogous,"s. similar or equivalent in some respects though otherwise dissimilar
a. corresponding in function but not in evolutionary origin"
and so forth,none
and so on,none
and yet,none
a part of,none
a period of,none
a piece of cake,none
as a whole,none
as often as,none
as often as not,none
as opposed to,none
a sort of,none
a spell of,none
as regards,none
as far as ... be concerned,none
so far as ... be concerned,none
as long as,none
so long as,none
as yet,none
at a glance,none
glance,"n. a quick look
v. throw a glance at; take a brief look at
v. hit at an angle"
at all events,none
at all times,none
at a loss,none
at an end,none
at any price,none
at any rate,none
at a profit,none
at a stretch,none
stretch,"n. a large and unbroken expanse or distance
n. a straightaway section of a racetrack
n. exercise designed to extend the limbs and muscles to their full extent
n. extension to or beyond the ordinary limit"
at a time,none
at fault,none
fault,"n. (geology) a crack in the earth's crust resulting from the displacement of one side with respect to the other
n. (electronics) equipment failure attributable to some defect in a circuit (loose connection or insulation failure or short circuit etc.)
n. responsibility for a bad situation or event
n. (sports) a serve that is illegal (e.g., that lands outside the prescribed area)"
at first glance,none
at its best,none
at least,none
at leisure,none
leisure,"n. time available for ease and relaxation
n. freedom to choose a pastime or enjoyable activity"
a train of,none
at random,none
random,a. lacking any definite plan or order or purpose; governed by or depending on chance
at sb.'s disposal,none
disposal,"n. the power to use something or someone
n. the act or means of getting rid of something
n. a kitchen appliance for disposing of garbage"
at sea,none
at short notice,none
at best,none
at the best,none
at the bottom,none
at the cost of,none
at the end of the day,none
at the expense of,none
expense,"n. amounts paid for goods and services that may be currently tax deductible (as opposed to capital expenditures)
n. a detriment or sacrifice
n. money spent to perform work and usually reimbursed by an employer
v. reduce the estimated value of something"
at the height of,none
height,n. the vertical dimension of extension; distance from the base of something to the top
at the instant of,none
at the latest,none
at the longest,none
at the mercy of,none
mercy,"n. something for which to be thankful
n. alleviation of distress; showing great kindness toward the distressed"
at the moment,none
at the outset,none
at the outside,none
at the rate of,none
at the risk of,none
at the top,none
at the very least,none
at worst,none
at the worst,none
at will,none
a variety of,none
a flash in the pan,none
agreed account,none
akin to,none
appropriate to,none
a stab in the back,none
at a moment's notice,none
benefit from,none
benefit,"n. financial assistance in time of need
n. something that aids or promotes well-being
n. a performance to raise money for a charitable cause
v. be beneficial for"
blame on,none
blame,"n. a reproach for some lapse or misdeed
v. put or pin the blame on
v. harass with constant criticism
v. attribute responsibility to"
bring about,none
be applicable to,none
applicable,s. capable of being applied; having relevance
be biased against,none
biased,s. favoring one person or side over another
be busy with,none
because of,none
be cautious about,none
cautious,"a. showing careful forethought; never making swift decisions""
s. avoiding excess"
be concerned with,none
be confronted with,none
confront,"v. oppose, as in hostility or a competition
v. deal with (something unpleasant) head on
v. present somebody with something, usually to accuse or criticize
v. be face to face with"
be conscious of,none
conscious,"s. intentionally conceived
a. knowing and perceiving; having awareness of surroundings and sensations and thoughts
s. (followed by `of') showing realization or recognition of something"
be considered as,none
be dependent on,none
be deprived of,none
deprive,"v. take away possessions from someone
v. keep from having, keeping, or obtaining
v. take away"
be dominant over,none
dominant,"n. (music) the fifth note of the diatonic scale
a. exercising influence or control
a. (of genes) producing the same phenotype whether its allele is identical or dissimilar"
be eager to,none
beef up,none
be entitled to,none
entitle,"v. give the right to
v. give a title to"
be exposed to,none
be generous to,none
be immune to,none
immune,"n. a person who is immune to a particular infection
a. relating to the condition of immunity
s. secure against
s. relating to or conferring immunity (to disease or infection)"
be inclined to,none
incline,"v. bend or turn (one's ear) towards a speaker in order to listen well
v. lower or bend (the head or upper body), as in a nod or bow
v. feel favorably disposed or willing"
be interested in,none
be likely to,none
be obliged to,none
oblige,"v. bind by an obligation; cause to be indebted
v. provide a service or favor for someone"
be obsessed with,none
obsess,v. be preoccupied with something
be puzzled by,none
puzzle,"n. a particularly baffling problem that is said to have a correct solution
n. a game that tests your ingenuity
v. be uncertain about; think about without fully understanding or being able to decide"
be regarded as,none
be resistant to,none
resistant,s. impervious to being affected
be satisfied with,none
be second to,none
be subject to,none
be susceptible to,none
susceptible,"a. (often followed by `of' or `to') yielding readily to or capable of
s. easily impressed emotionally"
be unlikely to,none
be unprepared for,none
be vulnerable to,none
vulnerable,"a. susceptible to attack
s. susceptible to criticism or persuasion or temptation
s. capable of being wounded or hurt"
be willing to,none
be worth doing,none
by accident,none
by all means,none
by chance,none
by contrast,none
in contrast,none
by means of,none
by nature,none
by way of,none
back up,"n. an accumulation caused by clogging or a stoppage
n. (computer science) a copy of a file or directory on a separate storage device"
bear in mind,none
keep in mind,none
bear out,none
begin with,none
benefit by,none
bet on,"n. The French name for concrete; hence, concrete made after the
   French fashion."
bet,"n. the act of gambling
v. maintain with or as if with a bet
v. stake on the outcome of an issue"
bid for,none
bid,"n. an attempt to get something
n. a formal proposal to buy at a specified price
n. (bridge) the number of tricks a bridge player is willing to contract to make
v. ask for or request earnestly"
boast of,none
boast about,none
boast,"n. speaking of yourself in superlatives
v. show off"
break up,"n. Disruption; a separation and dispersion of the parts or
   members; as, a break-up of an assembly or dinner party; a break-up of
   the government."
bring into effect,none
carry into effect,none
put into effect,none
bring forth,none
bring in,none
bring into,none
bring out,none
bring together,none
build on,none
build upon,none
burn down,none
burn out,none
burn up,none
burst into,none
burst,"n. a sudden flurry of activity (often for no obvious reason)
v. come open suddenly and violently, as if from internal pressure
v. move suddenly, energetically, or violently
v. emerge suddenly"
burst out,none
burst upon,none
burst on,none
buy into,none
buy off,none
buy out,n. acquisition of a company by purchasing a controlling percentage of its stock
buy up,none
back and forth,none
bad debt,none
badly off,none
be able to,none
be addicted to,none
addict,"n. someone who is so ardently devoted to something that it resembles an addiction
n. someone who is physiologically dependent on a substance; abrupt deprivation of the substance produces withdrawal symptoms
v. to cause (someone or oneself) to become dependent (on something, especially a narcotic drug)"
be aware of,none
be beneficial to,none
beneficial,s. promoting or enhancing well-being
be bothered with,none
be bound to,none
be bound up with,none
be central to,none
be characterized by,none
be crucial to,none
crucial,"a. of extreme importance; vital to the resolution of a crisis
s. having crucial relevance"
be different from,none
be disappointed at,none
be distracted by,none
be enrolled in,none
enroll,v. register formally as a participant or member
be equal to,none
be equipped for,none
equip,"v. provide with (something) usually for a specific purpose
v. provide with abilities or understanding"
be equivalent to,none
be essential to,none
be faced with,none
be familiar with,none
be familiar to,none
be fascinated with,none
fascinate,"v. to render motionless, as with a fixed stare or by arousing terror or awe"
be fond of,none
be forced to,none
behind someone's back,none
behind the scenes,s designed and carried out secretly or confidentially
scene,"n. the place where some action occurs
n. an incident (real or imaginary)
n. a consecutive series of pictures that constitutes a unit of action in a film
n. a subdivision of an act of a play"
be ignorant of,none
ignorant,"s. uneducated in general; lacking knowledge or sophistication
s. uneducated in the fundamentals of a given art or branch of learning; lacking knowledge of a specific field
s. unaware because of a lack of relevant information or knowledge"
be independent of,none
independent,"a. free from external control and constraint
a. (of a clause) capable of standing syntactically alone as a complete sentence
s. not controlled by a party or interest group"
be indicative of,none
indicative,"a. relating to the mood of verbs that is used simple in declarative statements
s. (usually followed by `of') pointing out or revealing clearly"
be irrelevant to,none
seem irrelevant to,none
irrelevant,a. having no bearing on or connection with the subject at issue
be jealous of,none
jealous,s. suspicious or unduly suspicious or fearful of being displaced by a rival
be liable for,none
be liable to,none
be made of,none
be marked by,none
be of ... importance,none
be open to,none
be opposed to,none
be popular with,none
be proud of,none
be relevant to,none
be sensitive to,none
be soft on,none
be stuck in,none
be supposed to,none
be the talk of,none
be to blame,none
be tolerant of,none
tolerant,"a. showing respect for the rights or opinions or practices of others
s. able to tolerate environmental conditions or physiological stress
s. showing the capacity for endurance"
be typical of,none
be unaware of,none
be unfamiliar with,none
be up to sb.,none
be urged to,none
be worthwhile to,none
be worthy of,none
beyond dispute,none
beyond one's ability,none
body of,none
bottom line,none
box office,none
but then,none
by analogy,none
by and large,none
by common consent,none
by hand,none
by heart,none
by mistake,none
by no means,none
by reason of,none
by rights,none
by the end of,none
bargain for,none
bargain on,none
bargain,"n. an agreement between parties (usually arrived at after discussion) fixing obligations of each
n. an advantageous purchase
v. come to terms; arrive at an agreement"
bear a similarity to,none
beat about the bush,none
beat around the bush,none
beat sb. to the punch,none
punch,"n. (boxing) a blow with the fist
n. an iced mixed drink usually containing alcohol and prepared for multiple servings; normally served in a punch bowl
n. a tool for making holes or indentations
v. deliver a quick blow to"
bed down,none
bite one's nails,none
blow up,"n a violent release of energy caused by a chemical or nuclear reaction
n an unrestrained expression of emotion
n a photographic print that has been enlarged"
bombard with,none
bombard,"v. throw bombs at or attack with bombs
v. address with continuously or persistently, as if with a barrage
v. direct high energy particles or radiation against"
boot up,none
boot,"n. footwear that covers the whole foot and lower leg
n. British term for the luggage compartment in a car
n. protective casing for something that resembles a leg
n. an instrument of torture that is used to heat or crush the foot and leg"
build in,none
build into,none
bundle up,none
be appropriate for,none
appropriate,"v. take possession of by force, as after an invasion
a. suitable for a particular person or place or condition etc"
be charged with,none
be correlated with,none
be diligent in,none
diligent,"s. quietly and steadily persevering especially in detail or exactness
a. characterized by care and perseverance in carrying out tasks"
be indispensable to,none
be indispensable for,none
be injurious to,none
injurious,s harmful to living things
be on the wrong planet,none
beside the point,none
between jobs,none
be validated by,none
validate,"v. declare or make legally valid
v. prove valid; show or confirm the validity of something
v. give evidence for
v. make valid or confirm the validity of"
beyond one's comprehension,none
comprehension,n. an ability to understand the meaning or importance of something (or the knowledge acquired as a result)
beyond the capability of,none
beyond the dreams of,none
book value,none
by a large margin,none
margin,"n. the boundary line or the area immediately inside the boundary
n. an amount beyond the minimum necessary
n. the amount of collateral a customer deposits with a broker when borrowing from the broker to buy securities
n. the blank space that surrounds the text on a page"
by courtesy of,none
courtesy,"n. a courteous or respectful or considerate act
n. a courteous or respectful or considerate remark
n. a courteous manner"
by the book,none
call for,none
carry on,none
cast doubt on,none
cast,"n. the actors in a play
n. the distinctive form in which a thing is made
n. bandage consisting of a firm covering (often made of plaster of Paris) that immobilizes broken bones while they heal
n. object formed by a mold"
check on,none
cling to,none
cling,"n. fruit (especially peach) whose flesh adheres strongly to the pit
v. come or be in close contact with; stick or hold together and resist separation
v. to remain emotionally or intellectually attached
v. hold on tightly or tenaciously"
come across,none
compete with,none
comply with,none
comply,"v. act in accordance with someone's rules, commands, or wishes"
conform to,none
conform,"v. be similar, be in line with"
contribute to,none
contribute,"v. contribute to some cause
v. be conducive to"
cope with,none
cannot but,none
concern for,none
contrary to,none
contrary,"n. exact opposition
n. a logical relation such that two propositions are contraries if both cannot be true but both can be false
s. very opposed in nature or character or purpose
s. of words or propositions so related that both cannot be true but both may be false"
call off,none
call up,none
cast about for,none
cast around for,none
cast aside,none
catch up,n. Alt. of Catsup
cater to,none
check out,"n. the latest time for vacating a hotel room
n. a counter in a supermarket where you pay for your purchases"
check up on,none
cheer on,none
cheer up,none
clean out,none
clean up,n. (baseball) the fourth position in the batting order (usually filled by the best batter on the team)
close down,n termination of operations
close up,n. a photograph taken at close range
coincide with,none
combine with,none
come about,none
come along,none
come around,none
come round,none
come at,none
come by,none
come down,n. decline to a lower status or level
come down to,none
come in,none
come out,none
come to,none
come under,none
come up with,none
comment on,none
communicate with,none
compare to,none
compare with,none
complain about,none
complain of,none
concentrate on,none
concentrate,"n. a concentrated form of a foodstuff; the bulk is reduced by removing water
n. a concentrated example of something
v. make denser, stronger, or purer
v. direct one's attention on something"
confine to,none
confine within,none
consent to,none
consent,n. permission to do something
consist of,none
count as,none
count for,none
count in,none
cut across,none
cut back,n. a reduction in quantity or rate
cut down,none
cut out,"n. a switch that interrupts an electric circuit in the event of an overload
n. a photograph from which the background has been cut away
n. a part that is cut out or is intended to be cut out"
cut up,n. someone who plays practical jokes on others
capable of,none
civil servant,none
close by,none
close to,none
come into being,none
come into effect,none
go into effect,none
come into use,none
come to a close,none
draw to a close,none
come to life,none
come to light,none
come true,none
commit a crime,none
commit,"v. cause to be admitted; of persons to an institution
v. engage in or perform"
commit suicide,none
common to,none
comparable with,none
comparable to,none
control over,none
convenient to,none
chance on,none
chance upon,none
chew over,none
chew,"n. a wad of something chewable as tobacco
n. biting and grinding food in your mouth so it becomes soft enough to swallow
v. chew (food); to bite and grind with the teeth"
choke back,none
choke,"n. a coil of low resistance and high inductance used in electrical circuits to pass direct current and attenuate alternating current
n. a valve that controls the flow of air into the carburetor of a gasoline engine
v. breathe with great difficulty, as when experiencing a strong emotion
v. be too tight; rub or press"
choke up,none
clamp down,n. sudden restriction on an activity
clear away,none
clear off,none
clear up,none
close in on,none
come apart,none
come between,none
come in for,none
come into,none
come out with,none
compensate for,none
confess to,none
confide in,none
cool off,none
correspond to,none
correspond,v. exchange messages
crack down,n. severely repressive actions
crack down on,none
cry out against,none
cure of,none
curl up,none
call out bids,none
clear-cut,"v. remove all the trees at one time
s. clearly or sharply defined to the mind
s. having had all the trees removed at one time"
come into operation,none
go into operation,none
come right out and say,none
come to a head,none
come to blows,none
come to grief,none
come to grips with,none
get to grips with,none
come to hand,none
come to no harm,none
come to one's senses,none
come to terms,none
common run of men,none
could yet do,none
may yet do,none
might yet do,none
coupled with,none
cross section,s. representing a plane made by cutting across something at right angles to its length
cut and dried,s. according to ordinary expectations
cut short,none
deal with,none
depend on,none
derive from,none
derive,"v. obtain
v. come from
v. develop or evolve from a latent or potential state
v. come from; be connected by a relationship of blood, for example"
die out,none
differentiate between A and B,none
do harm to,none
doze off,none
doze,n. a light fitful sleep
draw a conclusion from,none
draw on,none
discontent with,none
date back to,none
date back from,none
dedicate to,none
dedicate,"v. open to public use, as of a highway, park, or building
v. inscribe or address by way of compliment
v. set apart to sacred uses with solemn rites, of a church"
define as,none
deprive of,none
deprive,"v. take away possessions from someone
v. keep from having, keeping, or obtaining
v. take away"
devote to,none
devote,v. set aside or apart for a specific purpose or use
die down,none
differ in,none
disagree with,none
disapprove of,none
dispose of,none
dispose,"v. give, sell, or transfer to another
v. make receptive or willing towards an action or attitude or belief
v. place or put in a particular order"
distinct from,none
do business,none
do for,none
do justice to,none
do with,none
draw into,none
draw out,none
dress up,none
drive away,none
drop by,none
drop in,none
drop off,"n a noticeable deterioration in performance or quality
n a steep high face of rock
n a change downward"
drop out,"n. someone who quits school before graduation
n. someone who withdraws from a social group or environment"
drop out of,none
drop to,none
dry out,none
dry up,none
do one's best,none
try one's best,none
double-digit,none
dozens of,none
draw a comparison,none
drive sb. to do sth.,none
deduce from,none
detach from,none
detach,"v. cause to become detached or separated; take off
v. separate (a small unit) from a larger, especially for a special assignment
v. come to be detached"
dip into,none
discriminate against,none
discriminate,"v. recognize or perceive the difference
v. treat differently on the basis of sex or race
v. distinguish
a. marked by the ability to see or make fine distinctions"
dispense with,none
divide by,none
do away with,none
double up,none
do up,none
dream up,none
drive down,none
dwell on,none
dwell upon,none
dead end,s. lacking opportunities for development or advancement
do one's bidding,none
do one's bit,none
do one's share,none
do one's utmost,none
do the honors,none
draw dividend,none
dividend,"n. that part of the earnings of a corporation that is distributed to its shareholders; usually paid quarterly
n. a number to be divided by another number
n. a bonus; something extra (especially a share of a surplus)"
drive into action,none
evolve from,none
evolve,"v. work out
v. undergo development or evolution"
exert influence on,none
exert,"v. put to use
v. make a great effort at a mental or physical task"
equipped with,none
eat up,none
embark on,none
embark,"v. go on board
v. set out on (an enterprise or subject of study)"
enable ... to,none
engage in,none
engage,"v. ask to represent; of legal counsel
v. get caught
v. carry on (wars, battles, or campaigns)
v. hire for work or assistance"
engage with,none
enter on,n. the alimentary canal (especially of an embryo or a coelenterate)
enter upon,none
equate with,none
equate,"v. be equivalent or parallel, in mathematics"
escape from,none
exchange for,none
exchange,"n. chemical process in which one atom or ion or group changes places with another
n. a mutual expression of views (especially an unpleasant one)
n. the act of changing one thing for another thing
n. the act of giving something in return for something received"
experiment on,none
experiment upon,none
explain away,none
extend to,none
extend,"v. make available; provide
v. reach outward in space
v. expand the influence of
v. open or straighten out; unbend"
extract from,none
extract,"v. remove, usually with some force or effort; also used in an abstract sense
v. get despite difficulties or obstacles
v. separate (a metal) from an ore
v. calculate the root of a number"
earn one's living,none
either ... or,none
emphasis on,none
even as,none
even if,none
even though,none
ever since,none
every other,none
every so often,none
except for,none
expert in,none
embed in,none
embed,"v. attach to, as a journalist to a military unit when reporting on a war"
earn one's keep,none
fail to,none
fall asleep,none
fall short,none
filter out,none
filter,"n. device that removes something from whatever passes through it
n. an electrical device that alters the frequency spectrum of signals passing through it
v. remove by passing through a filter"
fold ... into,none
feel disappointed at,none
for example,none
for fear of,none
for fear that,none
for instance,none
for long,none
fall away,none
fall behind,none
fall down,none
fall for,none
fall off,n a noticeable deterioration in performance or quality
feel like,none
fight back,none
fight off,none
figure out,none
file for,none
fill up,none
fill with,none
find out,none
finish up,none
fit in,none
fit into,none
fit in,none
fit in with,none
fix on,none
fix up,none
focus on,none
follow through,"n. carrying some project or intention to full completion
n. the act of carrying a stroke to its natural completion"
fair play,none
far from,none
far off,s very far away in space or time
far-reaching,none
first and foremost,none
first of all,none
fit for,none
fit to,none
follow one's example,none
follow suit,none
for all,none
for anything,none
for a while,none
for certain,none
for ever,r. for a very long or seemingly endless time
for free,none
for fun,none
for good,none
for life,none
for nothing,none
for one's part,none
for one thing,none
for real,none
for sale,none
for short,none
for sure,none
for the benefit of,none
for the most part,none
for purpose of,none
for the purpose of,none
for the sake of,none
sake,"n. a reason for wanting something done
n. Japanese alcoholic beverage made from fermented rice; usually served hot
n. the purpose of achieving or obtaining"
full time,"a. for the entire time appropriate to an activity
r. for the standard number of hours"
fall out of,none
find fault with,none
flare up,n a sudden intense happening
flash on,none
flesh out,none
flick through,none
fool about,none
fool around,none
far and wide,none
feel the pinch,none
figure of speech,none
fill the bill,none
follow one's nose,none
for good measure,none
for the time being,none
from the bottom up,none
get over,none
get rid of,none
rid,v. relieve from
give in,none
give up,none
go against,none
go through,none
get ahead,none
get back to,none
get in,none
get into,none
get out,none
get out of,none
give access to,none
access,"n. the right to obtain or make use of or take advantage of something (as services or membership)
n. a way of entering or leaving
n. a code (a series of characters or digits) that must be entered in some way (typed or dialed or spoken) to get the use of something (a telephone line or a computer or a local area network etc.)
n. (computer science) the operation of reading or writing stored information"
give birth to,none
birth,"n. the time when something begins (especially life)
n. the event of being born
n. a baby born; an offspring"
give credit to sb. for ...,none
credit,"n. money available for a client to borrow
n. an accounting entry acknowledging income or capital items
n. used in the phrase `to your credit' in order to indicate an achievement deserving praise; 
n. arrangement for deferred payment for goods and services"
give priority to,none
priority,n. preceding in time
go along,none
go out,none
go with,none
get going,none
get in the way,none
get ready,none
give one's name to,none
go astray,none
astray,r. away from the right path or direction
grind on,none
grind,"n. the grade of particle fineness to which a substance is ground
n. the act of grinding to a powder or dust
v. dance by rotating the pelvis in an erotically suggestive way, often while in contact with one's partner such that the dancers' legs are interlaced
v. reduce to small pieces or particles by pounding or abrading"
get on in life,none
get out of the way,none
get the nod,none
nod,"n. a sign of assent or salutation or command
n. the act of nodding the head
v. express or signify by nodding
v. lower and raise the head, as to indicate assent or agreement or confirmation"
good-for-nothing,s. without merit
great men of genius,none
genius,"n. someone who has exceptional intellectual ability and originality
n. exceptional creative ability"
have nothing to do with,none
hand over,n. act of relinquishing property or authority etc
happen to sb.,none
happen to sth.,none
have a good time,none
have an advantage over,none
advantage,"n. the quality of having a superior or more favorable position
n. (tennis) first point scored after deuce
n. benefit resulting from some event or action
v. give an advantage to"
have connection with,none
connection,"n. a relation between things or events (as in the case of one causing the other or sharing features with it)
n. the state of being connected
n. an instrumentality that connects
n. (usually plural) a person who is influential and to whom you are connected in some way (as by family or friendship)"
have difficulty,none
have difficulty in,none
difficulty,"n. a factor causing trouble in achieving a positive result or tending to produce a negative result
n. a condition or state of affairs almost beyond one's ability to deal with and requiring great effort to bear or overcome
n. the quality of being difficult"
have faith in,none
faith,"n. complete confidence in a person or plan etc
n. loyalty or allegiance to a cause or a person"
have little use for,none
have no use for,none
head into,none
hear from,none
help sb. toward,none
help to,none
hold on,none
hold one's own,none
hold up,"n robbery at gunpoint
n the act of delaying; inactivity resulting in something being put off until a later time"
hundreds of thousands of,none
have a clear grasp of,none
grasp,v. hold firmly
have the nerve to do,none
nerve,n. any bundle of nerve fibers running to various organs and tissues of the body
impinge on,none
impinge,v. impinge or infringe upon
insist on,none
insist,"v. be emphatic or resolute and refuse to budge
v. assert to be true"
intend to,none
intend,"v. have in mind as a purpose
v. design or destine"
if only,none
ignorance about,none
in addition,none
in and out,none
in a sense,none
in a word,none
in brief,none
in consequence,n. having no important effects or influence
in contrast,none
indifference to,none
in effect,none
in face of,none
in fact,none
in favor of,none
in general,none
in line with,none
in order to,none
in particular,none
instead of,none
in terms of,none
in theory,none
in the wake of,none
in time,a. Inward; internal; intimate.
in trouble,none
in turn,none
in vain,none
identify with,none
inject into,none
integrate into,none
integrate with,none
interact with,none
interfere with,none
invite to,none
ill-informed,none
in action,n. the state of being inactive
in a form,none
in a manner,none
in any case,none
in a position,none
in a ... situation,none
in a small way,none
in-built,s existing as an essential constituent or characteristic
in business,none
in cash,none
in combination with,none
in competition with,none
in contact with,none
in danger,none
in depth,none
in despair,none
in detail,none
in dispute,none
in exchange,none
in exchange for,none
in fashion,none
influence on,none
in front of,none
in large numbers,none
in matter of,none
in memory of,none
in need,none
in order,none
in other ways,none
in other words,none
in part,none
in perspective,none
in practice,none
in print,none
in public,none
in quest of,none
in reality,none
in respect of,none
in response to,none
in return,none
in return for,none
in search of,none
in short supply,none
in small amount,none
in some ways,none
in spite of,none
in store,v. t. To store up; to inclose; to contain.
in sympathy with,none
in ... terms,none
in the background,none
in the end,none
in the eyes of,none
in the form of,none
in the heart of,none
in the interest of,none
in the knowledge of,none
in the light of,none
in the long run,none
in the long term,none
in the short term,none
in the manner of,none
in the matter of,none
in the past,none
in the process of,none
in the way,none
in the way of,none
in use,none
in words,none
impose on,none
interfere in,none
issue in,none
in ample supply,none
in a row,none
in a vacuum,none
in blinding flash,none
in keeping with,none
in the array of,none
in the grip of,none
in the medium term,none
in the pipeline,none
jump at,none
jump on,none
keep down,none
keep ... from doing,none
keep a close watch on,none
keep an eye on,none
keep one's word,none
keep up,none
keep up with,none
kill off,none
keen on,none
keen,"n. a funeral lament sung with loud wailing
s. having a sharp cutting edge or point"
keep one's eyes open,none
keep abreast of,none
be abreast of,none
abreast,"s. being up to particular standard or level especially in being up to date in knowledge
r. alongside each other, facing in the same direction"
keep one's end up,none
hold one's end up,none
hold up one's end,none
keep track of,none
track,"n. a pair of parallel rails providing a runway for wheels
n. an endless metal belt on which tracked vehicles move over the ground
n. (computer science) one of the circular magnetic paths on a magnetic disk that serve as a guide for writing and reading data
n. a groove on a phonograph recording"
key in,none
knee-jerk reaction,none
lay off,n. the act of laying off an employee or a work force
lead to,none
lead up to,none
look for,none
look up to,none
lose faith in,none
lack of,none
land in,none
lay the roots for,none
lead into,none
lead on,none
lean on,none
let alone,none
lie down,none
lie in,n. a long stay in bed in the morning
lie with,none
line up,n. a line of persons arranged by police for inspection or identification
live by,none
live in,none
live off,none
long for,none
look back,none
look at,none
look on,none
look to,none
look into,none
look upon,none
look forward to,none
look into,none
look out,"n. a person employed to keep watch for some anticipated event
n. an elevated post affording a wide view
n. a structure commanding a wide view of its surroundings
n. the act of looking out"
lose sleep,none
laughing stock,n a victim of ridicule or pranks
less ... and more ...,none
less than,none
life sentence,none
lay over,n a brief stay in the course of a journey
loom large,none
loom,"n. a textile machine for weaving yarn into a textile
v. come into view indistinctly, often threateningly
v. appear very large or occupy a commanding position
v. weave on a loom"
lump together,none
lump,v. put together indiscriminately
learning curve,none
leave sb. in the dust,none
leave sth. in the dust,none
make fun of,none
make up,"n an event that is substituted for a previously cancelled event
n the way in which someone or something is composed
n cosmetics applied to the face to improve or change your appearance"
make no difference,none
make demand of,none
make reflection on,none
reflection,"n. the phenomenon of a propagating wave (light or sound) being thrown back from a surface
n. the image of something as reflected by a mirror (or other reflective material)
n. (mathematics) a transformation in which the direction of one axis is reversed
n. the ability to reflect beams or rays"
make use of,none
manage to,none
marvel at,none
meet the requirements of,none
requirement,n. required activity
move on,none
multiply by,none
multiply,"v. combine by multiplication
v. combine or increase by multiplication
r. in several ways; in a multiple manner"
make an effort,none
make money,none
make progress,none
make sacrifice,none
sacrifice,"n. personnel that are sacrificed (e.g., surrendered or lost in order to gain an objective)
n. a loss entailed by giving up or selling something at less than its value
n. the act of killing (an animal or person) in order to propitiate a deity
n. (baseball) an out that advances the base runners"
market-oriented,none
meet one's need,none
millions of,none
more often than not,none
more than,none
multitudes of,none
multitude,"n. a large gathering of people
n. the common people generally"
move against,none
make a splash,none
cause a splash,none
merit pay,none
merit,n. any admirable quality or attribute
muscle tone,none
no less than,none
no longer,none
nothing more than,none
now that,none
neglect of,none
neglect,"n. the state of something that has been unused and neglected
v. leave undone or leave out
v. fail to attend to
v. give little or no attention to"
neither here nor there,none
neither ... nor,none
never mind,none
night and day,none
no doubt,none
no end,none
none but,none
none other than,none
no other than,none
no sooner ... than,none
not as ... as,none
not so ... as,none
not ... at all,none
not ... but ...,none
not have a leg to stand on,none
nothing but,none
not in the least,none
not so much ... as,none
not to mention,none
no way,adv. Alt. of Noways
nowhere near,none
no wonder,none
nose about,none
nose around,none
narrow escape,none
narrow victory,none
none too,none
oppose to,none
owe to,none
on average,none
on behalf of,none
once for all,none
only if,none
on the average,none
on an average,none
on the basis of,none
on the contrary,none
on the one hand,none
on the other hand,none
on the whole,none
other than,none
out of date,s old; no longer valid or fashionable
owing to,none
occur to,none
open up,none
operate on,none
originate in,none
originate from,none
ought to,none
objection to,none
of a kind,none
of all kinds,none
of a sort,none
of course,none
off and on,s intermittently stopping and starting
off balance,none
off duty,none
off one's guard,none
off the air,none
on account of,none
on a daily basis,none
on a diet,none
on and on,none
on business,none
once again,none
once in a while,none
once more,none
once upon a time,none
on condition that,none
on demand,none
on duty,none
one after another,none
one another,none
on earth,none
one by one,none
one day,none
on end,none
one way or another,none
on file,none
on fire,none
on foot,none
on guard,none
on hand,none
on impulse,none
on leave,none
on line,"a. on a regular route of a railroad or bus or airline system
a. connected to a computer network or accessible by computer
s. being in progress now"
on loan,none
only too,none
on no account,none
on occasion,none
on occasions,none
on one's guard,none
on one's own,none
on order,none
on paper,none
on purpose,none
on record,none
on sale,none
on schedule,none
on that score,none
on the air,none
on the alert,none
on the decline,none
on the go,none
on the hour,none
on the increase,none
on the job,a. relating to or associated with a job or employment
on the move,none
on the net,none
on the occasion of,none
on the point of,none
on the quiet,none
on the rise,none
on the road to,none
on the run,none
on the shelf,none
on the spot,s. at the scene of action
on the table,none
on the verge of,none
on thin ice,none
on time,none
on top,none
open-minded,s. ready to entertain new ideas
or else,none
or so,none
out of condition,none
out of control,none
out of doors,n where the air is unconfined
out of fashion,none
out of hand,none
out of the way,"s. out of the ordinary
s. improper or even offensive"
over the years,none
over time,"n. work done in addition to regular working hours
n. playing time beyond regulation, to break a tie
r. beyond the regular time"
odds and ends,none
off-the-cuff,s with little or no preparation or forethought
off the hook,none
off the record,none
of no account,none
of one's own accord,none
on approval,none
on cue,none
on edge,none
on oath,none
under oath,"n.
1. A band that owns your face. No, your whole body.
> ""I love Underoath because they're way amazing.""
"
on one's conscience,none
on one's honor,none
upon one's honor,none
on one's own initiative,none
on the blink,none
on the brink of,none
on the button,none
on the fence,none
on the grounds of,none
on the grounds that,none
on the horizon,none
on the ropes,none
on the sly,none
on the spur of the moment,none
out of character,none
out of joint,none
over-the-counter,s. (of securities) not traded on a stock exchange
pay attention to,none
persuade into,none
play a role in,none
point out,none
prefer to,none
prevent ... from doing,none
provide for,none
provide ... with,none
put down to,none
put forward,none
parallel to,none
parallel with,none
peculiar to,none
prior to,none
participate in,none
part with,none
pass down,none
pave the way for,none
pay back,n. financial return or reward (especially returns equal to the initial investment)
pay for,none
pick up,"n. a light truck with an open body and low sides and a tailboard
n. a warrant to take someone into custody
n. anything with restorative powers"
piece together,none
place emphasis on,none
play off against,none
play with,none
pop into,none
prepare against,none
prepare for,none
press for,none
press on,none
pull through,n. cleaning implement consisting of an oily rag attached by a cord to a weight; is pulled through the barrel of a rifle or handgun to clean it
push aside,none
push up,n. an arm exercise performed lying face to the floor and pushing the body up and down with the arms
put an end to,none
put on hold,none
put through,none
put up,s. planned secretly
package deal,none
pay rise,none
pay raise,none
persuade sb. to do sth.,none
point of view,none
pose a contrast,none
preferable to,none
public figure,none
put another way,none
put ... on notice,none
put pen to paper,none
pair with,none
pepper ... with,none
pin down,none
plead for,none
plough through,none
point at,none
point to,none
prey on,none
part and parcel,none
pink slip,none
prejudice against,none
put down roots,none
quick-witted,s. mentally nimble and resourceful
refer to,none
regard as,none
renege on,none
resort to,none
rest on,none
result from,none
result in,none
run against,none
rather than,none
regardless of,none
reliance on,none
reluctant to,none
reflect on,none
relate to,none
rely on,none
reply to,none
report back,none
resign from,none
respond to,none
respond,v. respond favorably or as hoped
rest with,none
retreat from,none
return to,none
ride on,none
roll in,none
root in,none
rule out,none
run out,none
rush through,none
rare bird,none
ready for,none
ready-made,"n. a manufactured artifact (as a garment or piece of furniture) that is made in advance and available for purchase
a. made for purchase and immediate use
s. commercially produced; not homemade"
real estate,none
estate,"n. everything you own; all of your assets (whether real property or personal property) and liabilities
n. extensive landed property (especially in the country) retained by the owner for his own use"
reason for,none
research into,none
research on,none
responsible for,none
responsible to,none
run wild,none
rake in,none
rake,"n. a dissolute man in fashionable society
n. a long-handled tool with a row of teeth at its head; used to move leaves or loosen soil
v. move through with or as if with a rake
v. level or smooth with a rake"
revolve around,none
revolve,v. turn on or around an axis or a center
run counter to,none
counter,"n. table consisting of a horizontal surface over which business is transacted
n. game equipment (as a piece of wood, plastic, or ivory) used for keeping a count or reserving a space in various card or board games
n. a calculator that keeps a record of the number of times something happens
n. a person who counts things"
rallying cry,none
rally,"n. a large gathering of people intended to arouse enthusiasm
n. the feat of mustering strength for a renewed effort
n. a marked recovery of strength or spirits during an illness
n. an automobile race run over public roads"
rumor has it,none
scrape through,none
search for,none
seek to,none
show sympathy for,none
show up,none
shut down,n termination of operations
shut out,n. a defeat in a game where one side fails to score
sign on,none
slow down,n. the act of slowing down or falling behind
split up,none
stay away from,none
step out of,none
stick to,none
stress the importance of,none
stumble on,none
subscribe to,none
suffer from,none
sum up,n a brief statement that presents the main points in a concise form
seem to,none
similar to,none
so far,none
so long as,none
as long as,none
so that,none
such as,none
scale back,none
scale down,none
see ... as,none
seek out,none
seize on,none
seize upon,none
send on,none
separate from,none
separate,"n. a garment that can be purchased separately and worn in combinations with other garments
v. act as a barrier between; stand between
v. force, take, or pull apart
v. divide into components or constituents"
set off,"n. That which is set off against another thing; an offset.
n. That which is used to improve the appearance of anything;
   a decoration; an ornament.
n. A counterclaim; a cross debt or demand; a distinct claim
   filed or set up by the defendant against the plaintiff's demand.
n. Same as Offset, n., 4.
n. See Offset, 7."
set out,"n. A display, as of plate, equipage, etc.; that which is
   displayed."
shut up,none
side with,none
sign up,none
sit back,none
sit by,none
sit in on,none
sit on,none
sit out,none
sit through,none
sit up,n. a stomach exercise in which a person sits up from a supine position without using the arms for leverage
size up,none
sleep off,none
sleep through,none
slip in,none
slip through,none
slip up,n a minor inadvertent mistake usually observed in speech or writing or in small accidents or memory lapses etc.
smell of,none
sort out,none
space out,none
speak for,none
speak of,none
speak out,none
speak up,none
speed up,n the act of accelerating; increasing the speed
spell out,none
spend on,none
spread out,s especially spread in a fan shape
spread over,none
spring up,none
stand by,"n. One who, or that which, stands by one in need; something
   upon which one relies for constant use or in an emergency."
stand down,"n a suspension and relaxation from an alert state or a state of readiness
n (military) a temporary stop of offensive military action"
stand for,none
stand in,n. someone who takes the place of another (as when things get dangerous or difficult)
stand off,"n the finish of a contest in which the score is tied and the winner is undecided
n the act of repulsing or repelling an attack; a successful defensive stand"
stand out,none
stand up for,none
stand up to,none
start off,none
start out,none
start up,"n. One who comes suddenly into notice; an upstart.
n. A kind of high rustic shoe.
a. Upstart."
start with,none
stay on,none
stay out,none
stay out of,none
stay put,none
stay up,none
stay with,none
stem from,none
stem,"n. the tube of a tobacco pipe
v. grow out of, have roots in, originate in
v. cause to point inward
v. stop the flow of a liquid"
step aside,none
step down,n the act of decreasing or reducing something
step in,n short underpants for women or children (usually used in the plural)
step out,none
step up,n the act of increasing something
stick around,none
stick,"n. an implement consisting of a length of wood
n. a small thin branch of a tree
n. a lever used by a pilot to control the ailerons and elevators of an airplane
n. a rectangular quarter pound block of butter or margarine"
stick at,none
stick by,none
stick out for,none
stick together,none
stick up for,none
stick with,none
stir up,none
stir,"n. a prominent or sensational but short-lived news event
n. emotional agitation and excitement
v. move an implement through
v. move very slightly"
stock up,none
stop by,none
stop off,none
stop over,n. a stopping place on a journey
stop short,none
store away,none
straight away,n. a straight segment of a roadway or racecourse
straight off,none
straight,"n. a poker hand with 5 consecutive cards (regardless of suit)
s. successive (without a break)
a. having no deviations
a. (of hair) having no waves or curls"
straight up,none
strive for,none
strive,v. to exert much effort or energy
strive to,none
subject ... to ...,none
submit to,none
submit,"v. refer for judgment or consideration
v. put before
v. yield to the control of another
v. yield to another's wish or opinion"
succeed in,none
suffer from,none
suffer with,none
supply with,none
supply to,none
sweep into,none
switch off,none
switch on,none
switch to,none
safe and sound,none
second-rate,s moderate to inferior in quality
short of,none
side effect,none
so as to,none
so-called,s doubtful or suspect
so long,none
something of,none
sooner or later,none
sort of,none
so so,"s being neither good nor bad
r in an acceptable (but not outstanding) manner"
so to speak,none
spare no effort,none
stand-point,n a mental position from which things are viewed
state-owned,none
step by step,s one thing at a time
stock option,none
success in,none
suitable for,none
superior to,none
superior,"n. one of greater rank or station or quality
n. the head of a religious community
n. a town in northwest Wisconsin on Lake Superior across from Duluth
a. of high or superior quality or performance"
shell out,none
shrug off,none
shrug,"n. a gesture involving the shoulders
v. raise one's shoulders to indicate indifference or resignation"
sketch out,none
sketch,"n. preliminary drawing for later elaboration
n. a brief literary description
n. short descriptive summary (of events)
v. make a sketch of"
slacken off,none
slacken,"v. become looser or slack
v. make slack as by lessening tension or firmness"
snap out of,none
snap,"n. a spell of cold weather
n. the noise produced by the rapid movement of a finger from the tip to the base of the thumb on the same hand
n. a sudden breaking
n. a fastener used on clothing; fastens with a snapping sound"
snap up,none
sniff out,none
sniff,"n. sensing an odor by inhaling through the nose
v. perceive by inhaling through the nose
v. inhale audibly through the nose"
soak up,none
soak,"n. the process of becoming softened and saturated as a consequence of being immersed in water (or other liquid)
n. washing something by allowing it to soak
v. submerge in a liquid
v. beat severely"
sound ... out,none
spin out,none
spin,"n. a swift whirling motion (usually of a missile)
n. the act of rotating rapidly
n. a short drive in a car
n. a distinctive interpretation (especially as used by politicians to sway public opinion)"
spit out,none
spit,"n. a narrow strip of land that juts out into the sea
n. a skewer for holding meat over a fire
n. the act of spitting (forcefully expelling saliva)
v. expel or eject (saliva or phlegm or sputum) from the mouth"
sponge off,none
sponge,"n. a porous mass of interlacing fibers that forms the internal skeleton of various marine animals and usable to absorb water or any porous rubber or cellulose product similarly used
n. primitive multicellular marine animal whose porous body is supported by a fibrous skeletal framework; usually occurs in sessile colonies
v. wipe with a sponge, so as to clean or moisten
v. erase with a sponge; as of words on a blackboard"
square off,none
square up,none
stake out,n. surveillance of some place or some person by the police (as in anticipation of a crime)
stake,"n. instrument of execution consisting of a vertical post that a victim is tied to for burning
n. the money risked on a gamble
n. a strong wooden or metal post with a point at one end so it can be driven into the ground
v. mark with a stake"
stamp on,none
stamp out,none
stay afloat,none
steam up,none
steer clear of,none
steer,"v. direct the course; determine the direction of travelling
v. direct (oneself) somewhere"
strike off,none
strike,"n. a group's refusal to work in protest against low pay or bad work conditions
n. an attack that is intended to seize or inflict damage on or destroy an objective
n. a score in tenpins: knocking down all ten with the first ball
n. (baseball) a pitch that the batter swings at and misses, or that the batter hits into foul territory, or that the batter does not swing at but the umpire judges to be in the area over home plate and between the batter's knees and shoulders"
strike out,n. an out resulting from the batter getting three strikes
strike sb. as,none
strike up,none
strip off,none
strip,"n. a relatively long narrow piece of something
n. artifact consisting of a narrow flat piece of material
n. thin piece of wood or metal
n. a form of erotic entertainment in which a dancer gradually undresses to music"
strip sb. of,none
stumble across,none
stumble,"v. walk unsteadily
v. miss a step and fall or nearly fall
v. encounter by chance
v. make an error"
substitute for sth.,none
substitute for sb.,none
substitute,"n. a person or thing that takes or can take the place of another
n. an athlete who plays only when a starter on the team is replaced
v. put in the place of another; switch seemingly equivalent items
v. be a substitute"
suck up to,none
suck,"v. draw into the mouth by creating a practical vacuum in the mouth
v. draw something in by or as if by a vacuum
v. attract by using an inexorable force, inducement, etc.
v. be inadequate or objectionable"
swarm into,none
swarm,n. a group of many things in the air or on the ground
self-contradictory,"s seemingly contradictory but nonetheless possibly true
s in disagreement"
silver lining,none
slot machine,none
slot,"n. a position in a grammatical linguistic construction in which a variety of alternative units are interchangeable
n. a small slit (as for inserting a coin or depositing mail)
n. a position in a hierarchy or organization
n. the trail of an animal (especially a deer)"
stab sb. in the back,none
stab,"n. a strong blow with a knife or other sharp pointed instrument
v. stab or pierce"
stand a chance of,none
state of affairs,none
stay out of the way,none
strike gold,none
suffice it that,none
suffice it to say that,none
suffice,"v. be sufficient; be adequate, either in quality or quantity"
take advantage of,none
take in,n. the act of taking in as by fooling or cheating or swindling someone
take pride in,none
tend to,none
thirst for,none
trade with,none
trifle with,none
turn out,"n. The act of coming forth; a leaving of houses, shops,
   etc.; esp., a quitting of employment for the purpose of forcing
   increase of wages; a strike; -- opposed to lockout.
n. A short side track on a railroad, which may be occupied
   by one train while another is passing on a main track; a shunt; a
   siding; a switch.
n. That which is prominently brought forward or exhibited;
   hence, an equipage; as, a man with a showy carriage and horses is said
   to have a fine turn-out.
n. The aggregate number of persons who have come out, as
   from their houses, for a special purpose.
n. Net quantity of produce yielded."
take efforts,none
take measures,none
take one's stand,none
take place,none
take the lead,none
take ... to extremes,none
take account of,none
take a delight in,none
take a fancy to,none
take after,none
take against,none
take a hand in,none
have a hand in,none
take apart,none
take ... as,none
take away,s of or involving food to be taken and eaten off the premises
take back,none
take care of,none
take down,n. (amateur wrestling) being brought to the mat from a standing position
take exception to,none
exception,"n. a deliberate act of omission
n. an instance that does not conform to a rule or generalization; the only exception was her last child""
n. grounds for adverse criticism"
take for,none
take hold,none
take note,none
take note of,none
take off,"n. a departure; especially of airplanes
n. the initial ascent of an airplane as it becomes airborne"
take on,none
take over,n. a change by sale or merger in the controlling interest of a corporation
take part in,none
take the place of,none
take to,none
take up,"n. any of various devices for reducing slack (as in a sewing machine) or taking up motion (as in a loom)
n. the action of taking up as by tightening or absorption or reeling in"
talk back,none
talk down to,none
talk into,none
talk out of,none
talk over,none
tangle with,none
tangle,"n. a twisted and tangled mass that is highly interwoven
n. something jumbled or confused"
team up,none
tear apart,none
tear at,none
tear ... away,n. a reckless and impetuous person
tear ... away from,none
tear down,none
tear into,none
tear up,none
tell apart,none
tell from,none
tell off,none
think about,none
think back,none
think back to,none
think better of,none
think highly of,none
think of,none
think of ... as ...,none
think out,none
think over,none
think through,none
think up,none
throw away,"n. words spoken in a casual way with conscious under-emphasis
s. intended to be thrown away after use"
throw in,n. (rugby) an act or instance of throwing a ball in to put it into play
throw off,n. A start in a hunt or a race.
throw oneself into,none
throw out,none
throw up,none
tide over,none
tidy away,none
tie down,none
tie in with,none
tie up,"n a social or business relationship
n an interruption of normal activity"
tire out,none
top up,n. an amount needed to restore something to its former level
toss out,none
toss,"n. an abrupt movement
v. agitate"
touch down,"n. a score in American football; being in possession of the ball across the opponents' goal line
n. a landing (as the wheels touch the landing field); especially of airplanes"
touch off,none
touch on,none
touch upon,none
touch up,none
trace to,none
track down,none
trade in,n. an item of property that is given in part payment for a new one
trade off,n an exchange that occurs as a compromise
trade on,none
trade upon,none
transform into,none
treat of,none
triumph over,none
triumph,n. the exultation of victory
try on,n putting clothes on to see whether they fit
try out,"n trying something to find out about it
n a test of the suitability of a performer"
try to,none
turn away,none
turn back,none
turn down,n the act of refusing an offer
turn in,none
turn into,none
turn off,"n. something causing antagonism or loss of interest
n. a side road where you can turn off"
turn on,n. something causing excitement or stimulating interest
turn one's back on,none
turn over,n. a dish made by folding a piece of pastry over a filling
turn round,n act or process of unloading and loading and servicing a vessel or aircraft for a return trip
turn to,none
turn up,n the lap consisting of a turned-back hem encircling the end of the sleeve or leg
take a chance,none
take action,none
take a loss,none
take ... by surprise,none
take care,none
take cover,none
take effect,none
take ... for granted,none
take heart,none
take ... into account,none
take ... into consideration,none
take one's time,none
take pains,none
take root,none
take shape,none
take steps,none
take ... to heart,none
take turns,none
talk nonsense,none
nonsense,"n. a message that seems to convey no meaning
s. having no intelligible meaning"
talk sense,none
tell a white lie,none
tell the truth,none
thanks to,none
that is,none
that is to say,none
the advent of,none
advent,"n. arrival that has been awaited (especially of something momentous)
n. the season including the four Sundays preceding Christmas"
the bulk of,none
the hell,none
the moment,none
the moment that,none
the more ... the more,none
then and there,none
the same as,none
the small hours,none
think-tank,none
thousands of,none
time after time,none
time and again,none
time and time again,none
time out,n. a brief suspension of play
to a certain extent,none
to a day,none
to the day,none
to all appearances,none
to be fair,none
to begin with,none
to be sure,none
to date,none
to death,none
to excess,none
excess,"n. a quantity much larger than is needed
n. immoderation as a consequence of going beyond sufficient or permitted limits
s. more than is needed, desired, or required"
to ... extent,none
together with,none
to hell with,none
to my mind,none
to one's knowledge,none
too ... to,none
to perfection,none
to say nothing of,none
to say the least,none
to sb.'s credit,none
to some degree,none
to some extent,none
to the contrary,none
to the core,none
to the effect that,none
to the extent of,none
to the letter,none
to the limit of,none
to the point,none
to the point of,none
train of thought,none
turn a blind eye to,none
turn a deaf ear,none
turn a deaf ear to,none
turn the corner,none
turn the tables,none
tag along,n. someone who persistently (and annoyingly) follows along
tag,"n. a label written or printed on paper, cardboard, or plastic that is attached to something to indicate its owner, nature, price, etc.
n. a label associated with something for the purpose of identification
n. a game in which one child chases the others; the one who is caught becomes the next chaser
n. (sports) the act of touching a player in a game (which changes their status in the game)"
tail off,none
take aback,none
take stock of,none
thrash out,none
thrash,"n. a swimming kick used while treading water
v. give a thrashing to; beat hard
v. beat so fast that (the heart's) output starts dropping until (it) does not manage to pump out blood at all
v. move data into and out of core rather than performing useful computation"
thumb through,none
thumb,"n. the thick short innermost digit of the forelimb
n. the part of a glove that provides a covering for the thumb"
tick away,none
tick by,none
tip sb. off,"n. inside information that something is going to happen
n. the act of starting a basketball game with a jump ball"
tone down,none
trail along,none
trail away,none
trail off,none
trip up,none
tuck away,none
tuck,"n. eatables (especially sweets)
n. (sports) a bodily position adopted in some sports (such as diving or skiing) in which the knees are bent and the thighs are drawn close to the chest
n. a narrow flattened pleat or fold that is stitched in place
v. fit snugly into"
tuck in,none
tuck up,none
tumble to,none
tumble,"n. an acrobatic feat of rolling or turning end over end
v. fall down, as if collapsing
v. roll over and over, back and forth
v. throw together in a confused mass"
tune in,none
tune in to,none
take in one's stride,none
stride,"n. significant progress (especially in the phrase ""make strides"")
v. walk with long steps
v. cover or traverse by taking long steps"
take into one's confidence,none
take its toll,none
take one's cue from,none
take one's leave of,none
take sb.'s breath away,none
take sb. to task,none
take someone by the throat,none
have someone by the throat,none
take the initiative,none
initiative,"n readiness to embark on bold new ventures
n the first of a series of actions
s serving to set in motion"
take the plunge,none
take the plunge of,none
plunge,"n. a steep and rapid fall
v. dash violently or with great speed or impetuosity
v. begin with vigor
v. cause to be immersed"
take ... with a grain of salt,none
take ... with a pinch of salt,none
talk through one's hat,none
the other way around,none
the other way round,none
the other way up,none
the rank and file,none
through and through,none
through thick and thin,none
throw one's weight about,none
throw one's weight around,none
to be on the safe side,none
to one's heart's content,none
to the fore,none
to the tune of,none
turn over a new leaf,none
up in arms,none
used to,none
use up,none
under ... circumstances,none
under ... conditions,none
under control,none
under cover,s conducted with or marked by hidden aims or methods
under fire,none
under pressure,none
under the weather,none
under way,s currently in progress
up against,none
up in the air,none
up to,none
up to date,"s. reflecting the latest information or changes
s. in accord with the most fashionable ideas or style"
up to the minute,s. up to the immediate present; most recent or most up-to-date
upward of,none
usher in,none
usher,"n. an official stationed at the entrance of a courtroom or legislative chamber
n. someone employed to conduct others
v. take (someone) to their seats, as in theaters or auditoriums"
under one's breath,none
up to scratch,none
scratch,"n. a competitor who has withdrawn from competition
n. (golf) a handicap of zero strokes
n. an indication of damage
v. cut the surface of; wear away the surface of"
view ... as,none
vote against,none
vote in,none
wake up,none
ward off,none
wipe out,n. a spill in some sport (as a fall from a bicycle or while skiing or being capsized on a surfboard)
with regard to,none
would rather,none
wait for,none
wait on,none
wake up to,none
walk away with,none
walk off with,none
walk on,n. plays a small part in a dramatic production
walk out,"n. a strike in which the workers walk out
n. the act of walking out (of a meeting or organization) as a sign of protest"
walk up,"n. an apartment building without an elevator
s. a building with no elevator"
wall in,none
warm to,none
warm up,n. exercising in preparation for strenuous activity
warn of,none
wash out,"n. the channel or break produced by erosion of relatively soft soil by water
n. the erosive process of washing away soil or gravel by water (as from a roadway)"
wash up,"n. the act of washing yourself (or another person)
n. the act of washing dishes"
waste away,none
watch out,none
watch out for,none
wave aside,none
wear away,none
wear off,none
wear out,none
win out,none
win through,none
win over,none
wish for,none
work against,none
work at,none
work on,none
work off,none
work out,n the activity of exerting your muscles in various ways to keep fit
work through,none
work up,none
work with,none
wrap up,none
write down,n (accounting) reduction in the book value of an asset
write off,"n. (accounting) reduction in the book value of an asset
n. the act of cancelling from an account a bad debt or a worthless asset"
well-balanced,s. in an optimal state of balance or equilibrium
well-known,s. widely or fully known
well-meaning,s. not unfriendly or threatening
what is more,none
what is worse,none
whether ... or ...,none
whether or not,none
with a view to,none
within reason,none
with no air of,none
with an air of,none
without fail,none
without question,none
with reference to,none
with respect to,none
word for word,none
would sooner,none
wade through,none
wade,"n. English tennis player who won many women's singles titles (born in 1945)
v. walk (through relatively shallow water)"
wash one's hands of,none
whip up,none
whip,"n. an instrument with a handle and a flexible lash that is used for whipping
n. a legislator appointed by the party to enforce discipline
n. a dessert made of sugar and stiffly beaten egg whites or cream and usually flavored with fruit
n. (golf) the flexibility of the shaft of a golf club"
wind up,s. operated by a mechanism
wink at,none
when it comes to,none
with one accord,none
year after year,none
year by year,none
you bet,none
