absorb,"v. become imbued
v. take up mentally
v. take up, as of debts or payments
v. take in, also metaphorically"
account,"n. a formal contractual relationship established to provide for regular banking or brokerage or business services
n. importance or value
n. a statement of recent transactions and the resulting balance
n. the quality of taking advantage"
about,"s. on the move
r. all around or on all sides
r. in the area or vicinity
r. used of movement to or among many different places or in no particular direction"
across-the-board,s. broad in scope or content
address,"n. (computer science) the code that identifies where a piece of information is stored
n. the place where a person or organization can be found or communicated with
n. the act of delivering a formal spoken communication to an audience
n. the manner of speaking to another individual"
advance,"n. an amount paid before it is earned
n. increase in price or value
v. move forward, also in the metaphorical sense
v. bring forward for consideration or acceptance"
afloat,"a. borne on the water; floating
s. covered with water"
aftermath,n. the consequences of an event (especially a catastrophic event)
age,"n. how long something has existed
n. a time of life (usually defined in years) at which some particular qualification or power arises
v. begin to seem older; get older
v. make older"
alien,"v. transfer property or ownership
s. not contained in or deriving from the essential nature of something
s. being or from or characteristic of another place or part of the world"
anxious,"s. eagerly desirous
s. causing or fraught with or showing anxiety"
appeal,"n. attractiveness that interests or pleases or stimulates
n. (law) a legal proceeding in which the appellant resorts to a higher court for the purpose of obtaining a review of a lower court decision and a reversal of the lower court's judgment or the granting of a new trial
v. take a court case to a higher court for review
v. request earnestly (something from somebody); ask for aid or protection"
applaud,"v. clap one's hands or shout after performances to indicate approval
v. express approval of"
approach,"n. ideas or actions intended to deal with a problem or situation
n. the act of drawing spatially closer to something
n. the event of one object coming closer to another
n. the temporal property of becoming nearer in time"
assistant,n. a person who contributes to the fulfillment of a need or furtherance of an effort or purpose
average,"n. a statistic describing the location of a distribution
n. (sports) the ratio of successful performances to opportunities
n. an intermediate scale value regarded as normal or usual
v. amount to or come to an average, without loss or gain"
backdrop,n. scenery hung at back of stage
backfire,"n. a loud noise made by the explosion of fuel in the manifold or exhaust of an internal combustion engine
n. a fire that is set intentionally in order to slow an approaching forest fire or grassfire by clearing a burned area in its path
n. a miscalculation that recoils on its maker
v. come back to the originator of an action with an undesired effect"
benefit,"n. financial assistance in time of need
n. something that aids or promotes well-being
n. a performance to raise money for a charitable cause
v. be beneficial for"
bid,"n. an attempt to get something
n. a formal proposal to buy at a specified price
n. (bridge) the number of tricks a bridge player is willing to contract to make
v. ask for or request earnestly"
bite-sized,none
block,"n. a solid piece of something (usually having flat rectangular sides)
n. a rectangular area in a city surrounded by streets and usually containing several buildings
n. a three-dimensional shape with six square or rectangular sides
n. a number or quantity of related things dealt with as a unit"
blow,"n. a powerful stroke with the fist or a weapon
n. an impact (as from a collision)
n. forceful exhalation through the nose or mouth
v. exhale hard"
board,"n. a committee having supervisory powers
n. a stout length of sawn timber; made in a wide variety of sizes and used for many purposes
n. a flat piece of material designed for a special purpose
n. food or meals in general"
bottle,"n. a glass or plastic vessel used for storing drinks or other liquids; typically cylindrical without handles and with a narrow neck that can be plugged or capped
n. the quantity contained in a bottle
n. a vessel fitted with a flexible teat and filled with milk or formula; used as a substitute for breast feeding infants and very young children
v. store (liquids or gases) in bottles"
brand,"n. a recognizable kind
n. identification mark on skin, made by burning
n. a piece of wood that has been burned or is burning
v. burn with a branding iron to indicate ownership; of animals"
brief,"n. a document stating the facts and points of law of a client's case
n. a condensed written summary or abstract
v. give essential information to someone
s. of short duration or distance"
brim,"n. the top edge of a vessel or other container
n. a circular projection that sticks outward from the crown of a hat
v. be completely full
v. fill as much as possible"
buck,"n. United States author whose novels drew on her experiences as a missionary in China (1892-1973)
n. mature male of various mammals (especially deer or antelope)
v. to strive with determination
v. resist"
buy,"v. obtain by purchase; acquire by means of a financial transaction
v. be worth or be capable of buying
v. acquire by trade or sacrifice or exchange
v. accept as true"
byproduct,"n a secondary and sometimes unexpected consequence
n a product made during the manufacture of something else"
call,"n. a telephone connection
n. a special disposition (as if from a divine source) to pursue a particular course
n. a demand especially in the phrase ""the call of duty""
n. a brief social visit"
cap,"n. a tight-fitting headdress
n. a top (as for a bottle)
n. something serving as a cover or protection
n. a fruiting structure resembling an umbrella or a cone that forms the top of a stalked fleshy fungus such as a mushroom"
capital,"n. assets available for use in the production of further assets
n. wealth in the form of money or property owned by a person or business and human resources of economic value
n. a seat of government
n. one of the large alphabetic characters used as the first letter in writing or printing proper names and sometimes for emphasis; capitals were kept in the upper half of the type case and so became known as upper-case letters"""
capture,"n. the act of forcibly dispossessing an owner of property
n. a process whereby a star or planet holds an object in its gravitational field
n. any process in which an atomic or nuclear system acquires an additional particle
n. the act of taking of a person by force"
caregiver,n. a person who is responsible for attending to the needs of a child or dependent adult
chain,"n. a series of things depending on each other as if linked together
n. (chemistry) a series of linked atoms (generally in an organic molecule)
n. a series of (usually metal) rings or links fitted into one another to make a flexible ligament
n. (business) a number of similar establishments (stores or restaurants or banks or hotels or theaters) under one ownership"
challenge,"n. a demanding or stimulating situation
n. a call to engage in a contest or fight
n. questioning a statement and demanding an explanation
n. a formal objection to the selection of a particular person as a juror"
champion,"n. someone who has won first place in a competition
n. someone who fights for a cause
v. protect or fight for as a champion
s. holding first place in a contest"
charged,"a. of a particle or body or system; having a net amount of positive or negative electric charge
s. fraught with great emotion
s. capable of producing violent emotion or arousing controversy"
climate,"n. the weather in some location averaged over some long period of time
n. the prevailing psychological state"
clinically,r. in a clinical manner
compound,"n. a whole formed by a union of two or more elements or parts
n. (chemistry) a substance formed by chemical union of two or more elements or ingredients in definite proportion by weight
n. an enclosure of residences and other building (especially in the Orient)
v. put or add together"
contingent,"n. a gathering of persons representative of some larger group
n. a temporary military unit
s. possible but not certain to occur
s. determined by conditions or circumstances that follow"
converge,"v. be adjacent or come together
v. approach a limit as the number of terms increases without limit
v. move or draw together at a certain location
v. come together so as to form a single product"
correspondent,"n. someone who communicates by means of letters
n. a journalist employed to provide news stories for newspapers or broadcast media"
counter-intuitive,s. contrary to what common sense would suggest
course,"n. education imparted in a series of lessons or meetings
n. a connected series of events or actions or developments
n. general line of orientation
n. a mode of action"
cover,"n. the act of concealing the existence of something by obstructing the view of it
n. fire that makes it difficult for the enemy to fire on your own individuals or formations
n. a recording of a song that was first recorded or made popular by somebody else
n. a false identity and background (especially one created for an undercover agent)"
craft,"n. a vehicle designed for navigation in or on water or air or through outer space
n. people who perform a particular kind of skilled work
n. skill in an occupation or trade
n. shrewdness as demonstrated by being skilled in deception"
credit,"n. money available for a client to borrow
n. an accounting entry acknowledging income or capital items
n. used in the phrase `to your credit' in order to indicate an achievement deserving praise; 
n. arrangement for deferred payment for goods and services"
crunch,"n. the sound of something crunching
n. a critical situation that arises because of a shortage (as a shortage of time or money or resources)
v. make a crushing noise
v. press or grind with a crushing noise"
cue,"n. an actor's line that immediately precedes and serves as a reminder for some action or speech
n. sports implement consisting of a tapering rod used to strike a cue ball in pool or billiards"
divide,"n. a serious disagreement between two groups of people (typically producing tension or hostility)
v. separate into parts or portions
v. perform a division"
domestic,"n. a servant who is paid to perform menial tasks around the household
a. of concern to or concerning the internal affairs of a nation
a. of or relating to the home
a. of or involving the home or family"
deal,"n. a particular instance of buying or selling
n. a plank of softwood (fir or pine board)
n. the type of treatment received (especially as the result of an agreement)
n. the act of distributing playing cards"
deep-seated,s (used especially of ideas or principles) deeply rooted; firmly fixed or held
depression,"n. a mental state characterized by a pessimistic sense of inadequacy and a despondent lack of activity
n. a long-term economic state characterized by unemployment and low prices and low levels of trade and investment
n. sad feelings of gloom and inadequacy
n. a period during the 1930s when there was a worldwide economic depression and mass unemployment"
dictate,"n. an authoritative rule
n. a guiding principle
v. say out loud for the purpose of recording
v. rule as a dictator"
director,"n. someone who controls resources and expenditures
n. member of a board of directors
n. someone who supervises the actors and directs the action in the production of a show"
doctor,"n. a licensed medical practitioner
n. children take the roles of physician or patient or nurse and pretend they are at the physician's office
n. a person who holds Ph.D. degree (or the equivalent) from an academic institution
v. give medical treatment to"
dot,"n. the shorter of the two telegraphic signals used in Morse code
v. scatter or intersperse like dots or studs
v. make a dot or dots
v. mark with a dot"
double,"n. a base hit on which the batter stops safely at second base
n. a stand-in for movie stars to perform dangerous stunts
n. someone who closely resembles a famous person (especially an actor)
n. a quantity that is twice as great as another"
downtime,n. a period of time when something (as a machine or factory) is not operating (especially as a result of malfunctions)
drag,"n. the phenomenon of resistance to motion through a fluid
n. something that slows or delays progress
n. something tedious and boring
n. clothing that is conventionally worn by the opposite sex (especially women's clothing when worn by a man)"
draw,"n. a gully that is shallower than a ravine
n. the finish of a contest in which the score is tied and the winner is undecided
n. anything (straws or pebbles etc.) taken or chosen at random
n. a playing card or cards dealt or taken from the pack"
drive,"n. the act of applying force to propel something
n. a mechanism by which force or power is transmitted in a machine
n. the trait of being highly motivated
n. hitting a golf ball off of a tee with a driver"
employ,"n the state of being employed or having a job
v put into service; make work or employ for a particular purpose or for its inherent or natural purpose
v engage or hire for work"
end,"n. either extremity of something that has length
n. the point in time at which something ends
n. the concluding parts of an event or occurrence
n. a final part or section"
equation,"n. a mathematical statement that two expressions are equal
n. the act of regarding as equal"
equip,"v. provide with (something) usually for a specific purpose
v. provide with abilities or understanding"
exposure,"n. vulnerability to the elements; to the action of heat or cold or wind or rain; 
n. the act of subjecting someone to an influencing experience
n. the disclosure of something secret
n. aspect resulting from the direction a building or window faces"
expression,"n. the feelings expressed on a person's face
n. expression without words
n. the communication (in speech or writing) of your beliefs or opinions
n. (genetics) the process of expressing a gene"
fabric,n. artifact made by weaving or felting or knitting or crocheting natural or synthetic fibers
fairly,"r. without favoring one party, in a fair evenhanded manner
r. in conformity with the rules or laws and without fraud or cheating"
fancy,"n. a kind of imagination that was held by Coleridge to be more casual and superficial than true imagination
v. have a fancy or particular liking or desire for
a. not plain; decorative or ornamented"
farm,"n. workplace consisting of farm buildings and cultivated land as a unit
v. be a farmer; work as a farmer
v. collect fees or profits"
field,"n. a piece of land cleared of trees and usually enclosed
n. somewhere (away from a studio or office or library or laboratory) where practical work is done or data is collected
n. the space around a radiating body within which its electromagnetic oscillations can exert force on another similar body not in contact with it
n. a particular kind of commercial enterprise"
figure,"n. a diagram or picture illustrating textual material
n. a model of a bodily form (especially of a person)
n. a combination of points and lines and planes that form a visible palpable shape
n. an amount of money expressed numerically"
fill,"n. a quantity sufficient to satisfy
v. make full, also in a metaphorical sense
v. become full
v. assume, as of positions or roles"
fire,"n. the event of something burning (often destructive)
n. the act of firing weapons or artillery at an enemy
n. the process of combustion of inflammable materials producing heat and light and (often) smoke
n. a fireplace in which a relatively small fire is burning"
firm,"n. the members of a business organization that owns or operates one or more establishments
s. marked by firm determination or resolution; not shakable
s. not soft or yielding to pressure
s. strong and sure"
flow,"n. the motion characteristic of fluids (liquids or gases)
n. the amount of fluid that flows in a given time
n. the act of flowing or streaming; continuous progression
n. any uninterrupted stream or discharge"
follow,"v. to travel behind, go after, come after
v. come as a logical consequence; follow logically
v. travel along a certain course
v. come after in time, as a result"
forward-thinking,none
foxhole,n. a small dugout with a pit for individual shelter against enemy fire
fuel,"n. a substance that can be consumed to produce energy
v. provide with a combustible substance that provides energy
v. provide with fuel
v. take in fuel, as of a ship"
go,"n. a time for working (after which you will be relieved by someone else)
n. a board game for two players who place counters on a grid; the object is to surround and so capture the opponent's counters
v. follow a procedure or take a course
v. move away from a place into another direction"
ground,"n. a position to be won or defended in battle (or as if in battle)
n. a relatively homogeneous percept extending back of the figure on which attention is focused
n. a connection between an electrical device and a large conducting body, such as the earth (which is taken to be at zero voltage)
n. (art) the surface (as a wall or canvas) prepared to take the paint for a painting"
gear,"n. a toothed wheel that engages another toothed mechanism in order to change the speed or direction of transmitted motion
n. a mechanism for transmitting motion for some specific purpose (as the steering gear of a vehicle)
n. equipment consisting of miscellaneous articles needed for a particular operation or sport etc.
v. set the level or character of"
generation,"n. group of genetically related organisms constituting a single step in the line of descent
n. the normal time between successive generations
n. a stage of technological development or innovation
n. the production of heat or electricity"
gift,n. something acquired without compensation
given,"n. an assumption that is taken for granted
s. acknowledged as a supposition"
grasp,v. hold firmly
greet,"v. express greetings upon meeting someone
v. send greetings to
v. react to in a certain way
v. be perceived by"
hold,"n. power by which something or someone is affected or dominated
n. a stronghold
n. a cell in a jail or prison
v. have or hold in one's hands or grip"
halve,v. divide by two; divide into halves
harbor,"n. a place of refuge and comfort and security
v. maintain (a theory, thoughts, or feelings)
v. secretly shelter (as of fugitives or criminals)"
hard-wired,none
headlong,"r. with the head foremost
r. at breakneck speed
r. in a hasty and foolhardy manner"
hearing,"n. (law) a proceeding (usually by a court) where evidence is taken for the purpose of determining an issue of fact and reaching a decision based on that evidence
n. an opportunity to state your case and be heard
n. a session (of a committee or grand jury) in which witnesses are called and testimony is taken
n. the ability to hear; the auditory faculty"
immediate,"s. of the present time and place
a. having no intervening medium
s. immediately before or after as in a chain of cause and effect
s. performed with little or no delay"
institute,"n. an association organized to promote art or science or education
v. advance or set forth in court"
institution,"n. an organization founded and united for a specific purpose
n. an establishment consisting of a building or complex of buildings where an organization for the promotion of some cause is situated
n. a custom that for a long time has been an important feature of some group or society"
intensity,"n. the amount of energy transmitted (as by acoustic or electromagnetic radiation)
n. high level or degree; the property of being intense"
introduce,"v. cause to come to know personally
v. bring something new to an environment
v. bring in or establish in a new place or environment
v. bring before the public for the first time, as of an actor, song, etc."
jackpot,n. any outstanding award
jump,"n. a sudden and decisive increase
n. (film) an abrupt transition from one scene to another
n. descent with a parachute
n. the act of jumping; propelling yourself off the ground"
just,"a. used especially of what is legally or ethically right or proper or fitting
r. only a moment ago
r. absolutely
r. exactly at this moment or the moment described;"
knot,"n. a tight cluster of people or things
n. any of various fastenings formed by looping and tying a rope (or cord) upon itself or to another rope or to another object
n. a hard cross-grained round piece of wood in a board where a branch emerged
n. something twisted and tight and swollen"
lean,"v. to incline or bend from a vertical position
v. cause to lean or incline
v. rely on for support
a. lacking in mineral content or combustible material"
lend,"v. bestow a quality on
v. give temporarily; let have for a limited time
v. have certain characteristics of qualities for something; be open or vulnerable to"
life-hack,none
light,"n. (physics) electromagnetic radiation that can produce a visual sensation
n. any device serving as a source of illumination
n. a particular perspective or aspect of a situation
n. an illuminated area"
line,"n. a formation of people or things one beside another
n. a mark that is long relative to its width
n. a formation of people or things one behind another
n. a length (straight or curved) without breadth or thickness; the trace of a moving point"
list,"n. a database containing an ordered array of items (names or topics)
v. give or make a list of; name individually; give the names of
v. include in a list
v. cause to lean to the side"
lot,"n. a parcel of land having fixed boundaries
n. (Old Testament) nephew of Abraham; God destroyed Sodom and Gomorrah but chose to spare Lot and his family who were told to flee without looking back at the destruction
v. divide into lots, as of land, for example"
move,"n. the act of deciding to do something
n. the act of changing your residence or place of business
n. (game) a player's turn to take some action permitted by the rules of the game
v. cause to move or shift into a new position or place, both in a concrete and in an abstract sense"
makeup,"n. cosmetics applied to the face to improve or change your appearance
n. an event that is substituted for a previously cancelled event"
mass,"n. the property of a body that causes it to have weight in a gravitational field
n. an ill-structured collection of similar things (objects or people)
n. (Roman Catholic Church and Protestant Churches) the celebration of the Eucharist
n. a body of matter without definite shape"
matter,"n. a vaguely specified concern
n. that which has mass and occupies space
n. a problem
n. (used with negation) having consequence"
means,"n. how a result is obtained or an end is achieved
n. an instrumentality for accomplishing some end
n. considerable capital (wealth or income)"
milk,"n. a white nutritious liquid secreted by mammals and used as food by human beings
n. produced by mammary glands of female mammals for feeding their young
n. a river that rises in the Rockies in northwestern Montana and flows eastward to become a tributary of the Missouri River
n. any of several nutritive milklike liquids"
mill,"n. Scottish philosopher who expounded Bentham's utilitarianism; father of John Stuart Mill (1773-1836)
n. English philosopher and economist remembered for his interpretations of empiricism and utilitarianism (1806-1873)
n. machinery that processes materials by grinding or crushing
v. move about in a confused manner"
millennial,a. relating to a millennium or span of a thousand years
move,"n. the act of deciding to do something
n. the act of changing your residence or place of business
n. (game) a player's turn to take some action permitted by the rules of the game
v. cause to move or shift into a new position or place, both in a concrete and in an abstract sense"
name,"n. a language unit by which a person or thing is known
n. a person's reputation
n. family based on male descent
n. a well-known or notable person"
nasty,"a. offensive or even (of persons) malicious
s. exasperatingly difficult to handle or circumvent"
newsroom,"n. the staff of a newspaper or the news department of a periodical
n. an office in which news is processed by a newspaper or news agency or television or radio station
n. a reading room (in a library or club) where newspapers and other periodicals can be read"
note,"n. a brief written record
n. a short personal letter
n. a notation representing the pitch and duration of a musical sound
n. a tone of voice that shows what the speaker is feeling"
occupation,"n. the principal activity in your life that you do to earn money
n. the control of a country by military forces of a foreign power
n. any activity that occupies a person's attention
n. the act of occupying or taking possession of a building"
odd,"a. not divisible by two
s. not easily explained
s. an indefinite quantity more than that specified
s. of the remaining member of a pair, of socks e.g."
one-size-fits-all,none
overhaul,"n. periodic maintenance on a car or machine
v. make repairs, renovations, revisions or adjustments to"
overlook,"n. a high place affording a good view
v. look past, fail to notice
v. watch over"
overturn,"n. an improbable and unexpected victory
v. turn from an upright or normal position
v. cause to overturn from an upright or normal position"
overwhelm,"v. overcome, as with emotions or perceptual stimuli
v. charge someone with too many tasks"
pack,"n. a complete collection of similar things
n. a convenient package or parcel (as of cigarettes or film)
n. a group of hunting animals
n. a cream that cleanses and tones the skin"
parallel,"n. (mathematics) one of a set of parallel geometric figures (parallel lines or planes)
v. be parallel to
v. make or place parallel to something
a. being everywhere equidistant and not intersecting"
put,"v. put into a certain place or abstract location
v. cause to be in a certain state; cause to be in a certain relation
v. attribute or give
v. cause (someone) to undergo something"
paper,"n. a material made of cellulose pulp derived mainly from wood or rags or certain grasses
n. a medium for written communication
n. a scholarly article describing the results of observations or stating hypotheses
v. cover with paper"
path,"n. a way especially designed for a particular use
n. an established line of travel or access
n. a line or route along which something travels or moves"
pick,"n. a small thin device (of metal or plastic or ivory) used to pluck a stringed instrument
n. a thin sharp implement used for removing unwanted material
n. a heavy iron tool with a wooden handle and a curved head that is pointed on both ends
n. a basketball maneuver; obstructing an opponent with one's body"
picture,"n. a visual representation (of an object or scene or person or abstraction) produced on a surface
n. a situation treated as an observable object
n. illustrations used to decorate or explain a text
n. a typical example of some state or quality"
piece,"n. a separate part of a whole
n. an item that is an instance of some type; 
n. an instance of some kind
n. an artistic or literary composition"
pluck,"n. the act of pulling and releasing a taut cord
v. pull or pull out sharply
v. pull lightly but sharply with a plucking motion
v. strip of feathers"
popular,"a. regarded with great favor, approval, or affection especially by the general public
s. carried on by or for the people (or citizens) at large
s. (of music or art) new and of general appeal (especially among young people)"
power,"n. possession of controlling influence
n. (physics) the rate of doing work; measured in watts (= joules/second)
n. one possessing or exercising power or influence or authority
v. supply the force or power for the functioning of"
practical,"a. concerned with actual use or practice
s. having or put to a practical purpose or use"
practice,"n. a customary way of operation or behavior
n. translating an idea into action
n. the exercise of a profession
n. knowledge of how something is usually done"
president,"n. an executive officer of a firm or corporation
n. the chief executive of a republic
n. the officer who presides at the meetings of an organization
n. the head administrative officer of a college or university"
principal,"n. the original amount of a debt on which interest is calculated
n. the educator who has executive authority for a school
n. capital as contrasted with the income derived from it
n. (criminal law) any person involved in a criminal offense, regardless of whether the person profits from such involvement"
proceed,"v. move ahead; travel onward in time or space
v. follow a certain course"
proceeds,"n the income or profit arising from such transactions as the sale of land or other property
v continue talking
v move ahead; travel onward in time or space
v follow a procedure or take a course
v follow a certain course
v continue a certain state, condition, or activity"
prosocial,none
prospect,"n. the possibility of future success
v. search for something desirable
v. explore for useful or valuable things or substances, such as minerals"
providing,"v give something useful or necessary to
v give what is desired or needed, especially support, food or sustenance
v determine (what is to happen in certain contingencies), especially by including a proviso condition or stipulation
v mount or put up
v make a possibility or provide opportunity for; permit to be attainable or cause to remain
v supply means of subsistence; earn a living
v take measures in preparation for"
publicly-traded,none
purchase,"n. the acquisition of something for payment
n. something acquired by purchase
n. a means of exerting influence or gaining advantage"
put-down,n. a crushing remark
quasi-,s. having some resemblance
rap,"n. a gentle blow
n. voluble conversation
n. genre of African-American music of the 1980s and 1990s in which rhyming lyrics are chanted to a musical accompaniment; several forms of rap have emerged
v. strike sharply"
recognize,"v. be fully aware or cognizant of
v. perceive to be the same
v. exhibit recognition for (an antigen or a substrate)
v. show approval or appreciation of"
recount,"n. an additional (usually a second) count; especially of the votes in a close election
v. count again"
refrain,"n. the part of a song where a soloist is joined by a group of singers
v. resist doing something"
rein,"n. one of a pair of long straps (usually connected to the bit or the headpiece) used to control a horse
n. any means of control
v. stop or slow up one's horse or oneself by or as if by pulling the reins
v. stop or check by or as if by a pull at the reins"
relate,"v. give an account of
v. be in a relationship with
v. have or establish a relationship to"
renewables,none
retreat,"n. (military) withdrawal of troops to a more favorable position to escape the enemy's superior forces or after a defeat
n. a place of privacy; a place affording peace and quiet
n. (military) a signal to begin a withdrawal from a dangerous position
n. (military) a bugle call signaling the lowering of the flag at sunset"
roughly,"r. with roughness or violence (`rough' is an informal variant for `roughly')
r. with rough motion as over a rough surface"
rule,"n. a principle or condition that customarily governs behavior
n. prescribed guide for conduct or action
n. (linguistics) a rule describing (or prescribing) a linguistic practice
n. the duration of a monarch's or government's power"
say,"n. the chance to speak
v. communicate or express nonverbally
v. utter aloud
v. state as one's opinion or judgement; declare"
scale,"n. an ordered reference standard
n. relative magnitude
n. the ratio between the size of something and a representation of it
n. a specialized leaf or bract that protects a bud or catkin"
school,"n. an educational institution
n. a building where young people receive education
n. the process of being formally educated at a school
n. a body of creative artists or writers or thinkers linked by a similar style or by similar teachers"
separate,"n. a garment that can be purchased separately and worn in combinations with other garments
v. act as a barrier between; stand between
v. force, take, or pull apart
v. divide into components or constituents"
share,"n. assets belonging to or due to or contributed by an individual person or group
n. any of the equal portions into which the capital stock of a corporation is divided and ownership of which is evidenced by a stock certificate
v. have in common
v. use jointly or in common"
shed,"n. an outbuilding with a single story; used for shelter or storage
v. get rid of
v. cast off hair, skin, horn, or feathers"
shortfall,n the property of being an amount by which something is less than expected or required
shoulder,"n. the part of the body between the neck and the upper arm
n. a cut of meat including the upper joint of the foreleg
n. a ball-and-socket joint between the head of the humerus and a cavity of the scapula
n. the part of a garment that covers or fits over the shoulder"
signal,"n. any nonverbal action or gesture that encodes a message
n. any incitement to action
n. an electric quantity (voltage or current or field strength) whose modulation represents coded information about the source from which it comes
s. notably out of the ordinary"
signature,"n. your name written in your own handwriting
n. a melody used to identify a performer or a dance band or radio/tv program
n. a sheet with several pages printed on it; it folds to page size and is bound with other signatures to form a book"
single-use,none
singular,"n. the form of a word that is used to denote a singleton
s. being a single and separate person or thing
a. composed of one member, set, or kind
a. grammatical number category referring to a single item or unit"
slot,"n. a position in a grammatical linguistic construction in which a variety of alternative units are interchangeable
n. a small slit (as for inserting a coin or depositing mail)
n. a position in a hierarchy or organization
n. the trail of an animal (especially a deer)"
slow,"v. become slow or slower
v. cause to proceed more slowly
a. not moving quickly; taking a comparatively long time
a. at a slow tempo"
snap,"n. a spell of cold weather
n. the noise produced by the rapid movement of a finger from the tip to the base of the thumb on the same hand
n. a sudden breaking
n. a fastener used on clothing; fastens with a snapping sound"
sole,"n. the underside of footwear or a golf club
n. lean flesh of any of several flatfish
n. the underside of the foot
n. right-eyed flatfish; many are valued as food; most common in warm seas especially European"
some,"a. quantifier; used with either mass nouns or plural count nouns to indicate an unspecified number or quantity
s. relatively much but unspecified in amount or extent
s. relatively many but unspecified in number
s. remarkable"
speak,"v. use language
v. make a characteristic or natural sound"
speech,"n. (language) communication by word of mouth
n. something spoken
n. the exchange of spoken words"
spring,"n. the season of growth
n. a metal elastic device that returns to its shape or position when pushed or pulled or pressed
n. a natural flow of ground water
n. a point at which water issues forth"
staff,"n. personnel who assist their superior in carrying out an assigned task
n. a strong rod or stick with a specialized utilitarian purpose
n. the body of teachers and administrators at a school
n. building material consisting of plaster and hair; used to cover external surfaces of temporary structure (as at an exposition) or for decoration"
stalk,"n. a slender or elongated structure that supports a plant or fungus or a plant part or plant organ
n. a hunt for game carried on by following it stealthily or waiting in ambush
n. the act of following prey stealthily
n. a stiff or threatening gait"
staple,"n. a natural fiber (raw cotton, wool, hemp, flax) that can be twisted to form yarn
n. a short U-shaped wire nail for securing cables
n. paper fastener consisting of a short length of U-shaped wire that can fasten papers together
v. secure or fasten with a staple or staples"
star,"n. (astronomy) a celestial body of hot gases that radiates energy derived from thermonuclear reactions in the interior
n. any celestial body visible (as a point of light) from the Earth at night
n. an actor who plays a principal role
n. a plane figure with 5 or more points; often used as an emblem"
stiff,"n. an ordinary man
s. not moving or operating freely
s. powerful
r. extremely"
still,"n. a static photograph (especially one taken from a movie and used for advertising purposes)
n. an apparatus used for the distillation of liquids; consists of a vessel in which a substance is vaporized by heat and a condenser where the vapor is condensed
v. lessen the intensity of or calm
v. make motionless"
story,n. a piece of fiction that narrates a chain of related events
straw,"n. plant fiber used e.g. for making baskets and hats or as fodder
n. a thin paper or plastic tube used to suck liquids into the mouth
v. cover or provide with or as if with straw
s. of a pale yellow color like straw; straw-colored"
string,"n. a lightweight cord
n. a tightly stretched cord of wire or gut, which makes sound when plucked, struck, or bowed
n. a sequentially ordered set of things or events or ideas in which each successive member is related to the preceding
n. a linear sequence of symbols (characters or words or phrases)"
stroller,"n someone who walks at a leisurely pace
n a small vehicle with four wheels in which a baby or child is pushed around"
suit,"n. a set of garments (usually including a jacket and trousers or skirt) for outerwear all of the same fabric and color
n. (slang) a businessman dressed in a business suit
n. a petition or appeal made to a person of superior status or rank
n. playing card in any of four sets of 13 cards in a pack; each set has its own symbol and color"
tick,"n. a metallic tapping sound
n. any of two families of small parasitic arachnids with barbed proboscis; feed on blood of warm-blooded animals
n. a light mattress
v. make a sound like a clock or a timer"
title,"n. a heading that names a statute or legislative bill; may give a brief summary of the matters it deals with
n. the name of a work of art or literary composition etc.
n. a general or descriptive heading for a section of a written work
n. an identifying appellation signifying status or function: e.g. `Mr.' or `General'"
toll,"n. a fee levied for the use of roads or bridges (used for maintenance)
v. ring slowly
v. charge a fee for using"
translate,"v. restate (words) from one language into another language
v. change from one form or medium into another
v. bring to a certain spiritual state
v. change the position of (figures or bodies) in space without rotation"
take,"n. the act of photographing a scene or part of a scene without interruption
v. carry out
v. require (time or space)
v. get into one's hands, take physically"
takeaway,"n. a concession made by a labor union to a company that is trying to lower its expenditures
n. the act of taking the ball or puck away from the team on the offense (as by the interception of a pass)"
thin,"v. lose thickness; become thin or thinner
v. make thin or thinner
a. of relatively small extent from one surface to the opposite or in cross section
a. lacking excess flesh"
thorny,s. bristling with perplexities
tint,v. color lightly
trial,"n. trying something to find out about it
n. (law) the determination of a person's innocence or guilt by due process of law
n. (sports) a preliminary competition to determine qualifications
n. an annoying or frustrating or catastrophic event"
tuck,"n. eatables (especially sweets)
n. (sports) a bodily position adopted in some sports (such as diving or skiing) in which the knees are bent and the thighs are drawn close to the chest
n. a narrow flattened pleat or fold that is stitched in place
v. fit snugly into"
turnover,n. a dish made by folding a piece of pastry over a filling
twist,"n. a jerky pulling movement
n. social dancing in which couples vigorously twist their hips and arms in time to the music; was popular in the 1960s
n. turning or twisting around (in place)
v. turn in the opposite direction"
underground,"n. a secret group organized to overthrow a government or occupation force
r. in or into hiding or secret operation
r. beneath the surface of the earth"
underline,v. draw a line or lines underneath to call attention to
voice,"n. the distinctive quality or pitch or condition of a person's speech
n. the sound made by the vibration of vocal folds modified by the resonance of the vocal tract
n. a sound suggestive of a vocal utterance
n. a means or agency by which something is expressed or communicated"
very,"s. precisely as stated
r. used as intensifiers; `real' is sometimes used informally for `really'; `rattling' is informal
r. precisely so"
vice,n. a specific form of evildoing
virtually,r. in essence or effect but not in fact
vision,"n. a vivid mental image
n. the perceptual experience of seeing
n. a religious or mystical experience of a supernatural appearance"
wage,n. something that remunerates
wake,"n. the wave that spreads behind a boat as it moves forward
n. a vigil held over a corpse the night before burial
v. be awake, be alert, be there
v. make aware of"
weather,"n. the atmospheric conditions that comprise the state of the atmosphere in terms of temperature and wind and clouds and precipitation
v. face and withstand with courage
v. cause to slope
v. sail to the windward of"
weigh-in,none
weight,"n. the vertical force exerted by a mass as a result of gravity
n. sports equipment used in calisthenic exercises and weightlifting; it is not attached to anything and is raised and lowered by use of the hands and arms
n. the relative importance granted to something
n. an artifact that is heavy"
white,"n. a member of the Caucasoid race
n. the quality or state of the achromatic color of greatest lightness (bearing the least resemblance to black)
n. United States jurist appointed chief justice of the United States Supreme Court in 1910 by President Taft; noted for his work on antitrust legislation (1845-1921)
n. Australian writer (1912-1990)"
whopping,r. extremely
wisdom,"n. accumulated knowledge or erudition or enlightenment
n. the trait of utilizing knowledge and experience with common sense and insight
n. ability to apply knowledge or experience or understanding or common sense and insight
n. the quality of being prudent and sensible"
around the clock,s. at all times
around the corner,none
at bottom,none
bang for your buck,none
be down to sb.,none
be hot stuff,none
be prone to sth.,none
be prone to do sth.,none
bed of roses,none
better off,none
bird of passage,none
boom and bust,none
boot camp,none
brain drain,none
buy into sth.,none
catch up,n. Alt. of Catsup
cling to sth.,none
come to terms with sth.,none
come under fire,none
be under fire,none
common good,none
crop up,none
dip in,none
dip into,none
drive back,none
far off,s very far away in space or time
file for sth.,none
for good,none
glass ceiling,none
go off,none
grapple with sth.,none
hail from,none
hail sb. as sth.,none
hail sth. as sth.,none
hand out,"n. an announcement distributed to members of the press in order to supplement or replace an oral presentation
n. giving money or food or clothing to a needy person"
hand sth. out,"n. an announcement distributed to members of the press in order to supplement or replace an oral presentation
n. giving money or food or clothing to a needy person"
have sth. down to an art,none
in that,none
kick back,n. a commercial bribe paid by a seller to a purchasing agent in order to induce the agent to enter into the transaction
lingua franca," The commercial language of the Levant, -- a mixture of
   the languages of the people of the region and of foreign traders."
make ends meet,none
make up for sth.,none
oceans of sth.,none
old hat,"s repeated too often; overfamiliar through overuse
s out of fashion"
on account of sth.,none
pick up,"n. a light truck with an open body and low sides and a tailboard
n. a warrant to take someone into custody
n. anything with restorative powers"
plug into,none
pop into one's mind,none
pour your heart out,none
quick fix,none
report card,none
rip off,n the act of stealing
rip sth. off,n the act of stealing
rolled into one,none
sb. in question,none
sth. in question,none
secondary school,none
security blanket,none
shrug off,none
shrug sth. off,none
shut down,n termination of operations
shut sth. down,n termination of operations
silver bullet,none
silver lining,none
sinking ship,none
sit on sb.,none
spin off,n a product made during the manufacture of something else
spin sth. off,n a product made during the manufacture of something else
stick it out,none
stick to sth.,none
in a rut,none
stuck in a rut,none
swine flu,none
tear away,n. a reckless and impetuous person
tear sb. away,n. a reckless and impetuous person
tease out,none
tease sth. out,none
the community,none
the cream of sth.,none
the home front,none
the letter of the law,none
thin out,none
to the core,none
touch on sth.,none
touch upon sth.,none
trade up,none
trade down,none
turn sth. on its head,none
up front,s. frank and honest
wage slave,none
wear off,none
weigh down,none
weigh sb. down,none
weigh in,none
work out,n the activity of exerting your muscles in various ways to keep fit
